date,hour,boro,street,fromst,tost,direction,vol,temperature_2m,precipitation
2023-11-15,20,Brooklyn,AVENUE J,East 80 Street,East 81 Street,EB,20,45.14,0.0
2023-11-15,21,Brooklyn,AVENUE J,East 80 Street,East 81 Street,EB,15,45.95,0.0
2023-11-15,21,Brooklyn,AVENUE J,East 80 Street,East 81 Street,EB,26,45.95,0.0
2023-11-15,21,Brooklyn,AVENUE J,East 80 Street,East 81 Street,EB,23,45.95,0.0
2023-11-15,21,Brooklyn,AVENUE J,East 80 Street,East 81 Street,EB,13,45.95,0.0
2023-11-15,22,Brooklyn,AVENUE J,East 80 Street,East 81 Street,EB,17,44.6,0.0
2023-11-15,22,Brooklyn,AVENUE J,East 80 Street,East 81 Street,EB,15,44.6,0.0
2023-11-15,22,Brooklyn,AVENUE J,East 80 Street,East 81 Street,EB,14,44.6,0.0
2023-11-15,22,Brooklyn,AVENUE J,East 80 Street,East 81 Street,EB,8,44.6,0.0
2023-11-15,23,Brooklyn,AVENUE J,East 80 Street,East 81 Street,EB,11,44.059998,0.0
2023-11-15,23,Brooklyn,AVENUE J,East 80 Street,East 81 Street,EB,12,44.059998,0.0
2023-11-15,23,Brooklyn,AVENUE J,East 80 Street,East 81 Street,EB,3,44.059998,0.0
2023-11-15,23,Brooklyn,AVENUE J,East 80 Street,East 81 Street,EB,9,44.059998,0.0
2023-11-16,0,Brooklyn,AVENUE J,East 80 Street,East 81 Street,EB,5,42.440002,0.0
2023-11-16,0,Brooklyn,AVENUE J,East 80 Street,East 81 Street,EB,3,42.440002,0.0
2023-11-16,0,Brooklyn,AVENUE J,East 80 Street,East 81 Street,EB,5,42.440002,0.0
2023-11-16,0,Brooklyn,AVENUE J,East 80 Street,East 81 Street,EB,6,42.440002,0.0
2023-11-16,1,Brooklyn,AVENUE J,East 80 Street,East 81 Street,EB,3,42.89,0.0
2023-11-16,1,Brooklyn,AVENUE J,East 80 Street,East 81 Street,EB,1,42.89,0.0
2023-11-16,1,Brooklyn,AVENUE J,East 80 Street,East 81 Street,EB,2,42.89,0.0
2023-11-16,1,Brooklyn,AVENUE J,East 80 Street,East 81 Street,EB,2,42.89,0.0
2023-11-16,2,Brooklyn,AVENUE J,East 80 Street,East 81 Street,EB,4,41.989998,0.0
2023-11-16,2,Brooklyn,AVENUE J,East 80 Street,East 81 Street,EB,2,41.989998,0.0
2023-11-16,2,Brooklyn,AVENUE J,East 80 Street,East 81 Street,EB,4,41.989998,0.0
2023-11-16,2,Brooklyn,AVENUE J,East 80 Street,East 81 Street,EB,1,41.989998,0.0
2023-11-16,3,Brooklyn,AVENUE J,East 80 Street,East 81 Street,EB,4,41.0,0.0
2023-11-16,3,Brooklyn,AVENUE J,East 80 Street,East 81 Street,EB,4,41.0,0.0
2023-11-16,3,Brooklyn,AVENUE J,East 80 Street,East 81 Street,EB,1,41.0,0.0
2023-11-16,3,Brooklyn,AVENUE J,East 80 Street,East 81 Street,EB,1,41.0,0.0
2023-11-16,4,Brooklyn,AVENUE J,East 80 Street,East 81 Street,EB,3,40.28,0.0
2023-11-16,4,Brooklyn,AVENUE J,East 80 Street,East 81 Street,EB,5,40.28,0.0
2023-11-16,4,Brooklyn,AVENUE J,East 80 Street,East 81 Street,EB,2,40.28,0.0
2023-11-16,4,Brooklyn,AVENUE J,East 80 Street,East 81 Street,EB,1,40.28,0.0
2023-11-16,5,Brooklyn,AVENUE J,East 80 Street,East 81 Street,EB,7,38.66,0.0
2023-11-16,5,Brooklyn,AVENUE J,East 80 Street,East 81 Street,EB,6,38.66,0.0
2023-11-16,5,Brooklyn,AVENUE J,East 80 Street,East 81 Street,EB,5,38.66,0.0
2023-11-16,5,Brooklyn,AVENUE J,East 80 Street,East 81 Street,EB,8,38.66,0.0
2023-11-16,6,Brooklyn,AVENUE J,East 80 Street,East 81 Street,EB,15,37.13,0.0
2023-11-16,6,Brooklyn,AVENUE J,East 80 Street,East 81 Street,EB,6,37.13,0.0
2023-11-16,6,Brooklyn,AVENUE J,East 80 Street,East 81 Street,EB,12,37.13,0.0
2023-11-16,6,Brooklyn,AVENUE J,East 80 Street,East 81 Street,EB,15,37.13,0.0
2023-11-16,7,Brooklyn,AVENUE J,East 80 Street,East 81 Street,EB,28,36.41,0.0
2023-11-16,7,Brooklyn,AVENUE J,East 80 Street,East 81 Street,EB,43,36.41,0.0
2023-11-16,7,Brooklyn,AVENUE J,East 80 Street,East 81 Street,EB,31,36.41,0.0
2023-11-16,7,Brooklyn,AVENUE J,East 80 Street,East 81 Street,EB,58,36.41,0.0
2023-11-16,8,Brooklyn,AVENUE J,East 80 Street,East 81 Street,EB,41,36.05,0.0
2023-11-16,8,Brooklyn,AVENUE J,East 80 Street,East 81 Street,EB,39,36.05,0.0
2023-11-16,8,Brooklyn,AVENUE J,East 80 Street,East 81 Street,EB,34,36.05,0.0
2023-11-16,8,Brooklyn,AVENUE J,East 80 Street,East 81 Street,EB,18,36.05,0.0
2023-11-16,9,Brooklyn,AVENUE J,East 80 Street,East 81 Street,EB,23,41.629997,0.0
2023-11-16,9,Brooklyn,AVENUE J,East 80 Street,East 81 Street,EB,28,41.629997,0.0
2023-11-16,9,Brooklyn,AVENUE J,East 80 Street,East 81 Street,EB,26,41.629997,0.0
2023-11-16,9,Brooklyn,AVENUE J,East 80 Street,East 81 Street,EB,30,41.629997,0.0
2023-11-16,10,Brooklyn,AVENUE J,East 80 Street,East 81 Street,EB,25,46.309998,0.0
2023-11-16,10,Brooklyn,AVENUE J,East 80 Street,East 81 Street,EB,16,46.309998,0.0
2023-11-16,10,Brooklyn,AVENUE J,East 80 Street,East 81 Street,EB,27,46.309998,0.0
2023-11-16,10,Brooklyn,AVENUE J,East 80 Street,East 81 Street,EB,24,46.309998,0.0
2023-11-16,11,Brooklyn,AVENUE J,East 80 Street,East 81 Street,EB,17,51.53,0.0
2023-11-16,11,Brooklyn,AVENUE J,East 80 Street,East 81 Street,EB,30,51.53,0.0
2023-11-16,11,Brooklyn,AVENUE J,East 80 Street,East 81 Street,EB,25,51.53,0.0
2023-11-16,11,Brooklyn,AVENUE J,East 80 Street,East 81 Street,EB,27,51.53,0.0
2023-11-16,12,Brooklyn,AVENUE J,East 80 Street,East 81 Street,EB,23,56.57,0.0
2023-11-16,12,Brooklyn,AVENUE J,East 80 Street,East 81 Street,EB,30,56.57,0.0
2023-11-16,12,Brooklyn,AVENUE J,East 80 Street,East 81 Street,EB,30,56.57,0.0
2023-11-16,12,Brooklyn,AVENUE J,East 80 Street,East 81 Street,EB,29,56.57,0.0
2023-11-16,13,Brooklyn,AVENUE J,East 80 Street,East 81 Street,EB,34,60.260002,0.0
2023-11-16,13,Brooklyn,AVENUE J,East 80 Street,East 81 Street,EB,39,60.260002,0.0
2023-11-16,13,Brooklyn,AVENUE J,East 80 Street,East 81 Street,EB,33,60.260002,0.0
2023-11-16,13,Brooklyn,AVENUE J,East 80 Street,East 81 Street,EB,32,60.260002,0.0
2023-11-16,14,Brooklyn,AVENUE J,East 80 Street,East 81 Street,EB,42,62.33,0.0
2023-11-16,14,Brooklyn,AVENUE J,East 80 Street,East 81 Street,EB,31,62.33,0.0
2023-11-16,14,Brooklyn,AVENUE J,East 80 Street,East 81 Street,EB,37,62.33,0.0
2023-11-16,14,Brooklyn,AVENUE J,East 80 Street,East 81 Street,EB,43,62.33,0.0
2023-11-16,15,Brooklyn,AVENUE J,East 80 Street,East 81 Street,EB,41,63.05,0.0
2023-11-16,15,Brooklyn,AVENUE J,East 80 Street,East 81 Street,EB,42,63.05,0.0
2023-11-16,15,Brooklyn,AVENUE J,East 80 Street,East 81 Street,EB,47,63.05,0.0
2023-11-16,15,Brooklyn,AVENUE J,East 80 Street,East 81 Street,EB,52,63.05,0.0
2023-11-16,16,Brooklyn,AVENUE J,East 80 Street,East 81 Street,EB,45,62.15,0.0
2023-11-16,16,Brooklyn,AVENUE J,East 80 Street,East 81 Street,EB,43,62.15,0.0
2023-11-16,16,Brooklyn,AVENUE J,East 80 Street,East 81 Street,EB,52,62.15,0.0
2023-11-16,16,Brooklyn,AVENUE J,East 80 Street,East 81 Street,EB,36,62.15,0.0
2023-11-16,17,Brooklyn,AVENUE J,East 80 Street,East 81 Street,EB,49,57.02,0.0
2023-11-16,17,Brooklyn,AVENUE J,East 80 Street,East 81 Street,EB,51,57.02,0.0
2023-11-16,17,Brooklyn,AVENUE J,East 80 Street,East 81 Street,EB,63,57.02,0.0
2023-11-16,17,Brooklyn,AVENUE J,East 80 Street,East 81 Street,EB,44,57.02,0.0
2023-11-16,18,Brooklyn,AVENUE J,East 80 Street,East 81 Street,EB,52,51.08,0.0
2023-11-16,18,Brooklyn,AVENUE J,East 80 Street,East 81 Street,EB,37,51.08,0.0
2023-11-16,18,Brooklyn,AVENUE J,East 80 Street,East 81 Street,EB,49,51.08,0.0
2023-11-16,18,Brooklyn,AVENUE J,East 80 Street,East 81 Street,EB,43,51.08,0.0
2023-11-16,19,Brooklyn,AVENUE J,East 80 Street,East 81 Street,EB,28,49.73,0.0
2023-11-16,19,Brooklyn,AVENUE J,East 80 Street,East 81 Street,EB,34,49.73,0.0
2023-11-16,19,Brooklyn,AVENUE J,East 80 Street,East 81 Street,EB,23,49.73,0.0
2023-11-16,19,Brooklyn,AVENUE J,East 80 Street,East 81 Street,EB,23,49.73,0.0
2023-11-16,20,Brooklyn,AVENUE J,East 80 Street,East 81 Street,EB,28,48.47,0.0
2023-11-16,20,Brooklyn,AVENUE J,East 80 Street,East 81 Street,EB,29,48.47,0.0
2023-11-16,20,Brooklyn,AVENUE J,East 80 Street,East 81 Street,EB,29,48.47,0.0
2023-11-16,20,Brooklyn,AVENUE J,East 80 Street,East 81 Street,EB,23,48.47,0.0
2023-11-16,21,Brooklyn,AVENUE J,East 80 Street,East 81 Street,EB,30,48.38,0.0
2023-11-16,21,Brooklyn,AVENUE J,East 80 Street,East 81 Street,EB,23,48.38,0.0
2023-11-16,21,Brooklyn,AVENUE J,East 80 Street,East 81 Street,EB,19,48.38,0.0
2023-11-16,21,Brooklyn,AVENUE J,East 80 Street,East 81 Street,EB,21,48.38,0.0
2023-11-16,22,Brooklyn,AVENUE J,East 80 Street,East 81 Street,EB,20,46.309998,0.0
2023-11-16,22,Brooklyn,AVENUE J,East 80 Street,East 81 Street,EB,11,46.309998,0.0
2023-11-16,22,Brooklyn,AVENUE J,East 80 Street,East 81 Street,EB,15,46.309998,0.0
2023-11-16,22,Brooklyn,AVENUE J,East 80 Street,East 81 Street,EB,14,46.309998,0.0
2021-11-29,11,Queens,HOLLIS AVENUE,Springfield Boulevard,218 Place,WB,28,40.190002,0.0
2021-11-29,11,Queens,HOLLIS AVENUE,Springfield Boulevard,218 Place,WB,32,40.190002,0.0
2021-11-29,11,Queens,HOLLIS AVENUE,Springfield Boulevard,218 Place,WB,31,40.190002,0.0
2021-11-29,11,Queens,HOLLIS AVENUE,Springfield Boulevard,218 Place,WB,37,40.190002,0.0
2021-11-29,12,Queens,HOLLIS AVENUE,Springfield Boulevard,218 Place,WB,36,41.54,0.0
2021-11-29,12,Queens,HOLLIS AVENUE,Springfield Boulevard,218 Place,WB,47,41.54,0.0
2021-11-29,12,Queens,HOLLIS AVENUE,Springfield Boulevard,218 Place,WB,36,41.54,0.0
2021-11-29,12,Queens,HOLLIS AVENUE,Springfield Boulevard,218 Place,WB,47,41.54,0.0
2021-11-29,13,Queens,HOLLIS AVENUE,Springfield Boulevard,218 Place,WB,45,41.9,0.0
2021-11-29,13,Queens,HOLLIS AVENUE,Springfield Boulevard,218 Place,WB,40,41.9,0.0
2021-11-29,13,Queens,HOLLIS AVENUE,Springfield Boulevard,218 Place,WB,46,41.9,0.0
2021-11-29,13,Queens,HOLLIS AVENUE,Springfield Boulevard,218 Place,WB,41,41.9,0.0
2021-11-29,14,Queens,HOLLIS AVENUE,Springfield Boulevard,218 Place,WB,39,42.08,0.003937008
2021-11-29,14,Queens,HOLLIS AVENUE,Springfield Boulevard,218 Place,WB,43,42.08,0.003937008
2021-11-29,14,Queens,HOLLIS AVENUE,Springfield Boulevard,218 Place,WB,48,42.08,0.003937008
2021-11-29,14,Queens,HOLLIS AVENUE,Springfield Boulevard,218 Place,WB,45,42.08,0.003937008
2021-11-29,15,Queens,HOLLIS AVENUE,Springfield Boulevard,218 Place,WB,75,42.620003,0.0
2021-11-29,15,Queens,HOLLIS AVENUE,Springfield Boulevard,218 Place,WB,70,42.620003,0.0
2021-11-29,15,Queens,HOLLIS AVENUE,Springfield Boulevard,218 Place,WB,102,42.620003,0.0
2021-11-29,15,Queens,HOLLIS AVENUE,Springfield Boulevard,218 Place,WB,81,42.620003,0.0
2021-11-29,16,Queens,HOLLIS AVENUE,Springfield Boulevard,218 Place,WB,54,42.260002,0.0
2021-11-29,16,Queens,HOLLIS AVENUE,Springfield Boulevard,218 Place,WB,60,42.260002,0.0
2021-11-29,16,Queens,HOLLIS AVENUE,Springfield Boulevard,218 Place,WB,64,42.260002,0.0
2021-11-29,16,Queens,HOLLIS AVENUE,Springfield Boulevard,218 Place,WB,62,42.260002,0.0
2021-11-29,17,Queens,HOLLIS AVENUE,Springfield Boulevard,218 Place,WB,57,40.64,0.0
2021-11-29,17,Queens,HOLLIS AVENUE,Springfield Boulevard,218 Place,WB,74,40.64,0.0
2021-11-29,17,Queens,HOLLIS AVENUE,Springfield Boulevard,218 Place,WB,63,40.64,0.0
2021-11-29,17,Queens,HOLLIS AVENUE,Springfield Boulevard,218 Place,WB,51,40.64,0.0
2021-11-29,18,Queens,HOLLIS AVENUE,Springfield Boulevard,218 Place,WB,72,37.94,0.0
2021-11-29,18,Queens,HOLLIS AVENUE,Springfield Boulevard,218 Place,WB,54,37.94,0.0
2021-11-29,18,Queens,HOLLIS AVENUE,Springfield Boulevard,218 Place,WB,73,37.94,0.0
2021-11-29,18,Queens,HOLLIS AVENUE,Springfield Boulevard,218 Place,WB,78,37.94,0.0
2021-11-29,19,Queens,HOLLIS AVENUE,Springfield Boulevard,218 Place,WB,48,36.14,0.0
2021-11-29,19,Queens,HOLLIS AVENUE,Springfield Boulevard,218 Place,WB,67,36.14,0.0
2021-11-29,19,Queens,HOLLIS AVENUE,Springfield Boulevard,218 Place,WB,39,36.14,0.0
2021-11-29,19,Queens,HOLLIS AVENUE,Springfield Boulevard,218 Place,WB,44,36.14,0.0
2021-11-29,20,Queens,HOLLIS AVENUE,Springfield Boulevard,218 Place,WB,53,34.07,0.0
2021-11-29,20,Queens,HOLLIS AVENUE,Springfield Boulevard,218 Place,WB,36,34.07,0.0
2021-11-29,20,Queens,HOLLIS AVENUE,Springfield Boulevard,218 Place,WB,60,34.07,0.0
2021-11-29,20,Queens,HOLLIS AVENUE,Springfield Boulevard,218 Place,WB,46,34.07,0.0
2021-11-29,21,Queens,HOLLIS AVENUE,Springfield Boulevard,218 Place,WB,36,32.99,0.0
2021-11-29,21,Queens,HOLLIS AVENUE,Springfield Boulevard,218 Place,WB,53,32.99,0.0
2021-11-29,21,Queens,HOLLIS AVENUE,Springfield Boulevard,218 Place,WB,26,32.99,0.0
2021-11-29,21,Queens,HOLLIS AVENUE,Springfield Boulevard,218 Place,WB,35,32.99,0.0
2021-11-29,22,Queens,HOLLIS AVENUE,Springfield Boulevard,218 Place,WB,30,31.64,0.0
2021-11-29,22,Queens,HOLLIS AVENUE,Springfield Boulevard,218 Place,WB,41,31.64,0.0
2021-11-29,22,Queens,HOLLIS AVENUE,Springfield Boulevard,218 Place,WB,30,31.64,0.0
2021-11-29,22,Queens,HOLLIS AVENUE,Springfield Boulevard,218 Place,WB,23,31.64,0.0
2021-11-29,23,Queens,HOLLIS AVENUE,Springfield Boulevard,218 Place,WB,30,30.65,0.0
2021-11-29,23,Queens,HOLLIS AVENUE,Springfield Boulevard,218 Place,WB,20,30.65,0.0
2021-11-29,23,Queens,HOLLIS AVENUE,Springfield Boulevard,218 Place,WB,27,30.65,0.0
2021-11-29,23,Queens,HOLLIS AVENUE,Springfield Boulevard,218 Place,WB,31,30.65,0.0
2021-11-30,0,Queens,HOLLIS AVENUE,Springfield Boulevard,218 Place,WB,21,30.47,0.0
2021-11-30,0,Queens,HOLLIS AVENUE,Springfield Boulevard,218 Place,WB,30,30.47,0.0
2021-11-30,0,Queens,HOLLIS AVENUE,Springfield Boulevard,218 Place,WB,31,30.47,0.0
2021-11-30,0,Queens,HOLLIS AVENUE,Springfield Boulevard,218 Place,WB,18,30.47,0.0
2021-11-30,1,Queens,HOLLIS AVENUE,Springfield Boulevard,218 Place,WB,23,29.75,0.0
2021-11-30,1,Queens,HOLLIS AVENUE,Springfield Boulevard,218 Place,WB,14,29.75,0.0
2021-11-30,1,Queens,HOLLIS AVENUE,Springfield Boulevard,218 Place,WB,12,29.75,0.0
2021-11-30,1,Queens,HOLLIS AVENUE,Springfield Boulevard,218 Place,WB,14,29.75,0.0
2021-11-30,2,Queens,HOLLIS AVENUE,Springfield Boulevard,218 Place,WB,11,29.48,0.0
2021-11-30,2,Queens,HOLLIS AVENUE,Springfield Boulevard,218 Place,WB,6,29.48,0.0
2021-11-30,2,Queens,HOLLIS AVENUE,Springfield Boulevard,218 Place,WB,9,29.48,0.0
2021-11-30,2,Queens,HOLLIS AVENUE,Springfield Boulevard,218 Place,WB,6,29.48,0.0
2021-11-30,3,Queens,HOLLIS AVENUE,Springfield Boulevard,218 Place,WB,9,29.21,0.0
2021-11-30,3,Queens,HOLLIS AVENUE,Springfield Boulevard,218 Place,WB,10,29.21,0.0
2021-11-30,3,Queens,HOLLIS AVENUE,Springfield Boulevard,218 Place,WB,7,29.21,0.0
2021-11-30,3,Queens,HOLLIS AVENUE,Springfield Boulevard,218 Place,WB,6,29.21,0.0
2021-11-30,4,Queens,HOLLIS AVENUE,Springfield Boulevard,218 Place,WB,1,28.76,0.0
2021-11-30,4,Queens,HOLLIS AVENUE,Springfield Boulevard,218 Place,WB,5,28.76,0.0
2021-11-30,4,Queens,HOLLIS AVENUE,Springfield Boulevard,218 Place,WB,6,28.76,0.0
2021-11-30,4,Queens,HOLLIS AVENUE,Springfield Boulevard,218 Place,WB,3,28.76,0.0
2021-11-30,5,Queens,HOLLIS AVENUE,Springfield Boulevard,218 Place,WB,5,27.68,0.0
2021-11-30,5,Queens,HOLLIS AVENUE,Springfield Boulevard,218 Place,WB,5,27.68,0.0
2021-11-30,5,Queens,HOLLIS AVENUE,Springfield Boulevard,218 Place,WB,8,27.68,0.0
2021-11-30,5,Queens,HOLLIS AVENUE,Springfield Boulevard,218 Place,WB,5,27.68,0.0
2021-11-30,6,Queens,HOLLIS AVENUE,Springfield Boulevard,218 Place,WB,10,27.95,0.0
2021-11-30,6,Queens,HOLLIS AVENUE,Springfield Boulevard,218 Place,WB,5,27.95,0.0
2021-11-30,6,Queens,HOLLIS AVENUE,Springfield Boulevard,218 Place,WB,15,27.95,0.0
2021-11-30,6,Queens,HOLLIS AVENUE,Springfield Boulevard,218 Place,WB,11,27.95,0.0
2021-11-30,7,Queens,HOLLIS AVENUE,Springfield Boulevard,218 Place,WB,12,27.5,0.0
2021-11-30,7,Queens,HOLLIS AVENUE,Springfield Boulevard,218 Place,WB,23,27.5,0.0
2021-11-30,7,Queens,HOLLIS AVENUE,Springfield Boulevard,218 Place,WB,35,27.5,0.0
2021-11-30,7,Queens,HOLLIS AVENUE,Springfield Boulevard,218 Place,WB,51,27.5,0.0
2021-11-30,8,Queens,HOLLIS AVENUE,Springfield Boulevard,218 Place,WB,48,31.55,0.0
2021-11-30,8,Queens,HOLLIS AVENUE,Springfield Boulevard,218 Place,WB,51,31.55,0.0
2021-11-30,8,Queens,HOLLIS AVENUE,Springfield Boulevard,218 Place,WB,70,31.55,0.0
2021-11-30,8,Queens,HOLLIS AVENUE,Springfield Boulevard,218 Place,WB,67,31.55,0.0
2021-11-30,9,Queens,HOLLIS AVENUE,Springfield Boulevard,218 Place,WB,88,32.99,0.0
2021-11-30,9,Queens,HOLLIS AVENUE,Springfield Boulevard,218 Place,WB,91,32.99,0.0
2021-11-30,9,Queens,HOLLIS AVENUE,Springfield Boulevard,218 Place,WB,60,32.99,0.0
2021-11-30,9,Queens,HOLLIS AVENUE,Springfield Boulevard,218 Place,WB,55,32.99,0.0
2021-11-30,10,Queens,HOLLIS AVENUE,Springfield Boulevard,218 Place,WB,37,34.34,0.0
2021-11-30,10,Queens,HOLLIS AVENUE,Springfield Boulevard,218 Place,WB,44,34.34,0.0
2021-11-30,10,Queens,HOLLIS AVENUE,Springfield Boulevard,218 Place,WB,42,34.34,0.0
2021-11-30,10,Queens,HOLLIS AVENUE,Springfield Boulevard,218 Place,WB,27,34.34,0.0
2021-11-30,11,Queens,HOLLIS AVENUE,Springfield Boulevard,218 Place,WB,30,36.41,0.0
2021-11-30,11,Queens,HOLLIS AVENUE,Springfield Boulevard,218 Place,WB,29,36.41,0.0
2021-11-30,11,Queens,HOLLIS AVENUE,Springfield Boulevard,218 Place,WB,25,36.41,0.0
2021-11-30,11,Queens,HOLLIS AVENUE,Springfield Boulevard,218 Place,WB,48,36.41,0.0
2021-11-30,12,Queens,HOLLIS AVENUE,Springfield Boulevard,218 Place,WB,31,39.29,0.0
2021-11-30,12,Queens,HOLLIS AVENUE,Springfield Boulevard,218 Place,WB,41,39.29,0.0
2021-11-30,12,Queens,HOLLIS AVENUE,Springfield Boulevard,218 Place,WB,47,39.29,0.0
2021-11-30,12,Queens,HOLLIS AVENUE,Springfield Boulevard,218 Place,WB,49,39.29,0.0
2021-11-30,13,Queens,HOLLIS AVENUE,Springfield Boulevard,218 Place,WB,48,40.73,0.0
2023-10-17,18,Manhattan,EAST 58 STREET,Ed Koch Queensboro Bridge Appr,2 Avenue,NB,549,58.46,0.0
2023-10-17,18,Manhattan,EAST 58 STREET,Ed Koch Queensboro Bridge Appr,2 Avenue,NB,501,58.46,0.0
2023-10-17,18,Manhattan,EAST 58 STREET,Ed Koch Queensboro Bridge Appr,2 Avenue,NB,524,58.46,0.0
2023-10-17,19,Manhattan,EAST 58 STREET,Ed Koch Queensboro Bridge Appr,2 Avenue,NB,569,55.58,0.0
2023-10-17,19,Manhattan,EAST 58 STREET,Ed Koch Queensboro Bridge Appr,2 Avenue,NB,516,55.58,0.0
2023-10-17,19,Manhattan,EAST 58 STREET,Ed Koch Queensboro Bridge Appr,2 Avenue,NB,545,55.58,0.0
2023-10-17,19,Manhattan,EAST 58 STREET,Ed Koch Queensboro Bridge Appr,2 Avenue,NB,495,55.58,0.0
2023-10-17,20,Manhattan,EAST 58 STREET,Ed Koch Queensboro Bridge Appr,2 Avenue,NB,450,54.32,0.0
2023-10-17,20,Manhattan,EAST 58 STREET,Ed Koch Queensboro Bridge Appr,2 Avenue,NB,385,54.32,0.0
2023-10-17,20,Manhattan,EAST 58 STREET,Ed Koch Queensboro Bridge Appr,2 Avenue,NB,319,54.32,0.0
2023-10-17,20,Manhattan,EAST 58 STREET,Ed Koch Queensboro Bridge Appr,2 Avenue,NB,279,54.32,0.0
2023-10-17,21,Manhattan,EAST 58 STREET,Ed Koch Queensboro Bridge Appr,2 Avenue,NB,351,52.61,0.0
2023-10-17,21,Manhattan,EAST 58 STREET,Ed Koch Queensboro Bridge Appr,2 Avenue,NB,326,52.61,0.0
2023-10-17,21,Manhattan,EAST 58 STREET,Ed Koch Queensboro Bridge Appr,2 Avenue,NB,267,52.61,0.0
2023-10-17,21,Manhattan,EAST 58 STREET,Ed Koch Queensboro Bridge Appr,2 Avenue,NB,295,52.61,0.0
2023-10-17,22,Manhattan,EAST 58 STREET,Ed Koch Queensboro Bridge Appr,2 Avenue,NB,334,50.99,0.0
2023-10-17,22,Manhattan,EAST 58 STREET,Ed Koch Queensboro Bridge Appr,2 Avenue,NB,291,50.99,0.0
2023-10-17,22,Manhattan,EAST 58 STREET,Ed Koch Queensboro Bridge Appr,2 Avenue,NB,339,50.99,0.0
2023-10-17,22,Manhattan,EAST 58 STREET,Ed Koch Queensboro Bridge Appr,2 Avenue,NB,350,50.99,0.0
2023-10-17,23,Manhattan,EAST 58 STREET,Ed Koch Queensboro Bridge Appr,2 Avenue,NB,344,49.73,0.0
2023-10-17,23,Manhattan,EAST 58 STREET,Ed Koch Queensboro Bridge Appr,2 Avenue,NB,185,49.73,0.0
2023-10-17,23,Manhattan,EAST 58 STREET,Ed Koch Queensboro Bridge Appr,2 Avenue,NB,167,49.73,0.0
2023-10-17,23,Manhattan,EAST 58 STREET,Ed Koch Queensboro Bridge Appr,2 Avenue,NB,301,49.73,0.0
2023-06-24,15,Brooklyn,SUTTER AVENUE,South Conduit Avenue,Dead end,WB,123,76.369995,0.007874016
2023-06-24,16,Brooklyn,SUTTER AVENUE,South Conduit Avenue,Dead end,WB,123,74.66,0.0
2023-06-24,16,Brooklyn,SUTTER AVENUE,South Conduit Avenue,Dead end,WB,122,74.66,0.0
2023-06-24,16,Brooklyn,SUTTER AVENUE,South Conduit Avenue,Dead end,WB,108,74.66,0.0
2023-06-24,16,Brooklyn,SUTTER AVENUE,South Conduit Avenue,Dead end,WB,155,74.66,0.0
2023-06-24,17,Brooklyn,SUTTER AVENUE,South Conduit Avenue,Dead end,WB,127,73.4,0.0
2023-06-24,17,Brooklyn,SUTTER AVENUE,South Conduit Avenue,Dead end,WB,106,73.4,0.0
2023-06-24,17,Brooklyn,SUTTER AVENUE,South Conduit Avenue,Dead end,WB,106,73.4,0.0
2023-06-24,17,Brooklyn,SUTTER AVENUE,South Conduit Avenue,Dead end,WB,118,73.4,0.0
2023-06-24,18,Brooklyn,SUTTER AVENUE,South Conduit Avenue,Dead end,WB,97,71.69,0.003937008
2023-06-24,18,Brooklyn,SUTTER AVENUE,South Conduit Avenue,Dead end,WB,95,71.69,0.003937008
2023-06-24,18,Brooklyn,SUTTER AVENUE,South Conduit Avenue,Dead end,WB,113,71.69,0.003937008
2023-06-24,18,Brooklyn,SUTTER AVENUE,South Conduit Avenue,Dead end,WB,106,71.69,0.003937008
2023-06-24,19,Brooklyn,SUTTER AVENUE,South Conduit Avenue,Dead end,WB,106,73.49,0.0
2023-06-24,19,Brooklyn,SUTTER AVENUE,South Conduit Avenue,Dead end,WB,109,73.49,0.0
2023-06-24,19,Brooklyn,SUTTER AVENUE,South Conduit Avenue,Dead end,WB,130,73.49,0.0
2023-06-24,19,Brooklyn,SUTTER AVENUE,South Conduit Avenue,Dead end,WB,101,73.49,0.0
2023-06-24,20,Brooklyn,SUTTER AVENUE,South Conduit Avenue,Dead end,WB,106,70.07,0.0
2023-06-24,20,Brooklyn,SUTTER AVENUE,South Conduit Avenue,Dead end,WB,106,70.07,0.0
2023-06-24,20,Brooklyn,SUTTER AVENUE,South Conduit Avenue,Dead end,WB,106,70.07,0.0
2023-06-24,20,Brooklyn,SUTTER AVENUE,South Conduit Avenue,Dead end,WB,93,70.07,0.0
2023-06-24,21,Brooklyn,SUTTER AVENUE,South Conduit Avenue,Dead end,WB,103,69.44,0.0
2023-06-24,21,Brooklyn,SUTTER AVENUE,South Conduit Avenue,Dead end,WB,90,69.44,0.0
2023-06-24,21,Brooklyn,SUTTER AVENUE,South Conduit Avenue,Dead end,WB,93,69.44,0.0
2023-06-24,21,Brooklyn,SUTTER AVENUE,South Conduit Avenue,Dead end,WB,84,69.44,0.0
2023-06-24,22,Brooklyn,SUTTER AVENUE,South Conduit Avenue,Dead end,WB,76,69.98,0.0
2023-06-24,22,Brooklyn,SUTTER AVENUE,South Conduit Avenue,Dead end,WB,92,69.98,0.0
2023-06-24,22,Brooklyn,SUTTER AVENUE,South Conduit Avenue,Dead end,WB,84,69.98,0.0
2023-06-24,22,Brooklyn,SUTTER AVENUE,South Conduit Avenue,Dead end,WB,85,69.98,0.0
2023-06-24,23,Brooklyn,SUTTER AVENUE,South Conduit Avenue,Dead end,WB,103,70.34,0.0
2023-06-24,23,Brooklyn,SUTTER AVENUE,South Conduit Avenue,Dead end,WB,82,70.34,0.0
2023-06-24,23,Brooklyn,SUTTER AVENUE,South Conduit Avenue,Dead end,WB,74,70.34,0.0
2023-06-24,23,Brooklyn,SUTTER AVENUE,South Conduit Avenue,Dead end,WB,75,70.34,0.0
2023-06-25,0,Brooklyn,SUTTER AVENUE,South Conduit Avenue,Dead end,WB,67,70.34,0.0
2023-06-25,0,Brooklyn,SUTTER AVENUE,South Conduit Avenue,Dead end,WB,56,70.34,0.0
2023-06-25,0,Brooklyn,SUTTER AVENUE,South Conduit Avenue,Dead end,WB,60,70.34,0.0
2023-06-25,0,Brooklyn,SUTTER AVENUE,South Conduit Avenue,Dead end,WB,46,70.34,0.0
2023-06-25,1,Brooklyn,SUTTER AVENUE,South Conduit Avenue,Dead end,WB,48,69.71,0.0
2023-06-25,1,Brooklyn,SUTTER AVENUE,South Conduit Avenue,Dead end,WB,37,69.71,0.0
2023-06-25,1,Brooklyn,SUTTER AVENUE,South Conduit Avenue,Dead end,WB,44,69.71,0.0
2023-06-25,1,Brooklyn,SUTTER AVENUE,South Conduit Avenue,Dead end,WB,39,69.71,0.0
2023-06-25,2,Brooklyn,SUTTER AVENUE,South Conduit Avenue,Dead end,WB,53,69.53,0.0
2023-06-25,2,Brooklyn,SUTTER AVENUE,South Conduit Avenue,Dead end,WB,40,69.53,0.0
2023-06-25,2,Brooklyn,SUTTER AVENUE,South Conduit Avenue,Dead end,WB,30,69.53,0.0
2023-06-25,2,Brooklyn,SUTTER AVENUE,South Conduit Avenue,Dead end,WB,26,69.53,0.0
2023-06-25,3,Brooklyn,SUTTER AVENUE,South Conduit Avenue,Dead end,WB,29,68.45,0.0
2023-06-25,3,Brooklyn,SUTTER AVENUE,South Conduit Avenue,Dead end,WB,39,68.45,0.0
2023-06-25,3,Brooklyn,SUTTER AVENUE,South Conduit Avenue,Dead end,WB,25,68.45,0.0
2023-06-25,3,Brooklyn,SUTTER AVENUE,South Conduit Avenue,Dead end,WB,34,68.45,0.0
2023-06-25,4,Brooklyn,SUTTER AVENUE,South Conduit Avenue,Dead end,WB,38,67.46,0.0
2023-06-25,4,Brooklyn,SUTTER AVENUE,South Conduit Avenue,Dead end,WB,26,67.46,0.0
2023-06-25,4,Brooklyn,SUTTER AVENUE,South Conduit Avenue,Dead end,WB,43,67.46,0.0
2023-06-25,4,Brooklyn,SUTTER AVENUE,South Conduit Avenue,Dead end,WB,33,67.46,0.0
2023-06-25,5,Brooklyn,SUTTER AVENUE,South Conduit Avenue,Dead end,WB,26,66.56,0.0
2023-06-25,5,Brooklyn,SUTTER AVENUE,South Conduit Avenue,Dead end,WB,32,66.56,0.0
2023-06-25,5,Brooklyn,SUTTER AVENUE,South Conduit Avenue,Dead end,WB,44,66.56,0.0
2023-06-25,5,Brooklyn,SUTTER AVENUE,South Conduit Avenue,Dead end,WB,33,66.56,0.0
2023-06-25,6,Brooklyn,SUTTER AVENUE,South Conduit Avenue,Dead end,WB,30,67.1,0.0
2023-06-25,6,Brooklyn,SUTTER AVENUE,South Conduit Avenue,Dead end,WB,42,67.1,0.0
2023-06-25,6,Brooklyn,SUTTER AVENUE,South Conduit Avenue,Dead end,WB,57,67.1,0.0
2023-06-25,6,Brooklyn,SUTTER AVENUE,South Conduit Avenue,Dead end,WB,44,67.1,0.0
2023-06-25,7,Brooklyn,SUTTER AVENUE,South Conduit Avenue,Dead end,WB,38,69.53,0.0
2023-06-25,7,Brooklyn,SUTTER AVENUE,South Conduit Avenue,Dead end,WB,41,69.53,0.0
2023-06-25,7,Brooklyn,SUTTER AVENUE,South Conduit Avenue,Dead end,WB,45,69.53,0.0
2023-06-25,7,Brooklyn,SUTTER AVENUE,South Conduit Avenue,Dead end,WB,50,69.53,0.0
2023-06-25,8,Brooklyn,SUTTER AVENUE,South Conduit Avenue,Dead end,WB,56,72.41,0.0
2023-06-25,8,Brooklyn,SUTTER AVENUE,South Conduit Avenue,Dead end,WB,44,72.41,0.0
2023-06-25,8,Brooklyn,SUTTER AVENUE,South Conduit Avenue,Dead end,WB,46,72.41,0.0
2023-06-25,8,Brooklyn,SUTTER AVENUE,South Conduit Avenue,Dead end,WB,65,72.41,0.0
2023-06-25,9,Brooklyn,SUTTER AVENUE,South Conduit Avenue,Dead end,WB,58,75.2,0.0
2023-06-25,9,Brooklyn,SUTTER AVENUE,South Conduit Avenue,Dead end,WB,53,75.2,0.0
2023-06-25,9,Brooklyn,SUTTER AVENUE,South Conduit Avenue,Dead end,WB,74,75.2,0.0
2023-06-25,9,Brooklyn,SUTTER AVENUE,South Conduit Avenue,Dead end,WB,68,75.2,0.0
2023-06-25,10,Brooklyn,SUTTER AVENUE,South Conduit Avenue,Dead end,WB,82,78.26,0.0
2023-06-25,10,Brooklyn,SUTTER AVENUE,South Conduit Avenue,Dead end,WB,66,78.26,0.0
2023-06-25,10,Brooklyn,SUTTER AVENUE,South Conduit Avenue,Dead end,WB,78,78.26,0.0
2023-06-25,10,Brooklyn,SUTTER AVENUE,South Conduit Avenue,Dead end,WB,86,78.26,0.0
2023-06-25,11,Brooklyn,SUTTER AVENUE,South Conduit Avenue,Dead end,WB,94,80.96,0.0
2023-06-25,11,Brooklyn,SUTTER AVENUE,South Conduit Avenue,Dead end,WB,79,80.96,0.0
2023-06-25,11,Brooklyn,SUTTER AVENUE,South Conduit Avenue,Dead end,WB,97,80.96,0.0
2023-06-25,11,Brooklyn,SUTTER AVENUE,South Conduit Avenue,Dead end,WB,104,80.96,0.0
2023-06-25,12,Brooklyn,SUTTER AVENUE,South Conduit Avenue,Dead end,WB,105,82.67,0.0
2023-06-25,12,Brooklyn,SUTTER AVENUE,South Conduit Avenue,Dead end,WB,101,82.67,0.0
2023-06-25,12,Brooklyn,SUTTER AVENUE,South Conduit Avenue,Dead end,WB,119,82.67,0.0
2023-06-25,12,Brooklyn,SUTTER AVENUE,South Conduit Avenue,Dead end,WB,123,82.67,0.0
2023-06-25,13,Brooklyn,SUTTER AVENUE,South Conduit Avenue,Dead end,WB,108,82.31,0.0
2023-06-25,13,Brooklyn,SUTTER AVENUE,South Conduit Avenue,Dead end,WB,135,82.31,0.0
2023-06-25,13,Brooklyn,SUTTER AVENUE,South Conduit Avenue,Dead end,WB,112,82.31,0.0
2023-06-25,13,Brooklyn,SUTTER AVENUE,South Conduit Avenue,Dead end,WB,123,82.31,0.0
2023-06-25,14,Brooklyn,SUTTER AVENUE,South Conduit Avenue,Dead end,WB,129,79.97,0.09055118
2023-06-25,14,Brooklyn,SUTTER AVENUE,South Conduit Avenue,Dead end,WB,132,79.97,0.09055118
2023-06-25,14,Brooklyn,SUTTER AVENUE,South Conduit Avenue,Dead end,WB,144,79.97,0.09055118
2023-06-25,14,Brooklyn,SUTTER AVENUE,South Conduit Avenue,Dead end,WB,117,79.97,0.09055118
2023-06-25,15,Brooklyn,SUTTER AVENUE,South Conduit Avenue,Dead end,WB,142,78.17,0.0
2023-06-25,15,Brooklyn,SUTTER AVENUE,South Conduit Avenue,Dead end,WB,146,78.17,0.0
2023-06-25,15,Brooklyn,SUTTER AVENUE,South Conduit Avenue,Dead end,WB,134,78.17,0.0
2023-06-25,15,Brooklyn,SUTTER AVENUE,South Conduit Avenue,Dead end,WB,122,78.17,0.0
2023-06-25,16,Brooklyn,SUTTER AVENUE,South Conduit Avenue,Dead end,WB,118,75.65,0.0
2023-06-25,16,Brooklyn,SUTTER AVENUE,South Conduit Avenue,Dead end,WB,130,75.65,0.0
2023-06-25,16,Brooklyn,SUTTER AVENUE,South Conduit Avenue,Dead end,WB,113,75.65,0.0
2023-06-25,16,Brooklyn,SUTTER AVENUE,South Conduit Avenue,Dead end,WB,121,75.65,0.0
2023-06-25,17,Brooklyn,SUTTER AVENUE,South Conduit Avenue,Dead end,WB,113,76.01,0.0
2023-06-25,17,Brooklyn,SUTTER AVENUE,South Conduit Avenue,Dead end,WB,101,76.01,0.0
2023-06-25,17,Brooklyn,SUTTER AVENUE,South Conduit Avenue,Dead end,WB,89,76.01,0.0
2023-06-25,17,Brooklyn,SUTTER AVENUE,South Conduit Avenue,Dead end,WB,97,76.01,0.0
2021-04-15,11,Queens,CENTRAL AVENUE,Dead End,Virginia Street,EB,72,54.14,0.031496063
2021-04-15,12,Queens,CENTRAL AVENUE,Dead End,Virginia Street,EB,68,52.88,0.05905512
2021-04-15,12,Queens,CENTRAL AVENUE,Dead End,Virginia Street,EB,78,52.88,0.05905512
2021-04-15,12,Queens,CENTRAL AVENUE,Dead End,Virginia Street,EB,66,52.88,0.05905512
2021-04-15,12,Queens,CENTRAL AVENUE,Dead End,Virginia Street,EB,60,52.88,0.05905512
2021-04-15,13,Queens,CENTRAL AVENUE,Dead End,Virginia Street,EB,67,50.9,0.05511811
2021-04-15,13,Queens,CENTRAL AVENUE,Dead End,Virginia Street,EB,67,50.9,0.05511811
2021-04-15,13,Queens,CENTRAL AVENUE,Dead End,Virginia Street,EB,58,50.9,0.05511811
2021-04-15,13,Queens,CENTRAL AVENUE,Dead End,Virginia Street,EB,62,50.9,0.05511811
2021-04-15,14,Queens,CENTRAL AVENUE,Dead End,Virginia Street,EB,68,51.53,0.07480315
2021-04-15,14,Queens,CENTRAL AVENUE,Dead End,Virginia Street,EB,85,51.53,0.07480315
2021-04-15,14,Queens,CENTRAL AVENUE,Dead End,Virginia Street,EB,89,51.53,0.07480315
2021-04-15,14,Queens,CENTRAL AVENUE,Dead End,Virginia Street,EB,76,51.53,0.07480315
2021-04-15,15,Queens,CENTRAL AVENUE,Dead End,Virginia Street,EB,90,51.35,0.07874016
2021-04-15,15,Queens,CENTRAL AVENUE,Dead End,Virginia Street,EB,60,51.35,0.07874016
2021-04-15,15,Queens,CENTRAL AVENUE,Dead End,Virginia Street,EB,93,51.35,0.07874016
2021-04-15,15,Queens,CENTRAL AVENUE,Dead End,Virginia Street,EB,75,51.35,0.07874016
2021-04-15,16,Queens,CENTRAL AVENUE,Dead End,Virginia Street,EB,80,51.440002,0.08661418
2021-04-15,16,Queens,CENTRAL AVENUE,Dead End,Virginia Street,EB,61,51.440002,0.08661418
2021-04-15,16,Queens,CENTRAL AVENUE,Dead End,Virginia Street,EB,64,51.440002,0.08661418
2021-04-15,16,Queens,CENTRAL AVENUE,Dead End,Virginia Street,EB,66,51.440002,0.08661418
2021-04-15,17,Queens,CENTRAL AVENUE,Dead End,Virginia Street,EB,66,51.35,0.14173228
2021-04-15,17,Queens,CENTRAL AVENUE,Dead End,Virginia Street,EB,73,51.35,0.14173228
2021-04-15,17,Queens,CENTRAL AVENUE,Dead End,Virginia Street,EB,74,51.35,0.14173228
2021-04-15,17,Queens,CENTRAL AVENUE,Dead End,Virginia Street,EB,63,51.35,0.14173228
2021-04-15,18,Queens,CENTRAL AVENUE,Dead End,Virginia Street,EB,74,51.08,0.06692914
2021-04-15,18,Queens,CENTRAL AVENUE,Dead End,Virginia Street,EB,67,51.08,0.06692914
2021-04-15,18,Queens,CENTRAL AVENUE,Dead End,Virginia Street,EB,49,51.08,0.06692914
2021-04-15,18,Queens,CENTRAL AVENUE,Dead End,Virginia Street,EB,0,51.08,0.06692914
2021-04-15,19,Queens,CENTRAL AVENUE,Dead End,Virginia Street,EB,52,50.72,0.03937008
2021-04-15,19,Queens,CENTRAL AVENUE,Dead End,Virginia Street,EB,67,50.72,0.03937008
2021-04-15,19,Queens,CENTRAL AVENUE,Dead End,Virginia Street,EB,42,50.72,0.03937008
2021-04-15,19,Queens,CENTRAL AVENUE,Dead End,Virginia Street,EB,9,50.72,0.03937008
2021-04-15,20,Queens,CENTRAL AVENUE,Dead End,Virginia Street,EB,58,48.29,0.01968504
2021-04-15,20,Queens,CENTRAL AVENUE,Dead End,Virginia Street,EB,42,48.29,0.01968504
2021-04-15,20,Queens,CENTRAL AVENUE,Dead End,Virginia Street,EB,51,48.29,0.01968504
2021-04-15,20,Queens,CENTRAL AVENUE,Dead End,Virginia Street,EB,31,48.29,0.01968504
2021-04-15,21,Queens,CENTRAL AVENUE,Dead End,Virginia Street,EB,34,48.11,0.003937008
2021-04-15,21,Queens,CENTRAL AVENUE,Dead End,Virginia Street,EB,35,48.11,0.003937008
2021-04-15,21,Queens,CENTRAL AVENUE,Dead End,Virginia Street,EB,32,48.11,0.003937008
2021-04-15,21,Queens,CENTRAL AVENUE,Dead End,Virginia Street,EB,35,48.11,0.003937008
2021-04-15,22,Queens,CENTRAL AVENUE,Dead End,Virginia Street,EB,35,47.03,0.0
2021-04-15,22,Queens,CENTRAL AVENUE,Dead End,Virginia Street,EB,38,47.03,0.0
2021-04-15,22,Queens,CENTRAL AVENUE,Dead End,Virginia Street,EB,30,47.03,0.0
2021-04-15,22,Queens,CENTRAL AVENUE,Dead End,Virginia Street,EB,25,47.03,0.0
2021-04-15,23,Queens,CENTRAL AVENUE,Dead End,Virginia Street,EB,31,45.77,0.0
2021-04-15,23,Queens,CENTRAL AVENUE,Dead End,Virginia Street,EB,21,45.77,0.0
2021-04-15,23,Queens,CENTRAL AVENUE,Dead End,Virginia Street,EB,24,45.77,0.0
2021-04-15,23,Queens,CENTRAL AVENUE,Dead End,Virginia Street,EB,9,45.77,0.0
2021-04-16,0,Queens,CENTRAL AVENUE,Dead End,Virginia Street,EB,14,44.87,0.0
2021-04-16,0,Queens,CENTRAL AVENUE,Dead End,Virginia Street,EB,11,44.87,0.0
2021-04-16,0,Queens,CENTRAL AVENUE,Dead End,Virginia Street,EB,5,44.87,0.0
2021-04-16,0,Queens,CENTRAL AVENUE,Dead End,Virginia Street,EB,4,44.87,0.0
2021-04-16,1,Queens,CENTRAL AVENUE,Dead End,Virginia Street,EB,9,42.89,0.0
2021-04-16,1,Queens,CENTRAL AVENUE,Dead End,Virginia Street,EB,6,42.89,0.0
2021-04-16,1,Queens,CENTRAL AVENUE,Dead End,Virginia Street,EB,6,42.89,0.0
2021-04-16,1,Queens,CENTRAL AVENUE,Dead End,Virginia Street,EB,5,42.89,0.0
2021-04-16,2,Queens,CENTRAL AVENUE,Dead End,Virginia Street,EB,2,41.629997,0.0
2021-04-16,2,Queens,CENTRAL AVENUE,Dead End,Virginia Street,EB,2,41.629997,0.0
2021-04-16,2,Queens,CENTRAL AVENUE,Dead End,Virginia Street,EB,6,41.629997,0.0
2021-04-16,2,Queens,CENTRAL AVENUE,Dead End,Virginia Street,EB,3,41.629997,0.0
2021-04-16,3,Queens,CENTRAL AVENUE,Dead End,Virginia Street,EB,2,41.629997,0.0
2021-04-16,3,Queens,CENTRAL AVENUE,Dead End,Virginia Street,EB,6,41.629997,0.0
2021-04-16,3,Queens,CENTRAL AVENUE,Dead End,Virginia Street,EB,5,41.629997,0.0
2021-04-16,3,Queens,CENTRAL AVENUE,Dead End,Virginia Street,EB,7,41.629997,0.0
2021-04-16,4,Queens,CENTRAL AVENUE,Dead End,Virginia Street,EB,3,41.09,0.0
2021-04-16,4,Queens,CENTRAL AVENUE,Dead End,Virginia Street,EB,7,41.09,0.0
2021-04-16,4,Queens,CENTRAL AVENUE,Dead End,Virginia Street,EB,13,41.09,0.0
2021-04-16,4,Queens,CENTRAL AVENUE,Dead End,Virginia Street,EB,15,41.09,0.0
2021-04-16,5,Queens,CENTRAL AVENUE,Dead End,Virginia Street,EB,13,40.010002,0.0
2021-04-16,5,Queens,CENTRAL AVENUE,Dead End,Virginia Street,EB,14,40.010002,0.0
2021-04-16,5,Queens,CENTRAL AVENUE,Dead End,Virginia Street,EB,28,40.010002,0.0
2021-04-16,5,Queens,CENTRAL AVENUE,Dead End,Virginia Street,EB,22,40.010002,0.0
2021-04-16,6,Queens,CENTRAL AVENUE,Dead End,Virginia Street,EB,24,39.29,0.0
2021-04-16,6,Queens,CENTRAL AVENUE,Dead End,Virginia Street,EB,39,39.29,0.0
2021-04-16,6,Queens,CENTRAL AVENUE,Dead End,Virginia Street,EB,44,39.29,0.0
2021-04-16,6,Queens,CENTRAL AVENUE,Dead End,Virginia Street,EB,70,39.29,0.0
2021-04-16,7,Queens,CENTRAL AVENUE,Dead End,Virginia Street,EB,61,39.829998,0.0
2021-04-16,7,Queens,CENTRAL AVENUE,Dead End,Virginia Street,EB,75,39.829998,0.0
2021-04-16,7,Queens,CENTRAL AVENUE,Dead End,Virginia Street,EB,71,39.829998,0.0
2021-04-16,7,Queens,CENTRAL AVENUE,Dead End,Virginia Street,EB,77,39.829998,0.0
2021-04-16,8,Queens,CENTRAL AVENUE,Dead End,Virginia Street,EB,66,43.16,0.0
2021-04-16,8,Queens,CENTRAL AVENUE,Dead End,Virginia Street,EB,69,43.16,0.0
2021-04-16,8,Queens,CENTRAL AVENUE,Dead End,Virginia Street,EB,88,43.16,0.0
2021-04-16,8,Queens,CENTRAL AVENUE,Dead End,Virginia Street,EB,84,43.16,0.0
2021-04-16,9,Queens,CENTRAL AVENUE,Dead End,Virginia Street,EB,75,45.5,0.0
2021-04-16,9,Queens,CENTRAL AVENUE,Dead End,Virginia Street,EB,90,45.5,0.0
2021-04-16,9,Queens,CENTRAL AVENUE,Dead End,Virginia Street,EB,70,45.5,0.0
2021-04-16,9,Queens,CENTRAL AVENUE,Dead End,Virginia Street,EB,66,45.5,0.0
2021-04-16,10,Queens,CENTRAL AVENUE,Dead End,Virginia Street,EB,83,47.57,0.0
2021-04-16,10,Queens,CENTRAL AVENUE,Dead End,Virginia Street,EB,83,47.57,0.0
2021-04-16,10,Queens,CENTRAL AVENUE,Dead End,Virginia Street,EB,67,47.57,0.0
2021-04-16,10,Queens,CENTRAL AVENUE,Dead End,Virginia Street,EB,71,47.57,0.0
2021-04-16,11,Queens,CENTRAL AVENUE,Dead End,Virginia Street,EB,81,49.46,0.0
2021-04-16,11,Queens,CENTRAL AVENUE,Dead End,Virginia Street,EB,86,49.46,0.0
2021-04-16,11,Queens,CENTRAL AVENUE,Dead End,Virginia Street,EB,75,49.46,0.0
2021-04-16,11,Queens,CENTRAL AVENUE,Dead End,Virginia Street,EB,83,49.46,0.0
2021-04-16,12,Queens,CENTRAL AVENUE,Dead End,Virginia Street,EB,69,50.72,0.0
2021-04-16,12,Queens,CENTRAL AVENUE,Dead End,Virginia Street,EB,75,50.72,0.0
2021-04-16,12,Queens,CENTRAL AVENUE,Dead End,Virginia Street,EB,61,50.72,0.0
2021-04-16,12,Queens,CENTRAL AVENUE,Dead End,Virginia Street,EB,79,50.72,0.0
2021-04-16,13,Queens,CENTRAL AVENUE,Dead End,Virginia Street,EB,63,51.08,0.0
2021-04-16,13,Queens,CENTRAL AVENUE,Dead End,Virginia Street,EB,59,51.08,0.0
2021-04-16,13,Queens,CENTRAL AVENUE,Dead End,Virginia Street,EB,82,51.08,0.0
2021-04-16,13,Queens,CENTRAL AVENUE,Dead End,Virginia Street,EB,62,51.08,0.0
2023-08-02,0,Brooklyn,BAY STREET,Clinton Street,Court Street,WB,4,64.67,0.0
2023-08-02,0,Brooklyn,BAY STREET,Clinton Street,Court Street,WB,6,64.67,0.0
2023-08-02,0,Brooklyn,BAY STREET,Clinton Street,Court Street,WB,7,64.67,0.0
2023-08-02,1,Brooklyn,BAY STREET,Clinton Street,Court Street,WB,6,63.14,0.0
2023-08-02,1,Brooklyn,BAY STREET,Clinton Street,Court Street,WB,3,63.14,0.0
2023-08-02,1,Brooklyn,BAY STREET,Clinton Street,Court Street,WB,3,63.14,0.0
2023-08-02,1,Brooklyn,BAY STREET,Clinton Street,Court Street,WB,5,63.14,0.0
2023-08-02,2,Brooklyn,BAY STREET,Clinton Street,Court Street,WB,2,61.969997,0.0
2023-08-02,2,Brooklyn,BAY STREET,Clinton Street,Court Street,WB,3,61.969997,0.0
2023-08-02,2,Brooklyn,BAY STREET,Clinton Street,Court Street,WB,3,61.969997,0.0
2023-08-02,2,Brooklyn,BAY STREET,Clinton Street,Court Street,WB,2,61.969997,0.0
2023-08-02,3,Brooklyn,BAY STREET,Clinton Street,Court Street,WB,3,60.89,0.0
2023-08-02,3,Brooklyn,BAY STREET,Clinton Street,Court Street,WB,6,60.89,0.0
2023-08-02,3,Brooklyn,BAY STREET,Clinton Street,Court Street,WB,4,60.89,0.0
2023-08-02,3,Brooklyn,BAY STREET,Clinton Street,Court Street,WB,3,60.89,0.0
2023-08-02,4,Brooklyn,BAY STREET,Clinton Street,Court Street,WB,2,59.989998,0.0
2023-08-02,4,Brooklyn,BAY STREET,Clinton Street,Court Street,WB,0,59.989998,0.0
2023-08-02,4,Brooklyn,BAY STREET,Clinton Street,Court Street,WB,8,59.989998,0.0
2023-08-02,4,Brooklyn,BAY STREET,Clinton Street,Court Street,WB,7,59.989998,0.0
2023-08-02,5,Brooklyn,BAY STREET,Clinton Street,Court Street,WB,9,59.09,0.0
2023-08-02,5,Brooklyn,BAY STREET,Clinton Street,Court Street,WB,15,59.09,0.0
2023-08-02,5,Brooklyn,BAY STREET,Clinton Street,Court Street,WB,10,59.09,0.0
2023-08-02,5,Brooklyn,BAY STREET,Clinton Street,Court Street,WB,21,59.09,0.0
2023-08-02,6,Brooklyn,BAY STREET,Clinton Street,Court Street,WB,21,58.55,0.0
2023-08-02,6,Brooklyn,BAY STREET,Clinton Street,Court Street,WB,19,58.55,0.0
2023-08-02,6,Brooklyn,BAY STREET,Clinton Street,Court Street,WB,25,58.55,0.0
2023-08-02,6,Brooklyn,BAY STREET,Clinton Street,Court Street,WB,24,58.55,0.0
2023-08-02,7,Brooklyn,BAY STREET,Clinton Street,Court Street,WB,24,60.62,0.0
2023-08-02,7,Brooklyn,BAY STREET,Clinton Street,Court Street,WB,23,60.62,0.0
2023-08-02,7,Brooklyn,BAY STREET,Clinton Street,Court Street,WB,32,60.62,0.0
2023-08-02,7,Brooklyn,BAY STREET,Clinton Street,Court Street,WB,17,60.62,0.0
2023-08-02,8,Brooklyn,BAY STREET,Clinton Street,Court Street,WB,27,64.85,0.0
2023-08-02,8,Brooklyn,BAY STREET,Clinton Street,Court Street,WB,40,64.85,0.0
2023-08-02,8,Brooklyn,BAY STREET,Clinton Street,Court Street,WB,41,64.85,0.0
2023-08-02,8,Brooklyn,BAY STREET,Clinton Street,Court Street,WB,43,64.85,0.0
2023-08-02,9,Brooklyn,BAY STREET,Clinton Street,Court Street,WB,30,69.53,0.0
2023-08-02,9,Brooklyn,BAY STREET,Clinton Street,Court Street,WB,41,69.53,0.0
2023-08-02,9,Brooklyn,BAY STREET,Clinton Street,Court Street,WB,27,69.53,0.0
2023-08-02,9,Brooklyn,BAY STREET,Clinton Street,Court Street,WB,41,69.53,0.0
2023-08-02,10,Brooklyn,BAY STREET,Clinton Street,Court Street,WB,35,72.59,0.0
2023-08-02,10,Brooklyn,BAY STREET,Clinton Street,Court Street,WB,37,72.59,0.0
2023-08-02,10,Brooklyn,BAY STREET,Clinton Street,Court Street,WB,36,72.59,0.0
2023-08-02,10,Brooklyn,BAY STREET,Clinton Street,Court Street,WB,37,72.59,0.0
2023-08-02,11,Brooklyn,BAY STREET,Clinton Street,Court Street,WB,32,74.39,0.0
2023-08-02,11,Brooklyn,BAY STREET,Clinton Street,Court Street,WB,28,74.39,0.0
2023-08-02,11,Brooklyn,BAY STREET,Clinton Street,Court Street,WB,26,74.39,0.0
2023-08-02,11,Brooklyn,BAY STREET,Clinton Street,Court Street,WB,33,74.39,0.0
2023-08-02,12,Brooklyn,BAY STREET,Clinton Street,Court Street,WB,35,76.46,0.0
2023-08-02,12,Brooklyn,BAY STREET,Clinton Street,Court Street,WB,26,76.46,0.0
2023-08-02,12,Brooklyn,BAY STREET,Clinton Street,Court Street,WB,35,76.46,0.0
2023-08-02,12,Brooklyn,BAY STREET,Clinton Street,Court Street,WB,36,76.46,0.0
2023-08-02,13,Brooklyn,BAY STREET,Clinton Street,Court Street,WB,34,77.630005,0.0
2023-08-02,13,Brooklyn,BAY STREET,Clinton Street,Court Street,WB,41,77.630005,0.0
2023-08-02,13,Brooklyn,BAY STREET,Clinton Street,Court Street,WB,36,77.630005,0.0
2023-08-02,13,Brooklyn,BAY STREET,Clinton Street,Court Street,WB,35,77.630005,0.0
2023-08-02,14,Brooklyn,BAY STREET,Clinton Street,Court Street,WB,28,79.25,0.0
2023-08-02,14,Brooklyn,BAY STREET,Clinton Street,Court Street,WB,50,79.25,0.0
2023-08-02,14,Brooklyn,BAY STREET,Clinton Street,Court Street,WB,38,79.25,0.0
2023-08-02,14,Brooklyn,BAY STREET,Clinton Street,Court Street,WB,32,79.25,0.0
2023-08-02,15,Brooklyn,BAY STREET,Clinton Street,Court Street,WB,47,80.78,0.0
2023-08-02,15,Brooklyn,BAY STREET,Clinton Street,Court Street,WB,42,80.78,0.0
2023-08-02,15,Brooklyn,BAY STREET,Clinton Street,Court Street,WB,37,80.78,0.0
2023-08-02,15,Brooklyn,BAY STREET,Clinton Street,Court Street,WB,44,80.78,0.0
2023-08-02,16,Brooklyn,BAY STREET,Clinton Street,Court Street,WB,55,80.78,0.0
2023-08-02,16,Brooklyn,BAY STREET,Clinton Street,Court Street,WB,29,80.78,0.0
2023-08-02,16,Brooklyn,BAY STREET,Clinton Street,Court Street,WB,42,80.78,0.0
2023-08-02,16,Brooklyn,BAY STREET,Clinton Street,Court Street,WB,39,80.78,0.0
2023-08-02,17,Brooklyn,BAY STREET,Clinton Street,Court Street,WB,35,78.89,0.0
2023-08-02,17,Brooklyn,BAY STREET,Clinton Street,Court Street,WB,28,78.89,0.0
2023-08-02,17,Brooklyn,BAY STREET,Clinton Street,Court Street,WB,41,78.89,0.0
2023-08-02,17,Brooklyn,BAY STREET,Clinton Street,Court Street,WB,31,78.89,0.0
2023-08-02,18,Brooklyn,BAY STREET,Clinton Street,Court Street,WB,27,75.2,0.0
2023-08-02,18,Brooklyn,BAY STREET,Clinton Street,Court Street,WB,34,75.2,0.0
2023-08-02,18,Brooklyn,BAY STREET,Clinton Street,Court Street,WB,43,75.2,0.0
2023-08-02,18,Brooklyn,BAY STREET,Clinton Street,Court Street,WB,37,75.2,0.0
2023-08-02,19,Brooklyn,BAY STREET,Clinton Street,Court Street,WB,31,72.77,0.0
2023-08-02,19,Brooklyn,BAY STREET,Clinton Street,Court Street,WB,38,72.77,0.0
2023-08-02,19,Brooklyn,BAY STREET,Clinton Street,Court Street,WB,28,72.77,0.0
2023-08-02,19,Brooklyn,BAY STREET,Clinton Street,Court Street,WB,38,72.77,0.0
2023-08-02,20,Brooklyn,BAY STREET,Clinton Street,Court Street,WB,29,71.06,0.0
2023-08-02,20,Brooklyn,BAY STREET,Clinton Street,Court Street,WB,17,71.06,0.0
2023-08-02,20,Brooklyn,BAY STREET,Clinton Street,Court Street,WB,14,71.06,0.0
2023-08-02,20,Brooklyn,BAY STREET,Clinton Street,Court Street,WB,9,71.06,0.0
2023-08-02,21,Brooklyn,BAY STREET,Clinton Street,Court Street,WB,11,69.71,0.0
2023-08-02,21,Brooklyn,BAY STREET,Clinton Street,Court Street,WB,6,69.71,0.0
2023-08-02,21,Brooklyn,BAY STREET,Clinton Street,Court Street,WB,4,69.71,0.0
2023-08-02,21,Brooklyn,BAY STREET,Clinton Street,Court Street,WB,5,69.71,0.0
2023-08-02,22,Brooklyn,BAY STREET,Clinton Street,Court Street,WB,8,68.630005,0.0
2023-08-02,22,Brooklyn,BAY STREET,Clinton Street,Court Street,WB,5,68.630005,0.0
2023-08-02,22,Brooklyn,BAY STREET,Clinton Street,Court Street,WB,2,68.630005,0.0
2023-08-02,22,Brooklyn,BAY STREET,Clinton Street,Court Street,WB,5,68.630005,0.0
2023-08-02,23,Brooklyn,BAY STREET,Clinton Street,Court Street,WB,3,67.28,0.0
2023-08-02,23,Brooklyn,BAY STREET,Clinton Street,Court Street,WB,4,67.28,0.0
2023-08-02,23,Brooklyn,BAY STREET,Clinton Street,Court Street,WB,4,67.28,0.0
2023-08-02,23,Brooklyn,BAY STREET,Clinton Street,Court Street,WB,3,67.28,0.0
2023-08-03,0,Brooklyn,BAY STREET,Clinton Street,Court Street,WB,3,66.02,0.0
2023-08-03,0,Brooklyn,BAY STREET,Clinton Street,Court Street,WB,1,66.02,0.0
2023-08-03,0,Brooklyn,BAY STREET,Clinton Street,Court Street,WB,2,66.02,0.0
2023-08-03,0,Brooklyn,BAY STREET,Clinton Street,Court Street,WB,7,66.02,0.0
2023-08-03,1,Brooklyn,BAY STREET,Clinton Street,Court Street,WB,1,64.67,0.0
2023-08-03,1,Brooklyn,BAY STREET,Clinton Street,Court Street,WB,4,64.67,0.0
2023-08-03,1,Brooklyn,BAY STREET,Clinton Street,Court Street,WB,5,64.67,0.0
2023-08-03,1,Brooklyn,BAY STREET,Clinton Street,Court Street,WB,3,64.67,0.0
2023-08-03,2,Brooklyn,BAY STREET,Clinton Street,Court Street,WB,0,63.769997,0.0
2023-08-03,2,Brooklyn,BAY STREET,Clinton Street,Court Street,WB,1,63.769997,0.0
2024-06-06,2,Queens,NORTHERN BOULEVARD,69 Street,70 Street,WB,33,66.83,0.07480315
2024-06-06,2,Queens,NORTHERN BOULEVARD,69 Street,70 Street,WB,22,66.83,0.07480315
2024-06-06,2,Queens,NORTHERN BOULEVARD,69 Street,70 Street,WB,24,66.83,0.07480315
2024-06-06,3,Queens,NORTHERN BOULEVARD,69 Street,70 Street,WB,38,67.28,0.098425195
2024-06-06,3,Queens,NORTHERN BOULEVARD,69 Street,70 Street,WB,26,67.28,0.098425195
2024-06-06,3,Queens,NORTHERN BOULEVARD,69 Street,70 Street,WB,29,67.28,0.098425195
2024-06-06,3,Queens,NORTHERN BOULEVARD,69 Street,70 Street,WB,37,67.28,0.098425195
2024-06-06,4,Queens,NORTHERN BOULEVARD,69 Street,70 Street,WB,37,68.0,0.3385827
2024-06-06,4,Queens,NORTHERN BOULEVARD,69 Street,70 Street,WB,37,68.0,0.3385827
2024-06-06,4,Queens,NORTHERN BOULEVARD,69 Street,70 Street,WB,38,68.0,0.3385827
2024-06-06,4,Queens,NORTHERN BOULEVARD,69 Street,70 Street,WB,47,68.0,0.3385827
2024-06-06,5,Queens,NORTHERN BOULEVARD,69 Street,70 Street,WB,89,69.26,0.18110237
2024-06-06,5,Queens,NORTHERN BOULEVARD,69 Street,70 Street,WB,112,69.26,0.18110237
2024-06-06,5,Queens,NORTHERN BOULEVARD,69 Street,70 Street,WB,159,69.26,0.18110237
2024-06-06,5,Queens,NORTHERN BOULEVARD,69 Street,70 Street,WB,138,69.26,0.18110237
2024-06-06,6,Queens,NORTHERN BOULEVARD,69 Street,70 Street,WB,186,68.09,0.007874016
2024-06-06,6,Queens,NORTHERN BOULEVARD,69 Street,70 Street,WB,157,68.09,0.007874016
2024-06-06,6,Queens,NORTHERN BOULEVARD,69 Street,70 Street,WB,201,68.09,0.007874016
2024-06-06,6,Queens,NORTHERN BOULEVARD,69 Street,70 Street,WB,171,68.09,0.007874016
2024-06-06,7,Queens,NORTHERN BOULEVARD,69 Street,70 Street,WB,163,68.72,0.0
2024-06-06,7,Queens,NORTHERN BOULEVARD,69 Street,70 Street,WB,164,68.72,0.0
2024-06-06,7,Queens,NORTHERN BOULEVARD,69 Street,70 Street,WB,190,68.72,0.0
2024-06-06,7,Queens,NORTHERN BOULEVARD,69 Street,70 Street,WB,176,68.72,0.0
2024-06-06,8,Queens,NORTHERN BOULEVARD,69 Street,70 Street,WB,203,70.7,0.0
2024-06-06,8,Queens,NORTHERN BOULEVARD,69 Street,70 Street,WB,178,70.7,0.0
2024-06-06,8,Queens,NORTHERN BOULEVARD,69 Street,70 Street,WB,175,70.7,0.0
2024-06-06,8,Queens,NORTHERN BOULEVARD,69 Street,70 Street,WB,162,70.7,0.0
2024-06-06,9,Queens,NORTHERN BOULEVARD,69 Street,70 Street,WB,154,75.47,0.0118110245
2024-06-06,9,Queens,NORTHERN BOULEVARD,69 Street,70 Street,WB,156,75.47,0.0118110245
2024-06-06,9,Queens,NORTHERN BOULEVARD,69 Street,70 Street,WB,163,75.47,0.0118110245
2024-06-06,9,Queens,NORTHERN BOULEVARD,69 Street,70 Street,WB,152,75.47,0.0118110245
2024-06-06,10,Queens,NORTHERN BOULEVARD,69 Street,70 Street,WB,141,78.17,0.003937008
2024-06-06,10,Queens,NORTHERN BOULEVARD,69 Street,70 Street,WB,135,78.17,0.003937008
2024-06-06,10,Queens,NORTHERN BOULEVARD,69 Street,70 Street,WB,128,78.17,0.003937008
2024-06-06,10,Queens,NORTHERN BOULEVARD,69 Street,70 Street,WB,150,78.17,0.003937008
2024-06-06,11,Queens,NORTHERN BOULEVARD,69 Street,70 Street,WB,123,80.33,0.003937008
2024-06-06,11,Queens,NORTHERN BOULEVARD,69 Street,70 Street,WB,145,80.33,0.003937008
2024-06-06,11,Queens,NORTHERN BOULEVARD,69 Street,70 Street,WB,122,80.33,0.003937008
2024-06-06,11,Queens,NORTHERN BOULEVARD,69 Street,70 Street,WB,145,80.33,0.003937008
2024-06-06,12,Queens,NORTHERN BOULEVARD,69 Street,70 Street,WB,139,81.41,0.003937008
2024-06-06,12,Queens,NORTHERN BOULEVARD,69 Street,70 Street,WB,141,81.41,0.003937008
2024-06-06,12,Queens,NORTHERN BOULEVARD,69 Street,70 Street,WB,146,81.41,0.003937008
2024-06-06,12,Queens,NORTHERN BOULEVARD,69 Street,70 Street,WB,139,81.41,0.003937008
2024-06-06,13,Queens,NORTHERN BOULEVARD,69 Street,70 Street,WB,133,80.96,0.007874016
2024-06-06,13,Queens,NORTHERN BOULEVARD,69 Street,70 Street,WB,149,80.96,0.007874016
2024-06-06,13,Queens,NORTHERN BOULEVARD,69 Street,70 Street,WB,127,80.96,0.007874016
2024-06-06,13,Queens,NORTHERN BOULEVARD,69 Street,70 Street,WB,127,80.96,0.007874016
2024-06-06,14,Queens,NORTHERN BOULEVARD,69 Street,70 Street,WB,142,77.18,0.027559055
2024-06-06,14,Queens,NORTHERN BOULEVARD,69 Street,70 Street,WB,158,77.18,0.027559055
2024-06-06,14,Queens,NORTHERN BOULEVARD,69 Street,70 Street,WB,150,77.18,0.027559055
2024-06-06,14,Queens,NORTHERN BOULEVARD,69 Street,70 Street,WB,150,77.18,0.027559055
2024-06-06,15,Queens,NORTHERN BOULEVARD,69 Street,70 Street,WB,158,78.98,0.08661418
2024-06-06,15,Queens,NORTHERN BOULEVARD,69 Street,70 Street,WB,151,78.98,0.08661418
2024-06-06,15,Queens,NORTHERN BOULEVARD,69 Street,70 Street,WB,138,78.98,0.08661418
2024-06-06,15,Queens,NORTHERN BOULEVARD,69 Street,70 Street,WB,139,78.98,0.08661418
2024-06-06,16,Queens,NORTHERN BOULEVARD,69 Street,70 Street,WB,146,75.02,0.098425195
2024-06-06,16,Queens,NORTHERN BOULEVARD,69 Street,70 Street,WB,132,75.02,0.098425195
2024-06-06,16,Queens,NORTHERN BOULEVARD,69 Street,70 Street,WB,158,75.02,0.098425195
2024-06-06,16,Queens,NORTHERN BOULEVARD,69 Street,70 Street,WB,139,75.02,0.098425195
2024-06-06,17,Queens,NORTHERN BOULEVARD,69 Street,70 Street,WB,141,75.92,0.007874016
2024-06-06,17,Queens,NORTHERN BOULEVARD,69 Street,70 Street,WB,163,75.92,0.007874016
2024-06-06,17,Queens,NORTHERN BOULEVARD,69 Street,70 Street,WB,149,75.92,0.007874016
2024-06-06,17,Queens,NORTHERN BOULEVARD,69 Street,70 Street,WB,140,75.92,0.007874016
2024-06-06,18,Queens,NORTHERN BOULEVARD,69 Street,70 Street,WB,145,77.18,0.0
2024-06-06,18,Queens,NORTHERN BOULEVARD,69 Street,70 Street,WB,142,77.18,0.0
2024-06-06,18,Queens,NORTHERN BOULEVARD,69 Street,70 Street,WB,155,77.18,0.0
2024-06-06,18,Queens,NORTHERN BOULEVARD,69 Street,70 Street,WB,142,77.18,0.0
2024-06-06,19,Queens,NORTHERN BOULEVARD,69 Street,70 Street,WB,135,77.81,0.0
2024-06-06,19,Queens,NORTHERN BOULEVARD,69 Street,70 Street,WB,125,77.81,0.0
2024-06-06,19,Queens,NORTHERN BOULEVARD,69 Street,70 Street,WB,152,77.81,0.0
2024-06-06,19,Queens,NORTHERN BOULEVARD,69 Street,70 Street,WB,138,77.81,0.0
2024-06-06,20,Queens,NORTHERN BOULEVARD,69 Street,70 Street,WB,154,77.09,0.0
2024-06-06,20,Queens,NORTHERN BOULEVARD,69 Street,70 Street,WB,131,77.09,0.0
2024-06-06,20,Queens,NORTHERN BOULEVARD,69 Street,70 Street,WB,99,77.09,0.0
2024-06-06,20,Queens,NORTHERN BOULEVARD,69 Street,70 Street,WB,106,77.09,0.0
2024-06-06,21,Queens,NORTHERN BOULEVARD,69 Street,70 Street,WB,121,74.3,0.0
2024-06-06,21,Queens,NORTHERN BOULEVARD,69 Street,70 Street,WB,122,74.3,0.0
2024-06-06,21,Queens,NORTHERN BOULEVARD,69 Street,70 Street,WB,86,74.3,0.0
2024-06-06,21,Queens,NORTHERN BOULEVARD,69 Street,70 Street,WB,100,74.3,0.0
2024-06-06,22,Queens,NORTHERN BOULEVARD,69 Street,70 Street,WB,97,72.14,0.003937008
2024-06-06,22,Queens,NORTHERN BOULEVARD,69 Street,70 Street,WB,105,72.14,0.003937008
2024-06-06,22,Queens,NORTHERN BOULEVARD,69 Street,70 Street,WB,78,72.14,0.003937008
2024-06-06,22,Queens,NORTHERN BOULEVARD,69 Street,70 Street,WB,82,72.14,0.003937008
2024-06-06,23,Queens,NORTHERN BOULEVARD,69 Street,70 Street,WB,74,71.15,0.003937008
2024-06-06,23,Queens,NORTHERN BOULEVARD,69 Street,70 Street,WB,84,71.15,0.003937008
2024-06-06,23,Queens,NORTHERN BOULEVARD,69 Street,70 Street,WB,60,71.15,0.003937008
2024-06-06,23,Queens,NORTHERN BOULEVARD,69 Street,70 Street,WB,53,71.15,0.003937008
2024-06-07,0,Queens,NORTHERN BOULEVARD,69 Street,70 Street,WB,53,69.98,0.0
2024-06-07,0,Queens,NORTHERN BOULEVARD,69 Street,70 Street,WB,37,69.98,0.0
2024-06-07,0,Queens,NORTHERN BOULEVARD,69 Street,70 Street,WB,51,69.98,0.0
2024-06-07,0,Queens,NORTHERN BOULEVARD,69 Street,70 Street,WB,37,69.98,0.0
2024-06-07,1,Queens,NORTHERN BOULEVARD,69 Street,70 Street,WB,38,70.07,0.023622049
2024-06-07,1,Queens,NORTHERN BOULEVARD,69 Street,70 Street,WB,34,70.07,0.023622049
2024-06-07,1,Queens,NORTHERN BOULEVARD,69 Street,70 Street,WB,28,70.07,0.023622049
2024-06-07,1,Queens,NORTHERN BOULEVARD,69 Street,70 Street,WB,37,70.07,0.023622049
2024-06-07,2,Queens,NORTHERN BOULEVARD,69 Street,70 Street,WB,23,68.99,0.0
2024-06-07,2,Queens,NORTHERN BOULEVARD,69 Street,70 Street,WB,22,68.99,0.0
2024-06-07,2,Queens,NORTHERN BOULEVARD,69 Street,70 Street,WB,28,68.99,0.0
2024-06-07,2,Queens,NORTHERN BOULEVARD,69 Street,70 Street,WB,26,68.99,0.0
2024-06-07,3,Queens,NORTHERN BOULEVARD,69 Street,70 Street,WB,24,67.55,0.0
2024-06-07,3,Queens,NORTHERN BOULEVARD,69 Street,70 Street,WB,28,67.55,0.0
2024-06-07,3,Queens,NORTHERN BOULEVARD,69 Street,70 Street,WB,25,67.55,0.0
2024-06-07,3,Queens,NORTHERN BOULEVARD,69 Street,70 Street,WB,31,67.55,0.0
2024-06-07,4,Queens,NORTHERN BOULEVARD,69 Street,70 Street,WB,34,66.47,0.0
2024-06-07,4,Queens,NORTHERN BOULEVARD,69 Street,70 Street,WB,35,66.47,0.0
2023-06-05,0,Bronx,CROSS BRONX EXPRESSWAY SR NORTH,Longfellow Avenue,Bryant Avenue,WB,1,57.65,0.0
2023-06-05,0,Bronx,CROSS BRONX EXPRESSWAY SR NORTH,Longfellow Avenue,Bryant Avenue,WB,2,57.65,0.0
2023-06-05,0,Bronx,CROSS BRONX EXPRESSWAY SR NORTH,Longfellow Avenue,Bryant Avenue,WB,0,57.65,0.0
2023-06-05,0,Bronx,CROSS BRONX EXPRESSWAY SR NORTH,Longfellow Avenue,Bryant Avenue,WB,1,57.65,0.0
2023-06-05,1,Bronx,CROSS BRONX EXPRESSWAY SR NORTH,Longfellow Avenue,Bryant Avenue,WB,1,57.11,0.0
2023-06-05,1,Bronx,CROSS BRONX EXPRESSWAY SR NORTH,Longfellow Avenue,Bryant Avenue,WB,2,57.11,0.0
2023-06-05,1,Bronx,CROSS BRONX EXPRESSWAY SR NORTH,Longfellow Avenue,Bryant Avenue,WB,1,57.11,0.0
2023-06-05,1,Bronx,CROSS BRONX EXPRESSWAY SR NORTH,Longfellow Avenue,Bryant Avenue,WB,0,57.11,0.0
2023-06-05,2,Bronx,CROSS BRONX EXPRESSWAY SR NORTH,Longfellow Avenue,Bryant Avenue,WB,0,54.14,0.0
2023-06-05,2,Bronx,CROSS BRONX EXPRESSWAY SR NORTH,Longfellow Avenue,Bryant Avenue,WB,2,54.14,0.0
2023-06-05,2,Bronx,CROSS BRONX EXPRESSWAY SR NORTH,Longfellow Avenue,Bryant Avenue,WB,0,54.14,0.0
2023-06-05,2,Bronx,CROSS BRONX EXPRESSWAY SR NORTH,Longfellow Avenue,Bryant Avenue,WB,0,54.14,0.0
2023-06-05,3,Bronx,CROSS BRONX EXPRESSWAY SR NORTH,Longfellow Avenue,Bryant Avenue,WB,1,53.6,0.0
2023-06-05,3,Bronx,CROSS BRONX EXPRESSWAY SR NORTH,Longfellow Avenue,Bryant Avenue,WB,2,53.6,0.0
2023-06-05,3,Bronx,CROSS BRONX EXPRESSWAY SR NORTH,Longfellow Avenue,Bryant Avenue,WB,0,53.6,0.0
2023-06-05,3,Bronx,CROSS BRONX EXPRESSWAY SR NORTH,Longfellow Avenue,Bryant Avenue,WB,0,53.6,0.0
2023-06-05,4,Bronx,CROSS BRONX EXPRESSWAY SR NORTH,Longfellow Avenue,Bryant Avenue,WB,2,53.059998,0.0
2023-06-05,4,Bronx,CROSS BRONX EXPRESSWAY SR NORTH,Longfellow Avenue,Bryant Avenue,WB,0,53.059998,0.0
2023-06-05,4,Bronx,CROSS BRONX EXPRESSWAY SR NORTH,Longfellow Avenue,Bryant Avenue,WB,0,53.059998,0.0
2023-06-05,4,Bronx,CROSS BRONX EXPRESSWAY SR NORTH,Longfellow Avenue,Bryant Avenue,WB,0,53.059998,0.0
2023-06-05,5,Bronx,CROSS BRONX EXPRESSWAY SR NORTH,Longfellow Avenue,Bryant Avenue,WB,0,52.97,0.0
2023-06-05,5,Bronx,CROSS BRONX EXPRESSWAY SR NORTH,Longfellow Avenue,Bryant Avenue,WB,0,52.97,0.0
2023-06-05,5,Bronx,CROSS BRONX EXPRESSWAY SR NORTH,Longfellow Avenue,Bryant Avenue,WB,0,52.97,0.0
2023-06-05,5,Bronx,CROSS BRONX EXPRESSWAY SR NORTH,Longfellow Avenue,Bryant Avenue,WB,1,52.97,0.0
2023-06-05,6,Bronx,CROSS BRONX EXPRESSWAY SR NORTH,Longfellow Avenue,Bryant Avenue,WB,1,53.15,0.0
2023-06-05,6,Bronx,CROSS BRONX EXPRESSWAY SR NORTH,Longfellow Avenue,Bryant Avenue,WB,1,53.15,0.0
2023-06-05,6,Bronx,CROSS BRONX EXPRESSWAY SR NORTH,Longfellow Avenue,Bryant Avenue,WB,1,53.15,0.0
2023-06-05,6,Bronx,CROSS BRONX EXPRESSWAY SR NORTH,Longfellow Avenue,Bryant Avenue,WB,2,53.15,0.0
2023-06-05,7,Bronx,CROSS BRONX EXPRESSWAY SR NORTH,Longfellow Avenue,Bryant Avenue,WB,8,55.940002,0.0
2023-06-05,7,Bronx,CROSS BRONX EXPRESSWAY SR NORTH,Longfellow Avenue,Bryant Avenue,WB,9,55.940002,0.0
2023-06-05,7,Bronx,CROSS BRONX EXPRESSWAY SR NORTH,Longfellow Avenue,Bryant Avenue,WB,10,55.940002,0.0
2023-06-05,7,Bronx,CROSS BRONX EXPRESSWAY SR NORTH,Longfellow Avenue,Bryant Avenue,WB,15,55.940002,0.0
2023-06-05,8,Bronx,CROSS BRONX EXPRESSWAY SR NORTH,Longfellow Avenue,Bryant Avenue,WB,22,58.82,0.0
2023-06-05,8,Bronx,CROSS BRONX EXPRESSWAY SR NORTH,Longfellow Avenue,Bryant Avenue,WB,17,58.82,0.0
2023-06-05,8,Bronx,CROSS BRONX EXPRESSWAY SR NORTH,Longfellow Avenue,Bryant Avenue,WB,7,58.82,0.0
2023-06-05,8,Bronx,CROSS BRONX EXPRESSWAY SR NORTH,Longfellow Avenue,Bryant Avenue,WB,11,58.82,0.0
2023-06-05,9,Bronx,CROSS BRONX EXPRESSWAY SR NORTH,Longfellow Avenue,Bryant Avenue,WB,9,62.239998,0.0
2023-06-05,9,Bronx,CROSS BRONX EXPRESSWAY SR NORTH,Longfellow Avenue,Bryant Avenue,WB,9,62.239998,0.0
2023-06-05,9,Bronx,CROSS BRONX EXPRESSWAY SR NORTH,Longfellow Avenue,Bryant Avenue,WB,5,62.239998,0.0
2023-06-05,9,Bronx,CROSS BRONX EXPRESSWAY SR NORTH,Longfellow Avenue,Bryant Avenue,WB,5,62.239998,0.0
2023-06-05,10,Bronx,CROSS BRONX EXPRESSWAY SR NORTH,Longfellow Avenue,Bryant Avenue,WB,9,66.29,0.0
2023-06-05,10,Bronx,CROSS BRONX EXPRESSWAY SR NORTH,Longfellow Avenue,Bryant Avenue,WB,7,66.29,0.0
2023-06-05,10,Bronx,CROSS BRONX EXPRESSWAY SR NORTH,Longfellow Avenue,Bryant Avenue,WB,9,66.29,0.0
2023-06-05,10,Bronx,CROSS BRONX EXPRESSWAY SR NORTH,Longfellow Avenue,Bryant Avenue,WB,9,66.29,0.0
2023-06-05,11,Bronx,CROSS BRONX EXPRESSWAY SR NORTH,Longfellow Avenue,Bryant Avenue,WB,8,69.619995,0.0
2023-06-05,11,Bronx,CROSS BRONX EXPRESSWAY SR NORTH,Longfellow Avenue,Bryant Avenue,WB,6,69.619995,0.0
2023-06-05,11,Bronx,CROSS BRONX EXPRESSWAY SR NORTH,Longfellow Avenue,Bryant Avenue,WB,6,69.619995,0.0
2023-06-05,11,Bronx,CROSS BRONX EXPRESSWAY SR NORTH,Longfellow Avenue,Bryant Avenue,WB,8,69.619995,0.0
2023-06-05,12,Bronx,CROSS BRONX EXPRESSWAY SR NORTH,Longfellow Avenue,Bryant Avenue,WB,10,73.130005,0.0
2023-06-05,12,Bronx,CROSS BRONX EXPRESSWAY SR NORTH,Longfellow Avenue,Bryant Avenue,WB,9,73.130005,0.0
2023-06-05,12,Bronx,CROSS BRONX EXPRESSWAY SR NORTH,Longfellow Avenue,Bryant Avenue,WB,11,73.130005,0.0
2023-06-05,12,Bronx,CROSS BRONX EXPRESSWAY SR NORTH,Longfellow Avenue,Bryant Avenue,WB,3,73.130005,0.0
2023-06-05,13,Bronx,CROSS BRONX EXPRESSWAY SR NORTH,Longfellow Avenue,Bryant Avenue,WB,8,73.76,0.0
2023-06-05,13,Bronx,CROSS BRONX EXPRESSWAY SR NORTH,Longfellow Avenue,Bryant Avenue,WB,9,73.76,0.0
2023-06-05,13,Bronx,CROSS BRONX EXPRESSWAY SR NORTH,Longfellow Avenue,Bryant Avenue,WB,2,73.76,0.0
2023-06-05,13,Bronx,CROSS BRONX EXPRESSWAY SR NORTH,Longfellow Avenue,Bryant Avenue,WB,10,73.76,0.0
2023-06-05,14,Bronx,CROSS BRONX EXPRESSWAY SR NORTH,Longfellow Avenue,Bryant Avenue,WB,10,73.76,0.0
2023-06-05,14,Bronx,CROSS BRONX EXPRESSWAY SR NORTH,Longfellow Avenue,Bryant Avenue,WB,10,73.76,0.0
2023-06-05,14,Bronx,CROSS BRONX EXPRESSWAY SR NORTH,Longfellow Avenue,Bryant Avenue,WB,8,73.76,0.0
2023-06-05,14,Bronx,CROSS BRONX EXPRESSWAY SR NORTH,Longfellow Avenue,Bryant Avenue,WB,10,73.76,0.0
2023-06-05,15,Bronx,CROSS BRONX EXPRESSWAY SR NORTH,Longfellow Avenue,Bryant Avenue,WB,11,74.75,0.0
2023-06-05,15,Bronx,CROSS BRONX EXPRESSWAY SR NORTH,Longfellow Avenue,Bryant Avenue,WB,13,74.75,0.0
2023-06-05,15,Bronx,CROSS BRONX EXPRESSWAY SR NORTH,Longfellow Avenue,Bryant Avenue,WB,11,74.75,0.0
2023-06-05,15,Bronx,CROSS BRONX EXPRESSWAY SR NORTH,Longfellow Avenue,Bryant Avenue,WB,10,74.75,0.0
2023-06-05,16,Bronx,CROSS BRONX EXPRESSWAY SR NORTH,Longfellow Avenue,Bryant Avenue,WB,8,75.74,0.0
2023-06-05,16,Bronx,CROSS BRONX EXPRESSWAY SR NORTH,Longfellow Avenue,Bryant Avenue,WB,13,75.74,0.0
2023-06-05,16,Bronx,CROSS BRONX EXPRESSWAY SR NORTH,Longfellow Avenue,Bryant Avenue,WB,10,75.74,0.0
2023-06-05,16,Bronx,CROSS BRONX EXPRESSWAY SR NORTH,Longfellow Avenue,Bryant Avenue,WB,18,75.74,0.0
2023-06-05,17,Bronx,CROSS BRONX EXPRESSWAY SR NORTH,Longfellow Avenue,Bryant Avenue,WB,17,75.29,0.0
2023-06-05,17,Bronx,CROSS BRONX EXPRESSWAY SR NORTH,Longfellow Avenue,Bryant Avenue,WB,9,75.29,0.0
2023-06-05,17,Bronx,CROSS BRONX EXPRESSWAY SR NORTH,Longfellow Avenue,Bryant Avenue,WB,6,75.29,0.0
2023-06-05,17,Bronx,CROSS BRONX EXPRESSWAY SR NORTH,Longfellow Avenue,Bryant Avenue,WB,6,75.29,0.0
2023-06-05,18,Bronx,CROSS BRONX EXPRESSWAY SR NORTH,Longfellow Avenue,Bryant Avenue,WB,4,74.119995,0.0
2023-06-05,18,Bronx,CROSS BRONX EXPRESSWAY SR NORTH,Longfellow Avenue,Bryant Avenue,WB,5,74.119995,0.0
2023-06-05,18,Bronx,CROSS BRONX EXPRESSWAY SR NORTH,Longfellow Avenue,Bryant Avenue,WB,2,74.119995,0.0
2023-06-05,18,Bronx,CROSS BRONX EXPRESSWAY SR NORTH,Longfellow Avenue,Bryant Avenue,WB,2,74.119995,0.0
2023-06-05,19,Bronx,CROSS BRONX EXPRESSWAY SR NORTH,Longfellow Avenue,Bryant Avenue,WB,2,73.31,0.0
2023-06-05,19,Bronx,CROSS BRONX EXPRESSWAY SR NORTH,Longfellow Avenue,Bryant Avenue,WB,3,73.31,0.0
2024-05-09,15,Brooklyn,LINDEN BOULEVARD,East 42 Street,Albany Avenue,WB,107,69.44,0.0
2024-05-09,15,Brooklyn,LINDEN BOULEVARD,East 42 Street,Albany Avenue,WB,116,69.44,0.0
2024-05-09,16,Brooklyn,LINDEN BOULEVARD,East 42 Street,Albany Avenue,WB,102,69.26,0.0
2024-05-09,16,Brooklyn,LINDEN BOULEVARD,East 42 Street,Albany Avenue,WB,103,69.26,0.0
2024-05-09,16,Brooklyn,LINDEN BOULEVARD,East 42 Street,Albany Avenue,WB,101,69.26,0.0
2024-05-09,16,Brooklyn,LINDEN BOULEVARD,East 42 Street,Albany Avenue,WB,102,69.26,0.0
2024-05-09,17,Brooklyn,LINDEN BOULEVARD,East 42 Street,Albany Avenue,WB,106,67.01,0.0
2024-05-09,17,Brooklyn,LINDEN BOULEVARD,East 42 Street,Albany Avenue,WB,88,67.01,0.0
2024-05-09,17,Brooklyn,LINDEN BOULEVARD,East 42 Street,Albany Avenue,WB,100,67.01,0.0
2024-05-09,17,Brooklyn,LINDEN BOULEVARD,East 42 Street,Albany Avenue,WB,91,67.01,0.0
2024-05-09,18,Brooklyn,LINDEN BOULEVARD,East 42 Street,Albany Avenue,WB,97,64.49,0.0
2024-05-09,18,Brooklyn,LINDEN BOULEVARD,East 42 Street,Albany Avenue,WB,75,64.49,0.0
2024-05-09,18,Brooklyn,LINDEN BOULEVARD,East 42 Street,Albany Avenue,WB,89,64.49,0.0
2024-05-09,18,Brooklyn,LINDEN BOULEVARD,East 42 Street,Albany Avenue,WB,78,64.49,0.0
2024-05-09,19,Brooklyn,LINDEN BOULEVARD,East 42 Street,Albany Avenue,WB,72,63.05,0.0
2024-05-09,19,Brooklyn,LINDEN BOULEVARD,East 42 Street,Albany Avenue,WB,68,63.05,0.0
2024-05-09,19,Brooklyn,LINDEN BOULEVARD,East 42 Street,Albany Avenue,WB,69,63.05,0.0
2024-05-09,19,Brooklyn,LINDEN BOULEVARD,East 42 Street,Albany Avenue,WB,54,63.05,0.0
2024-05-09,20,Brooklyn,LINDEN BOULEVARD,East 42 Street,Albany Avenue,WB,74,62.510002,0.0
2024-05-09,20,Brooklyn,LINDEN BOULEVARD,East 42 Street,Albany Avenue,WB,57,62.510002,0.0
2024-05-09,20,Brooklyn,LINDEN BOULEVARD,East 42 Street,Albany Avenue,WB,85,62.510002,0.0
2024-05-09,20,Brooklyn,LINDEN BOULEVARD,East 42 Street,Albany Avenue,WB,52,62.510002,0.0
2024-05-09,21,Brooklyn,LINDEN BOULEVARD,East 42 Street,Albany Avenue,WB,66,62.239998,0.0
2024-05-09,21,Brooklyn,LINDEN BOULEVARD,East 42 Street,Albany Avenue,WB,65,62.239998,0.0
2024-05-09,21,Brooklyn,LINDEN BOULEVARD,East 42 Street,Albany Avenue,WB,64,62.239998,0.0
2024-05-09,21,Brooklyn,LINDEN BOULEVARD,East 42 Street,Albany Avenue,WB,63,62.239998,0.0
2024-05-09,22,Brooklyn,LINDEN BOULEVARD,East 42 Street,Albany Avenue,WB,65,60.8,0.0
2024-05-09,22,Brooklyn,LINDEN BOULEVARD,East 42 Street,Albany Avenue,WB,57,60.8,0.0
2024-05-09,22,Brooklyn,LINDEN BOULEVARD,East 42 Street,Albany Avenue,WB,51,60.8,0.0
2024-05-09,22,Brooklyn,LINDEN BOULEVARD,East 42 Street,Albany Avenue,WB,46,60.8,0.0
2024-05-09,23,Brooklyn,LINDEN BOULEVARD,East 42 Street,Albany Avenue,WB,46,59.81,0.0
2024-05-09,23,Brooklyn,LINDEN BOULEVARD,East 42 Street,Albany Avenue,WB,42,59.81,0.0
2024-05-09,23,Brooklyn,LINDEN BOULEVARD,East 42 Street,Albany Avenue,WB,40,59.81,0.0
2024-05-09,23,Brooklyn,LINDEN BOULEVARD,East 42 Street,Albany Avenue,WB,49,59.81,0.0
2024-05-10,0,Brooklyn,LINDEN BOULEVARD,East 42 Street,Albany Avenue,WB,32,57.739998,0.0
2024-05-10,0,Brooklyn,LINDEN BOULEVARD,East 42 Street,Albany Avenue,WB,31,57.739998,0.0
2024-05-10,0,Brooklyn,LINDEN BOULEVARD,East 42 Street,Albany Avenue,WB,32,57.739998,0.0
2024-05-10,0,Brooklyn,LINDEN BOULEVARD,East 42 Street,Albany Avenue,WB,24,57.739998,0.0
2024-05-10,1,Brooklyn,LINDEN BOULEVARD,East 42 Street,Albany Avenue,WB,18,54.14,0.0
2024-05-10,1,Brooklyn,LINDEN BOULEVARD,East 42 Street,Albany Avenue,WB,13,54.14,0.0
2024-05-10,1,Brooklyn,LINDEN BOULEVARD,East 42 Street,Albany Avenue,WB,17,54.14,0.0
2024-05-10,1,Brooklyn,LINDEN BOULEVARD,East 42 Street,Albany Avenue,WB,21,54.14,0.0
2024-05-10,2,Brooklyn,LINDEN BOULEVARD,East 42 Street,Albany Avenue,WB,19,52.88,0.0
2024-05-10,2,Brooklyn,LINDEN BOULEVARD,East 42 Street,Albany Avenue,WB,12,52.88,0.0
2024-05-10,2,Brooklyn,LINDEN BOULEVARD,East 42 Street,Albany Avenue,WB,19,52.88,0.0
2024-05-10,2,Brooklyn,LINDEN BOULEVARD,East 42 Street,Albany Avenue,WB,23,52.88,0.0
2024-05-10,3,Brooklyn,LINDEN BOULEVARD,East 42 Street,Albany Avenue,WB,10,51.62,0.007874016
2024-05-10,3,Brooklyn,LINDEN BOULEVARD,East 42 Street,Albany Avenue,WB,12,51.62,0.007874016
2024-05-10,3,Brooklyn,LINDEN BOULEVARD,East 42 Street,Albany Avenue,WB,13,51.62,0.007874016
2024-05-10,3,Brooklyn,LINDEN BOULEVARD,East 42 Street,Albany Avenue,WB,16,51.62,0.007874016
2024-05-10,4,Brooklyn,LINDEN BOULEVARD,East 42 Street,Albany Avenue,WB,18,50.99,0.03543307
2024-05-10,4,Brooklyn,LINDEN BOULEVARD,East 42 Street,Albany Avenue,WB,20,50.99,0.03543307
2024-05-10,4,Brooklyn,LINDEN BOULEVARD,East 42 Street,Albany Avenue,WB,16,50.99,0.03543307
2024-05-10,4,Brooklyn,LINDEN BOULEVARD,East 42 Street,Albany Avenue,WB,26,50.99,0.03543307
2024-05-10,5,Brooklyn,LINDEN BOULEVARD,East 42 Street,Albany Avenue,WB,30,50.45,0.07480315
2024-05-10,5,Brooklyn,LINDEN BOULEVARD,East 42 Street,Albany Avenue,WB,36,50.45,0.07480315
2024-05-10,5,Brooklyn,LINDEN BOULEVARD,East 42 Street,Albany Avenue,WB,81,50.45,0.07480315
2024-05-10,5,Brooklyn,LINDEN BOULEVARD,East 42 Street,Albany Avenue,WB,88,50.45,0.07480315
2024-05-10,6,Brooklyn,LINDEN BOULEVARD,East 42 Street,Albany Avenue,WB,113,49.91,0.027559055
2024-05-10,6,Brooklyn,LINDEN BOULEVARD,East 42 Street,Albany Avenue,WB,134,49.91,0.027559055
2024-05-10,6,Brooklyn,LINDEN BOULEVARD,East 42 Street,Albany Avenue,WB,139,49.91,0.027559055
2024-05-10,6,Brooklyn,LINDEN BOULEVARD,East 42 Street,Albany Avenue,WB,155,49.91,0.027559055
2024-05-10,7,Brooklyn,LINDEN BOULEVARD,East 42 Street,Albany Avenue,WB,140,49.55,0.015748031
2024-05-10,7,Brooklyn,LINDEN BOULEVARD,East 42 Street,Albany Avenue,WB,157,49.55,0.015748031
2024-05-10,7,Brooklyn,LINDEN BOULEVARD,East 42 Street,Albany Avenue,WB,171,49.55,0.015748031
2024-05-10,7,Brooklyn,LINDEN BOULEVARD,East 42 Street,Albany Avenue,WB,166,49.55,0.015748031
2024-05-10,8,Brooklyn,LINDEN BOULEVARD,East 42 Street,Albany Avenue,WB,150,49.55,0.098425195
2024-05-10,8,Brooklyn,LINDEN BOULEVARD,East 42 Street,Albany Avenue,WB,161,49.55,0.098425195
2024-05-10,8,Brooklyn,LINDEN BOULEVARD,East 42 Street,Albany Avenue,WB,140,49.55,0.098425195
2024-05-10,8,Brooklyn,LINDEN BOULEVARD,East 42 Street,Albany Avenue,WB,149,49.55,0.098425195
2024-05-10,9,Brooklyn,LINDEN BOULEVARD,East 42 Street,Albany Avenue,WB,129,49.73,0.027559055
2024-05-10,9,Brooklyn,LINDEN BOULEVARD,East 42 Street,Albany Avenue,WB,126,49.73,0.027559055
2024-05-10,9,Brooklyn,LINDEN BOULEVARD,East 42 Street,Albany Avenue,WB,104,49.73,0.027559055
2024-05-10,9,Brooklyn,LINDEN BOULEVARD,East 42 Street,Albany Avenue,WB,128,49.73,0.027559055
2024-05-10,10,Brooklyn,LINDEN BOULEVARD,East 42 Street,Albany Avenue,WB,118,49.91,0.027559055
2024-05-10,10,Brooklyn,LINDEN BOULEVARD,East 42 Street,Albany Avenue,WB,98,49.91,0.027559055
2024-05-10,10,Brooklyn,LINDEN BOULEVARD,East 42 Street,Albany Avenue,WB,87,49.91,0.027559055
2024-05-10,10,Brooklyn,LINDEN BOULEVARD,East 42 Street,Albany Avenue,WB,84,49.91,0.027559055
2024-05-10,11,Brooklyn,LINDEN BOULEVARD,East 42 Street,Albany Avenue,WB,88,50.36,0.015748031
2024-05-10,11,Brooklyn,LINDEN BOULEVARD,East 42 Street,Albany Avenue,WB,82,50.36,0.015748031
2024-05-10,11,Brooklyn,LINDEN BOULEVARD,East 42 Street,Albany Avenue,WB,75,50.36,0.015748031
2024-05-10,11,Brooklyn,LINDEN BOULEVARD,East 42 Street,Albany Avenue,WB,88,50.36,0.015748031
2024-05-10,12,Brooklyn,LINDEN BOULEVARD,East 42 Street,Albany Avenue,WB,92,50.9,0.007874016
2024-05-10,12,Brooklyn,LINDEN BOULEVARD,East 42 Street,Albany Avenue,WB,104,50.9,0.007874016
2024-05-10,12,Brooklyn,LINDEN BOULEVARD,East 42 Street,Albany Avenue,WB,121,50.9,0.007874016
2024-05-10,12,Brooklyn,LINDEN BOULEVARD,East 42 Street,Albany Avenue,WB,95,50.9,0.007874016
2024-05-10,13,Brooklyn,LINDEN BOULEVARD,East 42 Street,Albany Avenue,WB,105,51.35,0.031496063
2024-05-10,13,Brooklyn,LINDEN BOULEVARD,East 42 Street,Albany Avenue,WB,92,51.35,0.031496063
2024-05-10,13,Brooklyn,LINDEN BOULEVARD,East 42 Street,Albany Avenue,WB,95,51.35,0.031496063
2024-05-10,13,Brooklyn,LINDEN BOULEVARD,East 42 Street,Albany Avenue,WB,86,51.35,0.031496063
2024-05-10,14,Brooklyn,LINDEN BOULEVARD,East 42 Street,Albany Avenue,WB,119,53.690002,0.04330709
2024-05-10,14,Brooklyn,LINDEN BOULEVARD,East 42 Street,Albany Avenue,WB,114,53.690002,0.04330709
2024-05-10,14,Brooklyn,LINDEN BOULEVARD,East 42 Street,Albany Avenue,WB,109,53.690002,0.04330709
2024-05-10,14,Brooklyn,LINDEN BOULEVARD,East 42 Street,Albany Avenue,WB,101,53.690002,0.04330709
2024-05-10,15,Brooklyn,LINDEN BOULEVARD,East 42 Street,Albany Avenue,WB,88,52.52,0.003937008
2024-05-10,15,Brooklyn,LINDEN BOULEVARD,East 42 Street,Albany Avenue,WB,105,52.52,0.003937008
2024-05-10,15,Brooklyn,LINDEN BOULEVARD,East 42 Street,Albany Avenue,WB,98,52.52,0.003937008
2024-05-10,15,Brooklyn,LINDEN BOULEVARD,East 42 Street,Albany Avenue,WB,109,52.52,0.003937008
2024-05-10,16,Brooklyn,LINDEN BOULEVARD,East 42 Street,Albany Avenue,WB,97,51.35,0.015748031
2024-05-10,16,Brooklyn,LINDEN BOULEVARD,East 42 Street,Albany Avenue,WB,107,51.35,0.015748031
2024-05-10,16,Brooklyn,LINDEN BOULEVARD,East 42 Street,Albany Avenue,WB,120,51.35,0.015748031
2024-05-10,16,Brooklyn,LINDEN BOULEVARD,East 42 Street,Albany Avenue,WB,95,51.35,0.015748031
2024-05-10,17,Brooklyn,LINDEN BOULEVARD,East 42 Street,Albany Avenue,WB,119,50.45,0.015748031
2024-05-10,17,Brooklyn,LINDEN BOULEVARD,East 42 Street,Albany Avenue,WB,114,50.45,0.015748031
2024-05-10,17,Brooklyn,LINDEN BOULEVARD,East 42 Street,Albany Avenue,WB,99,50.45,0.015748031
2022-02-08,12,Queens,BORDEN AVENUE,30 Place,30 Street,WB,110,42.17,0.0
2022-02-08,13,Queens,BORDEN AVENUE,30 Place,30 Street,WB,100,45.5,0.0
2022-02-08,13,Queens,BORDEN AVENUE,30 Place,30 Street,WB,104,45.5,0.0
2022-02-08,13,Queens,BORDEN AVENUE,30 Place,30 Street,WB,108,45.5,0.0
2022-02-08,13,Queens,BORDEN AVENUE,30 Place,30 Street,WB,94,45.5,0.0
2022-02-08,14,Queens,BORDEN AVENUE,30 Place,30 Street,WB,117,46.76,0.0
2022-02-08,14,Queens,BORDEN AVENUE,30 Place,30 Street,WB,93,46.76,0.0
2022-02-08,14,Queens,BORDEN AVENUE,30 Place,30 Street,WB,114,46.76,0.0
2022-02-08,14,Queens,BORDEN AVENUE,30 Place,30 Street,WB,102,46.76,0.0
2022-02-08,15,Queens,BORDEN AVENUE,30 Place,30 Street,WB,96,46.22,0.0
2022-02-08,15,Queens,BORDEN AVENUE,30 Place,30 Street,WB,115,46.22,0.0
2022-02-08,15,Queens,BORDEN AVENUE,30 Place,30 Street,WB,112,46.22,0.0
2022-02-08,15,Queens,BORDEN AVENUE,30 Place,30 Street,WB,116,46.22,0.0
2022-02-08,16,Queens,BORDEN AVENUE,30 Place,30 Street,WB,94,45.41,0.0
2022-02-08,16,Queens,BORDEN AVENUE,30 Place,30 Street,WB,98,45.41,0.0
2022-02-08,16,Queens,BORDEN AVENUE,30 Place,30 Street,WB,106,45.41,0.0
2022-02-08,16,Queens,BORDEN AVENUE,30 Place,30 Street,WB,102,45.41,0.0
2022-02-08,17,Queens,BORDEN AVENUE,30 Place,30 Street,WB,130,43.61,0.0
2022-02-08,17,Queens,BORDEN AVENUE,30 Place,30 Street,WB,96,43.61,0.0
2022-02-08,17,Queens,BORDEN AVENUE,30 Place,30 Street,WB,102,43.61,0.0
2022-02-08,17,Queens,BORDEN AVENUE,30 Place,30 Street,WB,92,43.61,0.0
2022-02-08,18,Queens,BORDEN AVENUE,30 Place,30 Street,WB,80,39.29,0.0
2022-02-08,18,Queens,BORDEN AVENUE,30 Place,30 Street,WB,75,39.29,0.0
2022-02-08,18,Queens,BORDEN AVENUE,30 Place,30 Street,WB,102,39.29,0.0
2022-02-08,18,Queens,BORDEN AVENUE,30 Place,30 Street,WB,88,39.29,0.0
2022-02-08,19,Queens,BORDEN AVENUE,30 Place,30 Street,WB,84,35.96,0.0
2022-02-08,19,Queens,BORDEN AVENUE,30 Place,30 Street,WB,76,35.96,0.0
2022-02-08,19,Queens,BORDEN AVENUE,30 Place,30 Street,WB,92,35.96,0.0
2022-02-08,19,Queens,BORDEN AVENUE,30 Place,30 Street,WB,72,35.96,0.0
2022-02-08,20,Queens,BORDEN AVENUE,30 Place,30 Street,WB,71,31.82,0.0
2022-02-08,20,Queens,BORDEN AVENUE,30 Place,30 Street,WB,78,31.82,0.0
2022-02-08,20,Queens,BORDEN AVENUE,30 Place,30 Street,WB,48,31.82,0.0
2022-02-08,20,Queens,BORDEN AVENUE,30 Place,30 Street,WB,49,31.82,0.0
2022-02-08,21,Queens,BORDEN AVENUE,30 Place,30 Street,WB,60,31.64,0.0
2022-02-08,21,Queens,BORDEN AVENUE,30 Place,30 Street,WB,70,31.64,0.0
2022-02-08,21,Queens,BORDEN AVENUE,30 Place,30 Street,WB,42,31.64,0.0
2022-02-08,21,Queens,BORDEN AVENUE,30 Place,30 Street,WB,52,31.64,0.0
2022-02-08,22,Queens,BORDEN AVENUE,30 Place,30 Street,WB,48,30.92,0.0
2022-02-08,22,Queens,BORDEN AVENUE,30 Place,30 Street,WB,38,30.92,0.0
2022-02-08,22,Queens,BORDEN AVENUE,30 Place,30 Street,WB,45,30.92,0.0
2022-02-08,22,Queens,BORDEN AVENUE,30 Place,30 Street,WB,54,30.92,0.0
2022-02-08,23,Queens,BORDEN AVENUE,30 Place,30 Street,WB,31,29.75,0.0
2022-02-08,23,Queens,BORDEN AVENUE,30 Place,30 Street,WB,36,29.75,0.0
2022-02-08,23,Queens,BORDEN AVENUE,30 Place,30 Street,WB,54,29.75,0.0
2022-02-08,23,Queens,BORDEN AVENUE,30 Place,30 Street,WB,36,29.75,0.0
2022-06-10,11,Bronx,BARTOW AVENUE,Dead End,Dead end,EB,162,73.130005,0.0
2022-06-10,11,Bronx,BARTOW AVENUE,Dead End,Dead end,EB,138,73.130005,0.0
2022-06-10,11,Bronx,BARTOW AVENUE,Dead End,Dead end,EB,159,73.130005,0.0
2022-06-10,11,Bronx,BARTOW AVENUE,Dead End,Dead end,EB,148,73.130005,0.0
2022-06-10,12,Bronx,BARTOW AVENUE,Dead End,Dead end,EB,151,75.11,0.0
2022-06-10,12,Bronx,BARTOW AVENUE,Dead End,Dead end,EB,155,75.11,0.0
2022-06-10,12,Bronx,BARTOW AVENUE,Dead End,Dead end,EB,143,75.11,0.0
2022-06-10,12,Bronx,BARTOW AVENUE,Dead End,Dead end,EB,140,75.11,0.0
2022-06-10,13,Bronx,BARTOW AVENUE,Dead End,Dead end,EB,164,76.82,0.0
2022-06-10,13,Bronx,BARTOW AVENUE,Dead End,Dead end,EB,130,76.82,0.0
2022-06-10,13,Bronx,BARTOW AVENUE,Dead End,Dead end,EB,139,76.82,0.0
2022-06-10,13,Bronx,BARTOW AVENUE,Dead End,Dead end,EB,157,76.82,0.0
2022-06-10,14,Bronx,BARTOW AVENUE,Dead End,Dead end,EB,177,77.99,0.0
2022-06-10,14,Bronx,BARTOW AVENUE,Dead End,Dead end,EB,199,77.99,0.0
2022-06-10,14,Bronx,BARTOW AVENUE,Dead End,Dead end,EB,256,77.99,0.0
2022-06-10,14,Bronx,BARTOW AVENUE,Dead End,Dead end,EB,192,77.99,0.0
2022-06-10,15,Bronx,BARTOW AVENUE,Dead End,Dead end,EB,219,80.06,0.0
2022-06-10,15,Bronx,BARTOW AVENUE,Dead End,Dead end,EB,263,80.06,0.0
2022-06-10,15,Bronx,BARTOW AVENUE,Dead End,Dead end,EB,172,80.06,0.0
2022-06-10,15,Bronx,BARTOW AVENUE,Dead End,Dead end,EB,169,80.06,0.0
2022-06-10,16,Bronx,BARTOW AVENUE,Dead End,Dead end,EB,206,81.32,0.0
2022-06-10,16,Bronx,BARTOW AVENUE,Dead End,Dead end,EB,133,81.32,0.0
2022-06-10,16,Bronx,BARTOW AVENUE,Dead End,Dead end,EB,175,81.32,0.0
2022-06-10,16,Bronx,BARTOW AVENUE,Dead End,Dead end,EB,197,81.32,0.0
2022-06-10,17,Bronx,BARTOW AVENUE,Dead End,Dead end,EB,160,79.43,0.0
2022-06-10,17,Bronx,BARTOW AVENUE,Dead End,Dead end,EB,200,79.43,0.0
2022-06-10,17,Bronx,BARTOW AVENUE,Dead End,Dead end,EB,199,79.43,0.0
2022-06-10,17,Bronx,BARTOW AVENUE,Dead End,Dead end,EB,173,79.43,0.0
2022-06-10,18,Bronx,BARTOW AVENUE,Dead End,Dead end,EB,183,77.09,0.0
2022-06-10,18,Bronx,BARTOW AVENUE,Dead End,Dead end,EB,162,77.09,0.0
2022-06-10,18,Bronx,BARTOW AVENUE,Dead End,Dead end,EB,159,77.09,0.0
2022-06-10,18,Bronx,BARTOW AVENUE,Dead End,Dead end,EB,168,77.09,0.0
2022-06-10,19,Bronx,BARTOW AVENUE,Dead End,Dead end,EB,168,75.380005,0.0
2022-06-10,19,Bronx,BARTOW AVENUE,Dead End,Dead end,EB,139,75.380005,0.0
2022-06-10,19,Bronx,BARTOW AVENUE,Dead End,Dead end,EB,148,75.380005,0.0
2022-06-10,19,Bronx,BARTOW AVENUE,Dead End,Dead end,EB,130,75.380005,0.0
2022-06-10,20,Bronx,BARTOW AVENUE,Dead End,Dead end,EB,128,71.869995,0.0
2022-06-10,20,Bronx,BARTOW AVENUE,Dead End,Dead end,EB,117,71.869995,0.0
2022-06-10,20,Bronx,BARTOW AVENUE,Dead End,Dead end,EB,119,71.869995,0.0
2022-06-10,20,Bronx,BARTOW AVENUE,Dead End,Dead end,EB,107,71.869995,0.0
2022-06-10,21,Bronx,BARTOW AVENUE,Dead End,Dead end,EB,102,68.72,0.0
2022-06-10,21,Bronx,BARTOW AVENUE,Dead End,Dead end,EB,95,68.72,0.0
2022-06-10,21,Bronx,BARTOW AVENUE,Dead End,Dead end,EB,78,68.72,0.0
2022-06-10,21,Bronx,BARTOW AVENUE,Dead End,Dead end,EB,64,68.72,0.0
2022-06-10,22,Bronx,BARTOW AVENUE,Dead End,Dead end,EB,66,67.28,0.0
2022-06-10,22,Bronx,BARTOW AVENUE,Dead End,Dead end,EB,52,67.28,0.0
2022-06-10,22,Bronx,BARTOW AVENUE,Dead End,Dead end,EB,40,67.28,0.0
2022-06-10,22,Bronx,BARTOW AVENUE,Dead End,Dead end,EB,57,67.28,0.0
2022-06-10,23,Bronx,BARTOW AVENUE,Dead End,Dead end,EB,41,67.91,0.0
2022-06-10,23,Bronx,BARTOW AVENUE,Dead End,Dead end,EB,58,67.91,0.0
2022-06-10,23,Bronx,BARTOW AVENUE,Dead End,Dead end,EB,49,67.91,0.0
2022-06-10,23,Bronx,BARTOW AVENUE,Dead End,Dead end,EB,50,67.91,0.0
2022-06-11,0,Bronx,BARTOW AVENUE,Dead End,Dead end,EB,40,67.369995,0.0
2022-06-11,0,Bronx,BARTOW AVENUE,Dead End,Dead end,EB,46,67.369995,0.0
2022-06-11,0,Bronx,BARTOW AVENUE,Dead End,Dead end,EB,33,67.369995,0.0
2022-06-11,0,Bronx,BARTOW AVENUE,Dead End,Dead end,EB,40,67.369995,0.0
2022-06-11,1,Bronx,BARTOW AVENUE,Dead End,Dead end,EB,33,65.93,0.0
2022-06-11,1,Bronx,BARTOW AVENUE,Dead End,Dead end,EB,17,65.93,0.0
2022-06-11,1,Bronx,BARTOW AVENUE,Dead End,Dead end,EB,31,65.93,0.0
2022-06-11,1,Bronx,BARTOW AVENUE,Dead End,Dead end,EB,31,65.93,0.0
2022-06-11,2,Bronx,BARTOW AVENUE,Dead End,Dead end,EB,27,64.85,0.0
2022-06-11,2,Bronx,BARTOW AVENUE,Dead End,Dead end,EB,16,64.85,0.0
2022-06-11,2,Bronx,BARTOW AVENUE,Dead End,Dead end,EB,16,64.85,0.0
2022-06-11,2,Bronx,BARTOW AVENUE,Dead End,Dead end,EB,15,64.85,0.0
2022-06-11,3,Bronx,BARTOW AVENUE,Dead End,Dead end,EB,15,63.95,0.0
2022-06-11,3,Bronx,BARTOW AVENUE,Dead End,Dead end,EB,11,63.95,0.0
2022-06-11,3,Bronx,BARTOW AVENUE,Dead End,Dead end,EB,15,63.95,0.0
2022-06-11,3,Bronx,BARTOW AVENUE,Dead End,Dead end,EB,5,63.95,0.0
2022-06-11,4,Bronx,BARTOW AVENUE,Dead End,Dead end,EB,6,62.87,0.0
2022-06-11,4,Bronx,BARTOW AVENUE,Dead End,Dead end,EB,12,62.87,0.0
2022-06-11,4,Bronx,BARTOW AVENUE,Dead End,Dead end,EB,9,62.87,0.0
2022-06-11,4,Bronx,BARTOW AVENUE,Dead End,Dead end,EB,15,62.87,0.0
2022-06-11,5,Bronx,BARTOW AVENUE,Dead End,Dead end,EB,15,61.16,0.0
2022-06-11,5,Bronx,BARTOW AVENUE,Dead End,Dead end,EB,16,61.16,0.0
2022-06-11,5,Bronx,BARTOW AVENUE,Dead End,Dead end,EB,16,61.16,0.0
2022-06-11,5,Bronx,BARTOW AVENUE,Dead End,Dead end,EB,22,61.16,0.0
2022-06-11,6,Bronx,BARTOW AVENUE,Dead End,Dead end,EB,23,61.16,0.0
2022-06-06,0,Bronx,BARTOW AVENUE,Dead End,Dead end,WB,28,61.25,0.0
2022-06-06,0,Bronx,BARTOW AVENUE,Dead End,Dead end,WB,23,61.25,0.0
2022-06-06,0,Bronx,BARTOW AVENUE,Dead End,Dead end,WB,21,61.25,0.0
2022-06-06,0,Bronx,BARTOW AVENUE,Dead End,Dead end,WB,30,61.25,0.0
2022-06-06,1,Bronx,BARTOW AVENUE,Dead End,Dead end,WB,13,60.8,0.0
2022-06-06,1,Bronx,BARTOW AVENUE,Dead End,Dead end,WB,10,60.8,0.0
2022-06-06,1,Bronx,BARTOW AVENUE,Dead End,Dead end,WB,18,60.8,0.0
2022-06-06,1,Bronx,BARTOW AVENUE,Dead End,Dead end,WB,10,60.8,0.0
2022-06-06,2,Bronx,BARTOW AVENUE,Dead End,Dead end,WB,10,59.81,0.0
2022-06-06,2,Bronx,BARTOW AVENUE,Dead End,Dead end,WB,5,59.81,0.0
2022-06-06,2,Bronx,BARTOW AVENUE,Dead End,Dead end,WB,7,59.81,0.0
2022-06-06,2,Bronx,BARTOW AVENUE,Dead End,Dead end,WB,9,59.81,0.0
2022-06-06,3,Bronx,BARTOW AVENUE,Dead End,Dead end,WB,5,58.91,0.0
2022-06-06,3,Bronx,BARTOW AVENUE,Dead End,Dead end,WB,5,58.91,0.0
2022-06-06,3,Bronx,BARTOW AVENUE,Dead End,Dead end,WB,8,58.91,0.0
2022-06-06,3,Bronx,BARTOW AVENUE,Dead End,Dead end,WB,5,58.91,0.0
2022-06-06,4,Bronx,BARTOW AVENUE,Dead End,Dead end,WB,16,57.739998,0.0
2022-06-06,4,Bronx,BARTOW AVENUE,Dead End,Dead end,WB,14,57.739998,0.0
2022-06-06,4,Bronx,BARTOW AVENUE,Dead End,Dead end,WB,10,57.739998,0.0
2022-06-06,4,Bronx,BARTOW AVENUE,Dead End,Dead end,WB,15,57.739998,0.0
2022-06-06,5,Bronx,BARTOW AVENUE,Dead End,Dead end,WB,19,59.18,0.0
2022-06-06,5,Bronx,BARTOW AVENUE,Dead End,Dead end,WB,18,59.18,0.0
2022-06-08,23,Bronx,BARTOW AVENUE,Dead End,Dead end,WB,46,68.45,0.0
2022-06-08,23,Bronx,BARTOW AVENUE,Dead End,Dead end,WB,33,68.45,0.0
2022-06-09,0,Bronx,BARTOW AVENUE,Dead End,Dead end,WB,31,68.18,0.0
2022-06-09,0,Bronx,BARTOW AVENUE,Dead End,Dead end,WB,30,68.18,0.0
2022-06-09,0,Bronx,BARTOW AVENUE,Dead End,Dead end,WB,19,68.18,0.0
2022-06-09,0,Bronx,BARTOW AVENUE,Dead End,Dead end,WB,25,68.18,0.0
2021-06-13,6,Manhattan,AMSTERDAM AVENUE,West 177 Street,West 178 Street,SB,46,60.260002,0.0
2021-06-13,6,Manhattan,AMSTERDAM AVENUE,West 177 Street,West 178 Street,SB,73,60.260002,0.0
2021-06-13,6,Manhattan,AMSTERDAM AVENUE,West 177 Street,West 178 Street,SB,102,60.260002,0.0
2021-06-13,6,Manhattan,AMSTERDAM AVENUE,West 177 Street,West 178 Street,SB,75,60.260002,0.0
2021-06-13,7,Manhattan,AMSTERDAM AVENUE,West 177 Street,West 178 Street,SB,55,62.69,0.0
2021-06-13,7,Manhattan,AMSTERDAM AVENUE,West 177 Street,West 178 Street,SB,73,62.69,0.0
2021-06-13,7,Manhattan,AMSTERDAM AVENUE,West 177 Street,West 178 Street,SB,61,62.69,0.0
2021-06-13,7,Manhattan,AMSTERDAM AVENUE,West 177 Street,West 178 Street,SB,71,62.69,0.0
2021-06-13,8,Manhattan,AMSTERDAM AVENUE,West 177 Street,West 178 Street,SB,63,65.3,0.0
2021-06-13,8,Manhattan,AMSTERDAM AVENUE,West 177 Street,West 178 Street,SB,61,65.3,0.0
2021-06-13,8,Manhattan,AMSTERDAM AVENUE,West 177 Street,West 178 Street,SB,63,65.3,0.0
2021-06-13,8,Manhattan,AMSTERDAM AVENUE,West 177 Street,West 178 Street,SB,58,65.3,0.0
2021-06-13,9,Manhattan,AMSTERDAM AVENUE,West 177 Street,West 178 Street,SB,59,68.18,0.0
2021-06-13,9,Manhattan,AMSTERDAM AVENUE,West 177 Street,West 178 Street,SB,56,68.18,0.0
2021-06-13,9,Manhattan,AMSTERDAM AVENUE,West 177 Street,West 178 Street,SB,68,68.18,0.0
2021-06-13,9,Manhattan,AMSTERDAM AVENUE,West 177 Street,West 178 Street,SB,70,68.18,0.0
2021-06-13,10,Manhattan,AMSTERDAM AVENUE,West 177 Street,West 178 Street,SB,88,70.880005,0.0
2021-06-13,10,Manhattan,AMSTERDAM AVENUE,West 177 Street,West 178 Street,SB,80,70.880005,0.0
2021-06-13,10,Manhattan,AMSTERDAM AVENUE,West 177 Street,West 178 Street,SB,78,70.880005,0.0
2021-06-13,10,Manhattan,AMSTERDAM AVENUE,West 177 Street,West 178 Street,SB,80,70.880005,0.0
2021-06-13,11,Manhattan,AMSTERDAM AVENUE,West 177 Street,West 178 Street,SB,94,73.130005,0.0
2021-06-13,11,Manhattan,AMSTERDAM AVENUE,West 177 Street,West 178 Street,SB,86,73.130005,0.0
2021-06-13,11,Manhattan,AMSTERDAM AVENUE,West 177 Street,West 178 Street,SB,105,73.130005,0.0
2021-06-13,11,Manhattan,AMSTERDAM AVENUE,West 177 Street,West 178 Street,SB,120,73.130005,0.0
2021-06-13,12,Manhattan,AMSTERDAM AVENUE,West 177 Street,West 178 Street,SB,103,74.93,0.0
2021-06-13,12,Manhattan,AMSTERDAM AVENUE,West 177 Street,West 178 Street,SB,87,74.93,0.0
2021-06-13,12,Manhattan,AMSTERDAM AVENUE,West 177 Street,West 178 Street,SB,99,74.93,0.0
2021-06-13,12,Manhattan,AMSTERDAM AVENUE,West 177 Street,West 178 Street,SB,109,74.93,0.0
2021-06-13,13,Manhattan,AMSTERDAM AVENUE,West 177 Street,West 178 Street,SB,116,74.66,0.0
2021-06-13,13,Manhattan,AMSTERDAM AVENUE,West 177 Street,West 178 Street,SB,105,74.66,0.0
2021-06-13,13,Manhattan,AMSTERDAM AVENUE,West 177 Street,West 178 Street,SB,107,74.66,0.0
2021-06-13,13,Manhattan,AMSTERDAM AVENUE,West 177 Street,West 178 Street,SB,111,74.66,0.0
2021-06-13,14,Manhattan,AMSTERDAM AVENUE,West 177 Street,West 178 Street,SB,128,71.78,0.0
2021-06-13,14,Manhattan,AMSTERDAM AVENUE,West 177 Street,West 178 Street,SB,137,71.78,0.0
2021-06-13,14,Manhattan,AMSTERDAM AVENUE,West 177 Street,West 178 Street,SB,116,71.78,0.0
2021-06-13,14,Manhattan,AMSTERDAM AVENUE,West 177 Street,West 178 Street,SB,117,71.78,0.0
2021-06-13,15,Manhattan,AMSTERDAM AVENUE,West 177 Street,West 178 Street,SB,114,69.08,0.0
2021-06-13,15,Manhattan,AMSTERDAM AVENUE,West 177 Street,West 178 Street,SB,117,69.08,0.0
2021-06-13,15,Manhattan,AMSTERDAM AVENUE,West 177 Street,West 178 Street,SB,122,69.08,0.0
2021-06-13,15,Manhattan,AMSTERDAM AVENUE,West 177 Street,West 178 Street,SB,114,69.08,0.0
2021-06-13,16,Manhattan,AMSTERDAM AVENUE,West 177 Street,West 178 Street,SB,105,68.09,0.003937008
2021-06-13,16,Manhattan,AMSTERDAM AVENUE,West 177 Street,West 178 Street,SB,116,68.09,0.003937008
2021-06-13,16,Manhattan,AMSTERDAM AVENUE,West 177 Street,West 178 Street,SB,113,68.09,0.003937008
2021-06-13,16,Manhattan,AMSTERDAM AVENUE,West 177 Street,West 178 Street,SB,104,68.09,0.003937008
2021-06-13,17,Manhattan,AMSTERDAM AVENUE,West 177 Street,West 178 Street,SB,109,68.36,0.0
2021-06-13,17,Manhattan,AMSTERDAM AVENUE,West 177 Street,West 178 Street,SB,117,68.36,0.0
2021-06-13,17,Manhattan,AMSTERDAM AVENUE,West 177 Street,West 178 Street,SB,112,68.36,0.0
2021-06-13,17,Manhattan,AMSTERDAM AVENUE,West 177 Street,West 178 Street,SB,131,68.36,0.0
2021-06-13,18,Manhattan,AMSTERDAM AVENUE,West 177 Street,West 178 Street,SB,127,67.55,0.0
2021-06-13,18,Manhattan,AMSTERDAM AVENUE,West 177 Street,West 178 Street,SB,127,67.55,0.0
2021-06-13,18,Manhattan,AMSTERDAM AVENUE,West 177 Street,West 178 Street,SB,138,67.55,0.0
2021-06-13,18,Manhattan,AMSTERDAM AVENUE,West 177 Street,West 178 Street,SB,128,67.55,0.0
2021-06-13,19,Manhattan,AMSTERDAM AVENUE,West 177 Street,West 178 Street,SB,128,66.65,0.0
2021-06-13,19,Manhattan,AMSTERDAM AVENUE,West 177 Street,West 178 Street,SB,116,66.65,0.0
2021-06-13,19,Manhattan,AMSTERDAM AVENUE,West 177 Street,West 178 Street,SB,130,66.65,0.0
2021-06-13,19,Manhattan,AMSTERDAM AVENUE,West 177 Street,West 178 Street,SB,119,66.65,0.0
2021-06-13,20,Manhattan,AMSTERDAM AVENUE,West 177 Street,West 178 Street,SB,131,65.03,0.0
2021-06-13,20,Manhattan,AMSTERDAM AVENUE,West 177 Street,West 178 Street,SB,129,65.03,0.0
2021-06-13,20,Manhattan,AMSTERDAM AVENUE,West 177 Street,West 178 Street,SB,116,65.03,0.0
2021-06-13,20,Manhattan,AMSTERDAM AVENUE,West 177 Street,West 178 Street,SB,88,65.03,0.0
2021-06-13,21,Manhattan,AMSTERDAM AVENUE,West 177 Street,West 178 Street,SB,99,64.130005,0.0
2021-06-13,21,Manhattan,AMSTERDAM AVENUE,West 177 Street,West 178 Street,SB,116,64.130005,0.0
2021-06-13,21,Manhattan,AMSTERDAM AVENUE,West 177 Street,West 178 Street,SB,110,64.130005,0.0
2021-06-13,21,Manhattan,AMSTERDAM AVENUE,West 177 Street,West 178 Street,SB,113,64.130005,0.0
2021-06-13,22,Manhattan,AMSTERDAM AVENUE,West 177 Street,West 178 Street,SB,111,64.22,0.0
2021-06-13,22,Manhattan,AMSTERDAM AVENUE,West 177 Street,West 178 Street,SB,104,64.22,0.0
2021-06-13,22,Manhattan,AMSTERDAM AVENUE,West 177 Street,West 178 Street,SB,116,64.22,0.0
2021-06-13,22,Manhattan,AMSTERDAM AVENUE,West 177 Street,West 178 Street,SB,86,64.22,0.0
2021-06-13,23,Manhattan,AMSTERDAM AVENUE,West 177 Street,West 178 Street,SB,106,64.04,0.0
2021-06-13,23,Manhattan,AMSTERDAM AVENUE,West 177 Street,West 178 Street,SB,85,64.04,0.0
2021-06-13,23,Manhattan,AMSTERDAM AVENUE,West 177 Street,West 178 Street,SB,91,64.04,0.0
2021-06-13,23,Manhattan,AMSTERDAM AVENUE,West 177 Street,West 178 Street,SB,78,64.04,0.0
2021-06-14,0,Manhattan,AMSTERDAM AVENUE,West 177 Street,West 178 Street,SB,78,63.68,0.0
2021-06-14,0,Manhattan,AMSTERDAM AVENUE,West 177 Street,West 178 Street,SB,85,63.68,0.0
2021-06-14,0,Manhattan,AMSTERDAM AVENUE,West 177 Street,West 178 Street,SB,82,63.68,0.0
2021-06-14,0,Manhattan,AMSTERDAM AVENUE,West 177 Street,West 178 Street,SB,67,63.68,0.0
2021-06-14,1,Manhattan,AMSTERDAM AVENUE,West 177 Street,West 178 Street,SB,56,63.95,0.0
2021-06-14,1,Manhattan,AMSTERDAM AVENUE,West 177 Street,West 178 Street,SB,63,63.95,0.0
2021-06-14,1,Manhattan,AMSTERDAM AVENUE,West 177 Street,West 178 Street,SB,46,63.95,0.0
2021-06-14,1,Manhattan,AMSTERDAM AVENUE,West 177 Street,West 178 Street,SB,51,63.95,0.0
2021-06-14,2,Manhattan,AMSTERDAM AVENUE,West 177 Street,West 178 Street,SB,34,63.41,0.0
2021-06-14,2,Manhattan,AMSTERDAM AVENUE,West 177 Street,West 178 Street,SB,37,63.41,0.0
2021-06-14,2,Manhattan,AMSTERDAM AVENUE,West 177 Street,West 178 Street,SB,31,63.41,0.0
2021-06-14,2,Manhattan,AMSTERDAM AVENUE,West 177 Street,West 178 Street,SB,38,63.41,0.0
2021-06-14,3,Manhattan,AMSTERDAM AVENUE,West 177 Street,West 178 Street,SB,29,63.769997,0.0
2021-06-14,3,Manhattan,AMSTERDAM AVENUE,West 177 Street,West 178 Street,SB,27,63.769997,0.0
2021-06-14,3,Manhattan,AMSTERDAM AVENUE,West 177 Street,West 178 Street,SB,29,63.769997,0.0
2021-06-14,3,Manhattan,AMSTERDAM AVENUE,West 177 Street,West 178 Street,SB,26,63.769997,0.0
2021-06-14,4,Manhattan,AMSTERDAM AVENUE,West 177 Street,West 178 Street,SB,43,63.95,0.0
2021-06-14,4,Manhattan,AMSTERDAM AVENUE,West 177 Street,West 178 Street,SB,30,63.95,0.0
2021-06-14,4,Manhattan,AMSTERDAM AVENUE,West 177 Street,West 178 Street,SB,34,63.95,0.0
2021-06-14,4,Manhattan,AMSTERDAM AVENUE,West 177 Street,West 178 Street,SB,41,63.95,0.0
2021-06-14,5,Manhattan,AMSTERDAM AVENUE,West 177 Street,West 178 Street,SB,44,64.04,0.0
2021-06-14,5,Manhattan,AMSTERDAM AVENUE,West 177 Street,West 178 Street,SB,47,64.04,0.0
2021-06-14,5,Manhattan,AMSTERDAM AVENUE,West 177 Street,West 178 Street,SB,67,64.04,0.0
2021-06-14,5,Manhattan,AMSTERDAM AVENUE,West 177 Street,West 178 Street,SB,78,64.04,0.0
2021-06-14,6,Manhattan,AMSTERDAM AVENUE,West 177 Street,West 178 Street,SB,70,64.130005,0.015748031
2021-06-14,6,Manhattan,AMSTERDAM AVENUE,West 177 Street,West 178 Street,SB,106,64.130005,0.015748031
2021-06-14,6,Manhattan,AMSTERDAM AVENUE,West 177 Street,West 178 Street,SB,177,64.130005,0.015748031
2021-06-14,6,Manhattan,AMSTERDAM AVENUE,West 177 Street,West 178 Street,SB,173,64.130005,0.015748031
2021-06-14,7,Manhattan,AMSTERDAM AVENUE,West 177 Street,West 178 Street,SB,150,64.4,0.062992126
2021-06-14,7,Manhattan,AMSTERDAM AVENUE,West 177 Street,West 178 Street,SB,168,64.4,0.062992126
2021-06-14,7,Manhattan,AMSTERDAM AVENUE,West 177 Street,West 178 Street,SB,145,64.4,0.062992126
2021-06-14,7,Manhattan,AMSTERDAM AVENUE,West 177 Street,West 178 Street,SB,163,64.4,0.062992126
2021-06-14,8,Manhattan,AMSTERDAM AVENUE,West 177 Street,West 178 Street,SB,171,66.380005,0.03543307
2021-11-12,10,Manhattan,AVENUE OF THE AMERICAS,6 Avenue Line,6 Avenue Line,NB,311,63.59,0.07480315
2021-11-12,10,Manhattan,AVENUE OF THE AMERICAS,6 Avenue Line,6 Avenue Line,NB,300,63.59,0.07480315
2021-11-12,10,Manhattan,AVENUE OF THE AMERICAS,6 Avenue Line,6 Avenue Line,NB,302,63.59,0.07480315
2021-11-12,11,Manhattan,AVENUE OF THE AMERICAS,6 Avenue Line,6 Avenue Line,NB,335,62.69,0.1496063
2021-11-12,11,Manhattan,AVENUE OF THE AMERICAS,6 Avenue Line,6 Avenue Line,NB,302,62.69,0.1496063
2021-11-12,11,Manhattan,AVENUE OF THE AMERICAS,6 Avenue Line,6 Avenue Line,NB,314,62.69,0.1496063
2021-11-12,11,Manhattan,AVENUE OF THE AMERICAS,6 Avenue Line,6 Avenue Line,NB,261,62.69,0.1496063
2021-11-12,12,Manhattan,AVENUE OF THE AMERICAS,6 Avenue Line,6 Avenue Line,NB,297,63.5,0.24409449
2021-11-12,12,Manhattan,AVENUE OF THE AMERICAS,6 Avenue Line,6 Avenue Line,NB,254,63.5,0.24409449
2021-11-12,12,Manhattan,AVENUE OF THE AMERICAS,6 Avenue Line,6 Avenue Line,NB,279,63.5,0.24409449
2021-11-12,12,Manhattan,AVENUE OF THE AMERICAS,6 Avenue Line,6 Avenue Line,NB,289,63.5,0.24409449
2021-11-12,13,Manhattan,AVENUE OF THE AMERICAS,6 Avenue Line,6 Avenue Line,NB,315,63.59,0.015748031
2021-11-12,13,Manhattan,AVENUE OF THE AMERICAS,6 Avenue Line,6 Avenue Line,NB,314,63.59,0.015748031
2021-11-12,13,Manhattan,AVENUE OF THE AMERICAS,6 Avenue Line,6 Avenue Line,NB,282,63.59,0.015748031
2021-11-12,13,Manhattan,AVENUE OF THE AMERICAS,6 Avenue Line,6 Avenue Line,NB,328,63.59,0.015748031
2021-11-12,14,Manhattan,AVENUE OF THE AMERICAS,6 Avenue Line,6 Avenue Line,NB,313,62.69,0.01968504
2021-11-12,14,Manhattan,AVENUE OF THE AMERICAS,6 Avenue Line,6 Avenue Line,NB,338,62.69,0.01968504
2021-11-12,14,Manhattan,AVENUE OF THE AMERICAS,6 Avenue Line,6 Avenue Line,NB,320,62.69,0.01968504
2021-11-12,14,Manhattan,AVENUE OF THE AMERICAS,6 Avenue Line,6 Avenue Line,NB,337,62.69,0.01968504
2021-11-12,15,Manhattan,AVENUE OF THE AMERICAS,6 Avenue Line,6 Avenue Line,NB,325,64.04,0.0
2021-11-12,15,Manhattan,AVENUE OF THE AMERICAS,6 Avenue Line,6 Avenue Line,NB,342,64.04,0.0
2021-11-12,15,Manhattan,AVENUE OF THE AMERICAS,6 Avenue Line,6 Avenue Line,NB,313,64.04,0.0
2021-11-12,15,Manhattan,AVENUE OF THE AMERICAS,6 Avenue Line,6 Avenue Line,NB,357,64.04,0.0
2021-11-12,16,Manhattan,AVENUE OF THE AMERICAS,6 Avenue Line,6 Avenue Line,NB,274,63.86,0.0
2021-11-12,16,Manhattan,AVENUE OF THE AMERICAS,6 Avenue Line,6 Avenue Line,NB,292,63.86,0.0
2021-11-12,16,Manhattan,AVENUE OF THE AMERICAS,6 Avenue Line,6 Avenue Line,NB,271,63.86,0.0
2021-11-12,16,Manhattan,AVENUE OF THE AMERICAS,6 Avenue Line,6 Avenue Line,NB,337,63.86,0.0
2021-11-12,17,Manhattan,AVENUE OF THE AMERICAS,6 Avenue Line,6 Avenue Line,NB,290,62.06,0.0
2021-11-12,17,Manhattan,AVENUE OF THE AMERICAS,6 Avenue Line,6 Avenue Line,NB,300,62.06,0.0
2021-11-12,17,Manhattan,AVENUE OF THE AMERICAS,6 Avenue Line,6 Avenue Line,NB,299,62.06,0.0
2021-11-12,17,Manhattan,AVENUE OF THE AMERICAS,6 Avenue Line,6 Avenue Line,NB,306,62.06,0.0
2021-11-12,18,Manhattan,AVENUE OF THE AMERICAS,6 Avenue Line,6 Avenue Line,NB,334,57.559998,0.0
2021-11-12,18,Manhattan,AVENUE OF THE AMERICAS,6 Avenue Line,6 Avenue Line,NB,344,57.559998,0.0
2021-11-12,18,Manhattan,AVENUE OF THE AMERICAS,6 Avenue Line,6 Avenue Line,NB,315,57.559998,0.0
2021-11-12,18,Manhattan,AVENUE OF THE AMERICAS,6 Avenue Line,6 Avenue Line,NB,306,57.559998,0.0
2021-11-12,19,Manhattan,AVENUE OF THE AMERICAS,6 Avenue Line,6 Avenue Line,NB,339,55.4,0.0
2021-11-12,19,Manhattan,AVENUE OF THE AMERICAS,6 Avenue Line,6 Avenue Line,NB,260,55.4,0.0
2021-11-12,19,Manhattan,AVENUE OF THE AMERICAS,6 Avenue Line,6 Avenue Line,NB,397,55.4,0.0
2021-11-12,19,Manhattan,AVENUE OF THE AMERICAS,6 Avenue Line,6 Avenue Line,NB,335,55.4,0.0
2021-11-12,20,Manhattan,AVENUE OF THE AMERICAS,6 Avenue Line,6 Avenue Line,NB,264,53.690002,0.0
2021-11-12,20,Manhattan,AVENUE OF THE AMERICAS,6 Avenue Line,6 Avenue Line,NB,396,53.690002,0.0
2021-11-12,20,Manhattan,AVENUE OF THE AMERICAS,6 Avenue Line,6 Avenue Line,NB,315,53.690002,0.0
2021-11-12,20,Manhattan,AVENUE OF THE AMERICAS,6 Avenue Line,6 Avenue Line,NB,330,53.690002,0.0
2021-11-12,21,Manhattan,AVENUE OF THE AMERICAS,6 Avenue Line,6 Avenue Line,NB,282,51.71,0.0
2021-11-12,21,Manhattan,AVENUE OF THE AMERICAS,6 Avenue Line,6 Avenue Line,NB,343,51.71,0.0
2021-11-12,21,Manhattan,AVENUE OF THE AMERICAS,6 Avenue Line,6 Avenue Line,NB,284,51.71,0.0
2021-11-12,21,Manhattan,AVENUE OF THE AMERICAS,6 Avenue Line,6 Avenue Line,NB,267,51.71,0.0
2021-11-12,22,Manhattan,AVENUE OF THE AMERICAS,6 Avenue Line,6 Avenue Line,NB,333,49.46,0.0
2021-11-12,22,Manhattan,AVENUE OF THE AMERICAS,6 Avenue Line,6 Avenue Line,NB,340,49.46,0.0
2021-11-12,22,Manhattan,AVENUE OF THE AMERICAS,6 Avenue Line,6 Avenue Line,NB,320,49.46,0.0
2021-11-12,22,Manhattan,AVENUE OF THE AMERICAS,6 Avenue Line,6 Avenue Line,NB,418,49.46,0.0
2021-11-12,23,Manhattan,AVENUE OF THE AMERICAS,6 Avenue Line,6 Avenue Line,NB,314,47.84,0.0
2021-11-12,23,Manhattan,AVENUE OF THE AMERICAS,6 Avenue Line,6 Avenue Line,NB,304,47.84,0.0
2021-11-12,23,Manhattan,AVENUE OF THE AMERICAS,6 Avenue Line,6 Avenue Line,NB,229,47.84,0.0
2021-11-12,23,Manhattan,AVENUE OF THE AMERICAS,6 Avenue Line,6 Avenue Line,NB,322,47.84,0.0
2021-11-13,0,Manhattan,AVENUE OF THE AMERICAS,6 Avenue Line,6 Avenue Line,NB,222,46.4,0.0
2021-11-13,0,Manhattan,AVENUE OF THE AMERICAS,6 Avenue Line,6 Avenue Line,NB,248,46.4,0.0
2021-11-13,0,Manhattan,AVENUE OF THE AMERICAS,6 Avenue Line,6 Avenue Line,NB,169,46.4,0.0
2021-11-13,0,Manhattan,AVENUE OF THE AMERICAS,6 Avenue Line,6 Avenue Line,NB,156,46.4,0.0
2021-11-13,1,Manhattan,AVENUE OF THE AMERICAS,6 Avenue Line,6 Avenue Line,NB,135,45.23,0.0
2021-11-13,1,Manhattan,AVENUE OF THE AMERICAS,6 Avenue Line,6 Avenue Line,NB,192,45.23,0.0
2021-11-13,1,Manhattan,AVENUE OF THE AMERICAS,6 Avenue Line,6 Avenue Line,NB,160,45.23,0.0
2021-11-13,1,Manhattan,AVENUE OF THE AMERICAS,6 Avenue Line,6 Avenue Line,NB,133,45.23,0.0
2021-11-13,2,Manhattan,AVENUE OF THE AMERICAS,6 Avenue Line,6 Avenue Line,NB,86,45.5,0.0
2021-11-13,2,Manhattan,AVENUE OF THE AMERICAS,6 Avenue Line,6 Avenue Line,NB,74,45.5,0.0
2021-11-13,2,Manhattan,AVENUE OF THE AMERICAS,6 Avenue Line,6 Avenue Line,NB,102,45.5,0.0
2021-11-13,2,Manhattan,AVENUE OF THE AMERICAS,6 Avenue Line,6 Avenue Line,NB,88,45.5,0.0
2021-11-13,3,Manhattan,AVENUE OF THE AMERICAS,6 Avenue Line,6 Avenue Line,NB,103,44.15,0.0
2021-11-13,3,Manhattan,AVENUE OF THE AMERICAS,6 Avenue Line,6 Avenue Line,NB,80,44.15,0.0
2021-11-13,3,Manhattan,AVENUE OF THE AMERICAS,6 Avenue Line,6 Avenue Line,NB,127,44.15,0.0
2021-11-13,3,Manhattan,AVENUE OF THE AMERICAS,6 Avenue Line,6 Avenue Line,NB,138,44.15,0.0
2021-11-13,4,Manhattan,AVENUE OF THE AMERICAS,6 Avenue Line,6 Avenue Line,NB,135,44.15,0.0
2021-11-13,4,Manhattan,AVENUE OF THE AMERICAS,6 Avenue Line,6 Avenue Line,NB,65,44.15,0.0
2021-11-13,4,Manhattan,AVENUE OF THE AMERICAS,6 Avenue Line,6 Avenue Line,NB,106,44.15,0.0
2021-11-13,4,Manhattan,AVENUE OF THE AMERICAS,6 Avenue Line,6 Avenue Line,NB,117,44.15,0.0
2021-11-13,5,Manhattan,AVENUE OF THE AMERICAS,6 Avenue Line,6 Avenue Line,NB,131,44.059998,0.0
2021-11-13,5,Manhattan,AVENUE OF THE AMERICAS,6 Avenue Line,6 Avenue Line,NB,148,44.059998,0.0
2021-11-13,5,Manhattan,AVENUE OF THE AMERICAS,6 Avenue Line,6 Avenue Line,NB,140,44.059998,0.0
2021-11-13,5,Manhattan,AVENUE OF THE AMERICAS,6 Avenue Line,6 Avenue Line,NB,303,44.059998,0.0
2021-11-13,6,Manhattan,AVENUE OF THE AMERICAS,6 Avenue Line,6 Avenue Line,NB,244,44.510002,0.0
2021-11-13,6,Manhattan,AVENUE OF THE AMERICAS,6 Avenue Line,6 Avenue Line,NB,313,44.510002,0.0
2021-11-13,6,Manhattan,AVENUE OF THE AMERICAS,6 Avenue Line,6 Avenue Line,NB,335,44.510002,0.0
2021-11-13,6,Manhattan,AVENUE OF THE AMERICAS,6 Avenue Line,6 Avenue Line,NB,330,44.510002,0.0
2021-11-13,7,Manhattan,AVENUE OF THE AMERICAS,6 Avenue Line,6 Avenue Line,NB,394,47.66,0.0
2021-11-13,7,Manhattan,AVENUE OF THE AMERICAS,6 Avenue Line,6 Avenue Line,NB,325,47.66,0.0
2021-11-13,7,Manhattan,AVENUE OF THE AMERICAS,6 Avenue Line,6 Avenue Line,NB,262,47.66,0.0
2021-11-13,7,Manhattan,AVENUE OF THE AMERICAS,6 Avenue Line,6 Avenue Line,NB,318,47.66,0.0
2021-11-13,8,Manhattan,AVENUE OF THE AMERICAS,6 Avenue Line,6 Avenue Line,NB,377,49.46,0.0
2021-11-13,8,Manhattan,AVENUE OF THE AMERICAS,6 Avenue Line,6 Avenue Line,NB,358,49.46,0.0
2021-11-13,8,Manhattan,AVENUE OF THE AMERICAS,6 Avenue Line,6 Avenue Line,NB,241,49.46,0.0
2021-11-13,8,Manhattan,AVENUE OF THE AMERICAS,6 Avenue Line,6 Avenue Line,NB,264,49.46,0.0
2021-11-13,9,Manhattan,AVENUE OF THE AMERICAS,6 Avenue Line,6 Avenue Line,NB,255,52.79,0.0
2021-11-13,9,Manhattan,AVENUE OF THE AMERICAS,6 Avenue Line,6 Avenue Line,NB,277,52.79,0.0
2021-11-13,9,Manhattan,AVENUE OF THE AMERICAS,6 Avenue Line,6 Avenue Line,NB,183,52.79,0.0
2021-11-13,9,Manhattan,AVENUE OF THE AMERICAS,6 Avenue Line,6 Avenue Line,NB,158,52.79,0.0
2021-11-13,10,Manhattan,AVENUE OF THE AMERICAS,6 Avenue Line,6 Avenue Line,NB,252,58.37,0.0
2021-11-13,10,Manhattan,AVENUE OF THE AMERICAS,6 Avenue Line,6 Avenue Line,NB,183,58.37,0.0
2021-11-13,10,Manhattan,AVENUE OF THE AMERICAS,6 Avenue Line,6 Avenue Line,NB,319,58.37,0.0
2021-11-13,10,Manhattan,AVENUE OF THE AMERICAS,6 Avenue Line,6 Avenue Line,NB,176,58.37,0.0
2021-11-13,11,Manhattan,AVENUE OF THE AMERICAS,6 Avenue Line,6 Avenue Line,NB,217,60.260002,0.0
2021-11-13,11,Manhattan,AVENUE OF THE AMERICAS,6 Avenue Line,6 Avenue Line,NB,221,60.260002,0.0
2021-11-13,11,Manhattan,AVENUE OF THE AMERICAS,6 Avenue Line,6 Avenue Line,NB,241,60.260002,0.0
2021-11-13,11,Manhattan,AVENUE OF THE AMERICAS,6 Avenue Line,6 Avenue Line,NB,290,60.260002,0.0
2021-11-13,12,Manhattan,AVENUE OF THE AMERICAS,6 Avenue Line,6 Avenue Line,NB,304,60.8,0.0
2021-11-13,12,Manhattan,AVENUE OF THE AMERICAS,6 Avenue Line,6 Avenue Line,NB,316,60.8,0.0
2023-03-21,10,Bronx,BOSTON ROAD,Dead end,East 176 Street,SB,67,44.96,0.0
2023-03-21,11,Bronx,BOSTON ROAD,Dead end,East 176 Street,SB,86,50.36,0.0
2023-03-21,11,Bronx,BOSTON ROAD,Dead end,East 176 Street,SB,66,50.36,0.0
2023-03-21,11,Bronx,BOSTON ROAD,Dead end,East 176 Street,SB,77,50.36,0.0
2023-03-21,11,Bronx,BOSTON ROAD,Dead end,East 176 Street,SB,69,50.36,0.0
2023-03-21,12,Bronx,BOSTON ROAD,Dead end,East 176 Street,SB,79,53.33,0.0
2023-03-21,12,Bronx,BOSTON ROAD,Dead end,East 176 Street,SB,64,53.33,0.0
2023-03-21,12,Bronx,BOSTON ROAD,Dead end,East 176 Street,SB,66,53.33,0.0
2023-03-21,12,Bronx,BOSTON ROAD,Dead end,East 176 Street,SB,65,53.33,0.0
2023-03-21,13,Bronx,BOSTON ROAD,Dead end,East 176 Street,SB,71,55.22,0.0
2023-03-21,13,Bronx,BOSTON ROAD,Dead end,East 176 Street,SB,79,55.22,0.0
2023-03-21,13,Bronx,BOSTON ROAD,Dead end,East 176 Street,SB,77,55.22,0.0
2023-03-21,13,Bronx,BOSTON ROAD,Dead end,East 176 Street,SB,64,55.22,0.0
2023-03-21,14,Bronx,BOSTON ROAD,Dead end,East 176 Street,SB,75,57.47,0.0
2023-03-21,14,Bronx,BOSTON ROAD,Dead end,East 176 Street,SB,74,57.47,0.0
2023-03-21,14,Bronx,BOSTON ROAD,Dead end,East 176 Street,SB,119,57.47,0.0
2023-03-21,14,Bronx,BOSTON ROAD,Dead end,East 176 Street,SB,100,57.47,0.0
2023-03-21,15,Bronx,BOSTON ROAD,Dead end,East 176 Street,SB,98,58.010002,0.0
2023-03-21,15,Bronx,BOSTON ROAD,Dead end,East 176 Street,SB,89,58.010002,0.0
2023-03-21,15,Bronx,BOSTON ROAD,Dead end,East 176 Street,SB,98,58.010002,0.0
2023-03-21,15,Bronx,BOSTON ROAD,Dead end,East 176 Street,SB,96,58.010002,0.0
2023-03-21,16,Bronx,BOSTON ROAD,Dead end,East 176 Street,SB,95,57.38,0.0
2023-03-21,16,Bronx,BOSTON ROAD,Dead end,East 176 Street,SB,89,57.38,0.0
2023-03-21,16,Bronx,BOSTON ROAD,Dead end,East 176 Street,SB,104,57.38,0.0
2023-03-21,16,Bronx,BOSTON ROAD,Dead end,East 176 Street,SB,96,57.38,0.0
2023-03-21,17,Bronx,BOSTON ROAD,Dead end,East 176 Street,SB,96,58.55,0.0
2023-03-21,17,Bronx,BOSTON ROAD,Dead end,East 176 Street,SB,90,58.55,0.0
2023-03-21,17,Bronx,BOSTON ROAD,Dead end,East 176 Street,SB,92,58.55,0.0
2023-03-21,17,Bronx,BOSTON ROAD,Dead end,East 176 Street,SB,95,58.55,0.0
2023-03-21,18,Bronx,BOSTON ROAD,Dead end,East 176 Street,SB,78,56.84,0.0
2023-03-21,18,Bronx,BOSTON ROAD,Dead end,East 176 Street,SB,73,56.84,0.0
2023-03-21,18,Bronx,BOSTON ROAD,Dead end,East 176 Street,SB,86,56.84,0.0
2023-03-21,18,Bronx,BOSTON ROAD,Dead end,East 176 Street,SB,79,56.84,0.0
2023-03-21,19,Bronx,BOSTON ROAD,Dead end,East 176 Street,SB,71,50.09,0.0
2023-03-21,19,Bronx,BOSTON ROAD,Dead end,East 176 Street,SB,61,50.09,0.0
2023-03-21,19,Bronx,BOSTON ROAD,Dead end,East 176 Street,SB,64,50.09,0.0
2023-03-21,19,Bronx,BOSTON ROAD,Dead end,East 176 Street,SB,63,50.09,0.0
2023-03-21,20,Bronx,BOSTON ROAD,Dead end,East 176 Street,SB,57,48.29,0.0
2023-03-21,20,Bronx,BOSTON ROAD,Dead end,East 176 Street,SB,47,48.29,0.0
2023-03-21,20,Bronx,BOSTON ROAD,Dead end,East 176 Street,SB,44,48.29,0.0
2023-03-21,20,Bronx,BOSTON ROAD,Dead end,East 176 Street,SB,38,48.29,0.0
2023-03-21,21,Bronx,BOSTON ROAD,Dead end,East 176 Street,SB,44,47.3,0.0
2023-03-21,21,Bronx,BOSTON ROAD,Dead end,East 176 Street,SB,53,47.3,0.0
2023-03-21,21,Bronx,BOSTON ROAD,Dead end,East 176 Street,SB,32,47.3,0.0
2023-03-21,21,Bronx,BOSTON ROAD,Dead end,East 176 Street,SB,29,47.3,0.0
2023-03-21,22,Bronx,BOSTON ROAD,Dead end,East 176 Street,SB,26,45.95,0.0
2023-03-21,22,Bronx,BOSTON ROAD,Dead end,East 176 Street,SB,40,45.95,0.0
2023-03-21,22,Bronx,BOSTON ROAD,Dead end,East 176 Street,SB,28,45.95,0.0
2023-03-21,22,Bronx,BOSTON ROAD,Dead end,East 176 Street,SB,26,45.95,0.0
2023-03-21,23,Bronx,BOSTON ROAD,Dead end,East 176 Street,SB,15,44.96,0.0
2023-03-21,23,Bronx,BOSTON ROAD,Dead end,East 176 Street,SB,26,44.96,0.0
2023-03-21,23,Bronx,BOSTON ROAD,Dead end,East 176 Street,SB,31,44.96,0.0
2023-03-21,23,Bronx,BOSTON ROAD,Dead end,East 176 Street,SB,35,44.96,0.0
2023-03-22,0,Bronx,BOSTON ROAD,Dead end,East 176 Street,SB,25,42.98,0.0
2023-03-22,0,Bronx,BOSTON ROAD,Dead end,East 176 Street,SB,18,42.98,0.0
2023-03-22,0,Bronx,BOSTON ROAD,Dead end,East 176 Street,SB,22,42.98,0.0
2023-03-22,0,Bronx,BOSTON ROAD,Dead end,East 176 Street,SB,14,42.98,0.0
2023-03-22,1,Bronx,BOSTON ROAD,Dead end,East 176 Street,SB,15,39.74,0.0
2023-03-22,1,Bronx,BOSTON ROAD,Dead end,East 176 Street,SB,11,39.74,0.0
2023-03-22,1,Bronx,BOSTON ROAD,Dead end,East 176 Street,SB,12,39.74,0.0
2023-03-22,1,Bronx,BOSTON ROAD,Dead end,East 176 Street,SB,6,39.74,0.0
2023-03-22,2,Bronx,BOSTON ROAD,Dead end,East 176 Street,SB,15,38.12,0.0
2023-03-22,2,Bronx,BOSTON ROAD,Dead end,East 176 Street,SB,1,38.12,0.0
2023-03-22,2,Bronx,BOSTON ROAD,Dead end,East 176 Street,SB,6,38.12,0.0
2023-03-22,2,Bronx,BOSTON ROAD,Dead end,East 176 Street,SB,6,38.12,0.0
2023-03-22,3,Bronx,BOSTON ROAD,Dead end,East 176 Street,SB,4,36.77,0.0
2023-03-22,3,Bronx,BOSTON ROAD,Dead end,East 176 Street,SB,7,36.77,0.0
2023-03-22,3,Bronx,BOSTON ROAD,Dead end,East 176 Street,SB,10,36.77,0.0
2023-03-22,3,Bronx,BOSTON ROAD,Dead end,East 176 Street,SB,9,36.77,0.0
2023-03-22,4,Bronx,BOSTON ROAD,Dead end,East 176 Street,SB,8,35.78,0.0
2023-03-22,4,Bronx,BOSTON ROAD,Dead end,East 176 Street,SB,8,35.78,0.0
2023-03-22,4,Bronx,BOSTON ROAD,Dead end,East 176 Street,SB,19,35.78,0.0
2023-03-22,4,Bronx,BOSTON ROAD,Dead end,East 176 Street,SB,9,35.78,0.0
2023-03-22,5,Bronx,BOSTON ROAD,Dead end,East 176 Street,SB,11,34.88,0.0
2023-03-22,5,Bronx,BOSTON ROAD,Dead end,East 176 Street,SB,16,34.88,0.0
2023-03-22,5,Bronx,BOSTON ROAD,Dead end,East 176 Street,SB,18,34.88,0.0
2023-03-22,5,Bronx,BOSTON ROAD,Dead end,East 176 Street,SB,32,34.88,0.0
2023-03-22,6,Bronx,BOSTON ROAD,Dead end,East 176 Street,SB,33,35.15,0.0
2023-03-22,6,Bronx,BOSTON ROAD,Dead end,East 176 Street,SB,46,35.15,0.0
2023-03-22,6,Bronx,BOSTON ROAD,Dead end,East 176 Street,SB,81,35.15,0.0
2023-03-22,6,Bronx,BOSTON ROAD,Dead end,East 176 Street,SB,65,35.15,0.0
2023-03-22,7,Bronx,BOSTON ROAD,Dead end,East 176 Street,SB,94,35.96,0.0
2023-03-22,7,Bronx,BOSTON ROAD,Dead end,East 176 Street,SB,90,35.96,0.0
2023-03-22,7,Bronx,BOSTON ROAD,Dead end,East 176 Street,SB,100,35.96,0.0
2023-03-22,7,Bronx,BOSTON ROAD,Dead end,East 176 Street,SB,98,35.96,0.0
2023-03-22,8,Bronx,BOSTON ROAD,Dead end,East 176 Street,SB,108,41.18,0.0
2023-03-22,8,Bronx,BOSTON ROAD,Dead end,East 176 Street,SB,90,41.18,0.0
2023-03-22,8,Bronx,BOSTON ROAD,Dead end,East 176 Street,SB,101,41.18,0.0
2023-03-22,8,Bronx,BOSTON ROAD,Dead end,East 176 Street,SB,106,41.18,0.0
2023-03-22,9,Bronx,BOSTON ROAD,Dead end,East 176 Street,SB,112,43.79,0.0
2023-03-22,9,Bronx,BOSTON ROAD,Dead end,East 176 Street,SB,86,43.79,0.0
2023-03-22,9,Bronx,BOSTON ROAD,Dead end,East 176 Street,SB,73,43.79,0.0
2023-03-22,9,Bronx,BOSTON ROAD,Dead end,East 176 Street,SB,84,43.79,0.0
2023-03-22,10,Bronx,BOSTON ROAD,Dead end,East 176 Street,SB,76,46.22,0.0
2023-03-22,10,Bronx,BOSTON ROAD,Dead end,East 176 Street,SB,52,46.22,0.0
2023-03-22,10,Bronx,BOSTON ROAD,Dead end,East 176 Street,SB,65,46.22,0.0
2023-03-22,10,Bronx,BOSTON ROAD,Dead end,East 176 Street,SB,68,46.22,0.0
2023-03-22,11,Bronx,BOSTON ROAD,Dead end,East 176 Street,SB,61,50.54,0.0
2023-03-22,11,Bronx,BOSTON ROAD,Dead end,East 176 Street,SB,74,50.54,0.0
2023-03-22,11,Bronx,BOSTON ROAD,Dead end,East 176 Street,SB,72,50.54,0.0
2023-03-22,11,Bronx,BOSTON ROAD,Dead end,East 176 Street,SB,64,50.54,0.0
2023-03-22,12,Bronx,BOSTON ROAD,Dead end,East 176 Street,SB,84,52.61,0.0
2023-03-22,12,Bronx,BOSTON ROAD,Dead end,East 176 Street,SB,69,52.61,0.0
2023-03-22,12,Bronx,BOSTON ROAD,Dead end,East 176 Street,SB,71,52.61,0.0
2023-03-22,12,Bronx,BOSTON ROAD,Dead end,East 176 Street,SB,76,52.61,0.0
2022-04-25,0,Manhattan,FREDERICK DOUGLASS BOULEVARD,West 151 Street,West 152 Street,NB,29,44.87,0.0
2022-04-25,0,Manhattan,FREDERICK DOUGLASS BOULEVARD,West 151 Street,West 152 Street,NB,22,44.87,0.0
2022-04-25,0,Manhattan,FREDERICK DOUGLASS BOULEVARD,West 151 Street,West 152 Street,NB,20,44.87,0.0
2022-04-25,0,Manhattan,FREDERICK DOUGLASS BOULEVARD,West 151 Street,West 152 Street,NB,18,44.87,0.0
2022-04-25,1,Manhattan,FREDERICK DOUGLASS BOULEVARD,West 151 Street,West 152 Street,NB,12,44.15,0.0
2022-04-25,1,Manhattan,FREDERICK DOUGLASS BOULEVARD,West 151 Street,West 152 Street,NB,12,44.15,0.0
2022-04-25,1,Manhattan,FREDERICK DOUGLASS BOULEVARD,West 151 Street,West 152 Street,NB,19,44.15,0.0
2022-04-25,1,Manhattan,FREDERICK DOUGLASS BOULEVARD,West 151 Street,West 152 Street,NB,13,44.15,0.0
2022-04-25,2,Manhattan,FREDERICK DOUGLASS BOULEVARD,West 151 Street,West 152 Street,NB,20,43.79,0.0
2022-04-25,2,Manhattan,FREDERICK DOUGLASS BOULEVARD,West 151 Street,West 152 Street,NB,9,43.79,0.0
2022-04-25,2,Manhattan,FREDERICK DOUGLASS BOULEVARD,West 151 Street,West 152 Street,NB,22,43.79,0.0
2022-04-25,2,Manhattan,FREDERICK DOUGLASS BOULEVARD,West 151 Street,West 152 Street,NB,9,43.79,0.0
2022-04-25,3,Manhattan,FREDERICK DOUGLASS BOULEVARD,West 151 Street,West 152 Street,NB,12,43.25,0.0
2022-04-25,3,Manhattan,FREDERICK DOUGLASS BOULEVARD,West 151 Street,West 152 Street,NB,10,43.25,0.0
2022-04-25,3,Manhattan,FREDERICK DOUGLASS BOULEVARD,West 151 Street,West 152 Street,NB,11,43.25,0.0
2022-04-25,3,Manhattan,FREDERICK DOUGLASS BOULEVARD,West 151 Street,West 152 Street,NB,6,43.25,0.0
2022-04-25,4,Manhattan,FREDERICK DOUGLASS BOULEVARD,West 151 Street,West 152 Street,NB,8,43.25,0.0
2022-04-25,4,Manhattan,FREDERICK DOUGLASS BOULEVARD,West 151 Street,West 152 Street,NB,4,43.25,0.0
2022-04-25,4,Manhattan,FREDERICK DOUGLASS BOULEVARD,West 151 Street,West 152 Street,NB,15,43.25,0.0
2022-04-25,4,Manhattan,FREDERICK DOUGLASS BOULEVARD,West 151 Street,West 152 Street,NB,6,43.25,0.0
2022-04-25,5,Manhattan,FREDERICK DOUGLASS BOULEVARD,West 151 Street,West 152 Street,NB,12,42.98,0.0
2022-04-25,5,Manhattan,FREDERICK DOUGLASS BOULEVARD,West 151 Street,West 152 Street,NB,14,42.98,0.0
2022-04-25,5,Manhattan,FREDERICK DOUGLASS BOULEVARD,West 151 Street,West 152 Street,NB,10,42.98,0.0
2022-04-25,5,Manhattan,FREDERICK DOUGLASS BOULEVARD,West 151 Street,West 152 Street,NB,19,42.98,0.0
2022-04-25,6,Manhattan,FREDERICK DOUGLASS BOULEVARD,West 151 Street,West 152 Street,NB,20,43.07,0.0
2022-04-25,6,Manhattan,FREDERICK DOUGLASS BOULEVARD,West 151 Street,West 152 Street,NB,9,43.07,0.0
2022-04-25,6,Manhattan,FREDERICK DOUGLASS BOULEVARD,West 151 Street,West 152 Street,NB,26,43.07,0.0
2022-04-25,6,Manhattan,FREDERICK DOUGLASS BOULEVARD,West 151 Street,West 152 Street,NB,20,43.07,0.0
2022-04-25,7,Manhattan,FREDERICK DOUGLASS BOULEVARD,West 151 Street,West 152 Street,NB,33,44.87,0.0
2022-04-25,7,Manhattan,FREDERICK DOUGLASS BOULEVARD,West 151 Street,West 152 Street,NB,30,44.87,0.0
2022-04-25,7,Manhattan,FREDERICK DOUGLASS BOULEVARD,West 151 Street,West 152 Street,NB,24,44.87,0.0
2022-04-25,7,Manhattan,FREDERICK DOUGLASS BOULEVARD,West 151 Street,West 152 Street,NB,22,44.87,0.0
2023-03-01,2,Queens,46 AVENUE,218 Street,Springfield Boulevard,WB,0,31.37,0.0
2023-03-01,2,Queens,46 AVENUE,218 Street,Springfield Boulevard,WB,1,31.37,0.0
2023-03-01,2,Queens,46 AVENUE,218 Street,Springfield Boulevard,WB,0,31.37,0.0
2023-03-01,2,Queens,46 AVENUE,218 Street,Springfield Boulevard,WB,0,31.37,0.0
2023-03-01,3,Queens,46 AVENUE,218 Street,Springfield Boulevard,WB,1,30.56,0.0
2023-03-01,3,Queens,46 AVENUE,218 Street,Springfield Boulevard,WB,1,30.56,0.0
2023-03-01,3,Queens,46 AVENUE,218 Street,Springfield Boulevard,WB,2,30.56,0.0
2023-03-01,3,Queens,46 AVENUE,218 Street,Springfield Boulevard,WB,0,30.56,0.0
2023-03-01,4,Queens,46 AVENUE,218 Street,Springfield Boulevard,WB,0,29.48,0.0
2023-03-01,4,Queens,46 AVENUE,218 Street,Springfield Boulevard,WB,0,29.48,0.0
2023-03-01,4,Queens,46 AVENUE,218 Street,Springfield Boulevard,WB,0,29.48,0.0
2023-03-01,4,Queens,46 AVENUE,218 Street,Springfield Boulevard,WB,2,29.48,0.0
2023-03-01,5,Queens,46 AVENUE,218 Street,Springfield Boulevard,WB,3,28.49,0.0
2023-03-01,5,Queens,46 AVENUE,218 Street,Springfield Boulevard,WB,1,28.49,0.0
2023-03-01,5,Queens,46 AVENUE,218 Street,Springfield Boulevard,WB,2,28.49,0.0
2023-03-01,5,Queens,46 AVENUE,218 Street,Springfield Boulevard,WB,1,28.49,0.0
2023-03-01,6,Queens,46 AVENUE,218 Street,Springfield Boulevard,WB,2,27.77,0.0
2023-03-01,6,Queens,46 AVENUE,218 Street,Springfield Boulevard,WB,3,27.77,0.0
2023-03-01,6,Queens,46 AVENUE,218 Street,Springfield Boulevard,WB,6,27.77,0.0
2023-03-01,6,Queens,46 AVENUE,218 Street,Springfield Boulevard,WB,3,27.77,0.0
2023-03-01,7,Queens,46 AVENUE,218 Street,Springfield Boulevard,WB,9,27.14,0.0
2023-03-01,7,Queens,46 AVENUE,218 Street,Springfield Boulevard,WB,5,27.14,0.0
2023-03-01,7,Queens,46 AVENUE,218 Street,Springfield Boulevard,WB,9,27.14,0.0
2023-03-01,7,Queens,46 AVENUE,218 Street,Springfield Boulevard,WB,14,27.14,0.0
2023-03-01,8,Queens,46 AVENUE,218 Street,Springfield Boulevard,WB,19,26.96,0.0
2023-03-01,8,Queens,46 AVENUE,218 Street,Springfield Boulevard,WB,10,26.96,0.0
2023-03-01,8,Queens,46 AVENUE,218 Street,Springfield Boulevard,WB,15,26.96,0.0
2023-03-01,8,Queens,46 AVENUE,218 Street,Springfield Boulevard,WB,10,26.96,0.0
2023-03-01,9,Queens,46 AVENUE,218 Street,Springfield Boulevard,WB,13,31.82,0.0
2023-03-01,9,Queens,46 AVENUE,218 Street,Springfield Boulevard,WB,8,31.82,0.0
2023-03-01,9,Queens,46 AVENUE,218 Street,Springfield Boulevard,WB,7,31.82,0.0
2023-03-01,9,Queens,46 AVENUE,218 Street,Springfield Boulevard,WB,8,31.82,0.0
2023-03-01,10,Queens,46 AVENUE,218 Street,Springfield Boulevard,WB,16,35.15,0.0
2023-03-01,10,Queens,46 AVENUE,218 Street,Springfield Boulevard,WB,7,35.15,0.0
2023-03-01,10,Queens,46 AVENUE,218 Street,Springfield Boulevard,WB,6,35.15,0.0
2023-03-01,10,Queens,46 AVENUE,218 Street,Springfield Boulevard,WB,13,35.15,0.0
2023-03-01,11,Queens,46 AVENUE,218 Street,Springfield Boulevard,WB,9,38.57,0.0
2023-03-01,11,Queens,46 AVENUE,218 Street,Springfield Boulevard,WB,9,38.57,0.0
2023-03-01,11,Queens,46 AVENUE,218 Street,Springfield Boulevard,WB,10,38.57,0.0
2023-03-01,11,Queens,46 AVENUE,218 Street,Springfield Boulevard,WB,18,38.57,0.0
2023-03-01,12,Queens,46 AVENUE,218 Street,Springfield Boulevard,WB,12,41.18,0.0
2023-03-01,12,Queens,46 AVENUE,218 Street,Springfield Boulevard,WB,13,41.18,0.0
2023-03-01,12,Queens,46 AVENUE,218 Street,Springfield Boulevard,WB,16,41.18,0.0
2023-03-01,12,Queens,46 AVENUE,218 Street,Springfield Boulevard,WB,11,41.18,0.0
2023-03-01,13,Queens,46 AVENUE,218 Street,Springfield Boulevard,WB,15,42.440002,0.0
2023-03-01,13,Queens,46 AVENUE,218 Street,Springfield Boulevard,WB,9,42.440002,0.0
2023-03-01,13,Queens,46 AVENUE,218 Street,Springfield Boulevard,WB,11,42.440002,0.0
2023-03-01,13,Queens,46 AVENUE,218 Street,Springfield Boulevard,WB,9,42.440002,0.0
2023-03-01,14,Queens,46 AVENUE,218 Street,Springfield Boulevard,WB,17,41.629997,0.0
2023-03-01,14,Queens,46 AVENUE,218 Street,Springfield Boulevard,WB,16,41.629997,0.0
2023-03-01,14,Queens,46 AVENUE,218 Street,Springfield Boulevard,WB,14,41.629997,0.0
2023-03-01,14,Queens,46 AVENUE,218 Street,Springfield Boulevard,WB,17,41.629997,0.0
2023-03-01,15,Queens,46 AVENUE,218 Street,Springfield Boulevard,WB,17,41.72,0.015748031
2023-03-01,15,Queens,46 AVENUE,218 Street,Springfield Boulevard,WB,18,41.72,0.015748031
2023-03-01,15,Queens,46 AVENUE,218 Street,Springfield Boulevard,WB,11,41.72,0.015748031
2023-03-01,15,Queens,46 AVENUE,218 Street,Springfield Boulevard,WB,9,41.72,0.015748031
2023-03-01,16,Queens,46 AVENUE,218 Street,Springfield Boulevard,WB,14,41.27,0.0
2023-03-01,16,Queens,46 AVENUE,218 Street,Springfield Boulevard,WB,21,41.27,0.0
2023-03-01,16,Queens,46 AVENUE,218 Street,Springfield Boulevard,WB,14,41.27,0.0
2023-03-01,16,Queens,46 AVENUE,218 Street,Springfield Boulevard,WB,11,41.27,0.0
2023-03-01,17,Queens,46 AVENUE,218 Street,Springfield Boulevard,WB,14,40.46,0.031496063
2023-03-01,17,Queens,46 AVENUE,218 Street,Springfield Boulevard,WB,14,40.46,0.031496063
2023-03-01,17,Queens,46 AVENUE,218 Street,Springfield Boulevard,WB,24,40.46,0.031496063
2023-03-01,17,Queens,46 AVENUE,218 Street,Springfield Boulevard,WB,20,40.46,0.031496063
2023-03-01,18,Queens,46 AVENUE,218 Street,Springfield Boulevard,WB,15,39.74,0.05905512
2023-03-01,18,Queens,46 AVENUE,218 Street,Springfield Boulevard,WB,17,39.74,0.05905512
2023-03-01,18,Queens,46 AVENUE,218 Street,Springfield Boulevard,WB,18,39.74,0.05905512
2023-03-01,18,Queens,46 AVENUE,218 Street,Springfield Boulevard,WB,10,39.74,0.05905512
2023-03-01,19,Queens,46 AVENUE,218 Street,Springfield Boulevard,WB,16,38.48,0.0
2023-03-01,19,Queens,46 AVENUE,218 Street,Springfield Boulevard,WB,11,38.48,0.0
2023-03-01,19,Queens,46 AVENUE,218 Street,Springfield Boulevard,WB,5,38.48,0.0
2023-03-01,19,Queens,46 AVENUE,218 Street,Springfield Boulevard,WB,11,38.48,0.0
2023-03-01,20,Queens,46 AVENUE,218 Street,Springfield Boulevard,WB,4,38.48,0.0
2023-03-01,20,Queens,46 AVENUE,218 Street,Springfield Boulevard,WB,7,38.48,0.0
2023-03-01,20,Queens,46 AVENUE,218 Street,Springfield Boulevard,WB,2,38.48,0.0
2023-03-01,20,Queens,46 AVENUE,218 Street,Springfield Boulevard,WB,3,38.48,0.0
2023-03-01,21,Queens,46 AVENUE,218 Street,Springfield Boulevard,WB,9,39.29,0.003937008
2023-03-01,21,Queens,46 AVENUE,218 Street,Springfield Boulevard,WB,12,39.29,0.003937008
2023-03-01,21,Queens,46 AVENUE,218 Street,Springfield Boulevard,WB,7,39.29,0.003937008
2023-03-01,21,Queens,46 AVENUE,218 Street,Springfield Boulevard,WB,4,39.29,0.003937008
2023-03-01,22,Queens,46 AVENUE,218 Street,Springfield Boulevard,WB,4,39.38,0.003937008
2023-03-01,22,Queens,46 AVENUE,218 Street,Springfield Boulevard,WB,2,39.38,0.003937008
2023-03-01,22,Queens,46 AVENUE,218 Street,Springfield Boulevard,WB,5,39.38,0.003937008
2023-03-01,22,Queens,46 AVENUE,218 Street,Springfield Boulevard,WB,1,39.38,0.003937008
2023-03-01,23,Queens,46 AVENUE,218 Street,Springfield Boulevard,WB,2,39.2,0.003937008
2023-03-01,23,Queens,46 AVENUE,218 Street,Springfield Boulevard,WB,2,39.2,0.003937008
2023-03-01,23,Queens,46 AVENUE,218 Street,Springfield Boulevard,WB,5,39.2,0.003937008
2023-03-01,23,Queens,46 AVENUE,218 Street,Springfield Boulevard,WB,0,39.2,0.003937008
2023-03-02,0,Queens,46 AVENUE,218 Street,Springfield Boulevard,WB,1,39.29,0.003937008
2023-03-02,0,Queens,46 AVENUE,218 Street,Springfield Boulevard,WB,0,39.29,0.003937008
2023-03-02,0,Queens,46 AVENUE,218 Street,Springfield Boulevard,WB,1,39.29,0.003937008
2023-03-02,0,Queens,46 AVENUE,218 Street,Springfield Boulevard,WB,1,39.29,0.003937008
2023-03-02,1,Queens,46 AVENUE,218 Street,Springfield Boulevard,WB,2,39.47,0.0
2023-03-02,1,Queens,46 AVENUE,218 Street,Springfield Boulevard,WB,0,39.47,0.0
2023-03-02,1,Queens,46 AVENUE,218 Street,Springfield Boulevard,WB,0,39.47,0.0
2023-03-02,1,Queens,46 AVENUE,218 Street,Springfield Boulevard,WB,0,39.47,0.0
2023-03-02,2,Queens,46 AVENUE,218 Street,Springfield Boulevard,WB,1,39.829998,0.0
2023-03-02,2,Queens,46 AVENUE,218 Street,Springfield Boulevard,WB,1,39.829998,0.0
2023-03-02,2,Queens,46 AVENUE,218 Street,Springfield Boulevard,WB,2,39.829998,0.0
2023-03-02,2,Queens,46 AVENUE,218 Street,Springfield Boulevard,WB,1,39.829998,0.0
2023-03-02,3,Queens,46 AVENUE,218 Street,Springfield Boulevard,WB,4,39.829998,0.0
2023-03-02,3,Queens,46 AVENUE,218 Street,Springfield Boulevard,WB,2,39.829998,0.0
2023-03-02,3,Queens,46 AVENUE,218 Street,Springfield Boulevard,WB,1,39.829998,0.0
2023-03-02,3,Queens,46 AVENUE,218 Street,Springfield Boulevard,WB,0,39.829998,0.0
2023-03-02,4,Queens,46 AVENUE,218 Street,Springfield Boulevard,WB,0,39.829998,0.0
2022-01-10,3,Brooklyn,NEPTUNE AVENUE,Brighton 10 Street,Gray Court,EB,6,35.42,0.0
2022-01-10,4,Brooklyn,NEPTUNE AVENUE,Brighton 10 Street,Gray Court,EB,6,32.99,0.0
2022-01-10,4,Brooklyn,NEPTUNE AVENUE,Brighton 10 Street,Gray Court,EB,3,32.99,0.0
2022-01-10,4,Brooklyn,NEPTUNE AVENUE,Brighton 10 Street,Gray Court,EB,22,32.99,0.0
2022-01-10,4,Brooklyn,NEPTUNE AVENUE,Brighton 10 Street,Gray Court,EB,24,32.99,0.0
2022-01-10,5,Brooklyn,NEPTUNE AVENUE,Brighton 10 Street,Gray Court,EB,13,29.93,0.0
2022-01-10,5,Brooklyn,NEPTUNE AVENUE,Brighton 10 Street,Gray Court,EB,33,29.93,0.0
2022-01-10,5,Brooklyn,NEPTUNE AVENUE,Brighton 10 Street,Gray Court,EB,48,29.93,0.0
2022-01-10,5,Brooklyn,NEPTUNE AVENUE,Brighton 10 Street,Gray Court,EB,65,29.93,0.0
2022-01-10,6,Brooklyn,NEPTUNE AVENUE,Brighton 10 Street,Gray Court,EB,67,27.5,0.0
2022-01-10,6,Brooklyn,NEPTUNE AVENUE,Brighton 10 Street,Gray Court,EB,81,27.5,0.0
2022-01-10,6,Brooklyn,NEPTUNE AVENUE,Brighton 10 Street,Gray Court,EB,124,27.5,0.0
2022-01-10,6,Brooklyn,NEPTUNE AVENUE,Brighton 10 Street,Gray Court,EB,107,27.5,0.0
2022-01-10,7,Brooklyn,NEPTUNE AVENUE,Brighton 10 Street,Gray Court,EB,134,25.34,0.0
2022-01-10,7,Brooklyn,NEPTUNE AVENUE,Brighton 10 Street,Gray Court,EB,113,25.34,0.0
2022-01-10,7,Brooklyn,NEPTUNE AVENUE,Brighton 10 Street,Gray Court,EB,88,25.34,0.0
2022-01-10,7,Brooklyn,NEPTUNE AVENUE,Brighton 10 Street,Gray Court,EB,90,25.34,0.0
2022-01-10,8,Brooklyn,NEPTUNE AVENUE,Brighton 10 Street,Gray Court,EB,100,27.95,0.0
2022-01-10,8,Brooklyn,NEPTUNE AVENUE,Brighton 10 Street,Gray Court,EB,104,27.95,0.0
2022-01-10,8,Brooklyn,NEPTUNE AVENUE,Brighton 10 Street,Gray Court,EB,99,27.95,0.0
2022-01-10,8,Brooklyn,NEPTUNE AVENUE,Brighton 10 Street,Gray Court,EB,86,27.95,0.0
2022-01-10,9,Brooklyn,NEPTUNE AVENUE,Brighton 10 Street,Gray Court,EB,85,25.79,0.0
2022-01-10,9,Brooklyn,NEPTUNE AVENUE,Brighton 10 Street,Gray Court,EB,91,25.79,0.0
2022-01-10,9,Brooklyn,NEPTUNE AVENUE,Brighton 10 Street,Gray Court,EB,94,25.79,0.0
2022-01-10,9,Brooklyn,NEPTUNE AVENUE,Brighton 10 Street,Gray Court,EB,93,25.79,0.0
2022-01-10,10,Brooklyn,NEPTUNE AVENUE,Brighton 10 Street,Gray Court,EB,81,28.49,0.0
2022-01-10,10,Brooklyn,NEPTUNE AVENUE,Brighton 10 Street,Gray Court,EB,90,28.49,0.0
2022-01-10,10,Brooklyn,NEPTUNE AVENUE,Brighton 10 Street,Gray Court,EB,75,28.49,0.0
2022-01-10,10,Brooklyn,NEPTUNE AVENUE,Brighton 10 Street,Gray Court,EB,76,28.49,0.0
2022-01-10,11,Brooklyn,NEPTUNE AVENUE,Brighton 10 Street,Gray Court,EB,78,28.85,0.0
2022-01-10,11,Brooklyn,NEPTUNE AVENUE,Brighton 10 Street,Gray Court,EB,81,28.85,0.0
2022-01-10,11,Brooklyn,NEPTUNE AVENUE,Brighton 10 Street,Gray Court,EB,90,28.85,0.0
2022-01-10,11,Brooklyn,NEPTUNE AVENUE,Brighton 10 Street,Gray Court,EB,84,28.85,0.0
2022-01-10,12,Brooklyn,NEPTUNE AVENUE,Brighton 10 Street,Gray Court,EB,99,28.94,0.0
2022-01-10,12,Brooklyn,NEPTUNE AVENUE,Brighton 10 Street,Gray Court,EB,99,28.94,0.0
2022-01-10,12,Brooklyn,NEPTUNE AVENUE,Brighton 10 Street,Gray Court,EB,113,28.94,0.0
2022-01-10,12,Brooklyn,NEPTUNE AVENUE,Brighton 10 Street,Gray Court,EB,113,28.94,0.0
2022-01-10,13,Brooklyn,NEPTUNE AVENUE,Brighton 10 Street,Gray Court,EB,135,29.48,0.0
2022-01-10,13,Brooklyn,NEPTUNE AVENUE,Brighton 10 Street,Gray Court,EB,125,29.48,0.0
2022-01-10,13,Brooklyn,NEPTUNE AVENUE,Brighton 10 Street,Gray Court,EB,120,29.48,0.0
2022-01-10,13,Brooklyn,NEPTUNE AVENUE,Brighton 10 Street,Gray Court,EB,118,29.48,0.0
2022-01-10,14,Brooklyn,NEPTUNE AVENUE,Brighton 10 Street,Gray Court,EB,99,29.93,0.0
2022-01-10,14,Brooklyn,NEPTUNE AVENUE,Brighton 10 Street,Gray Court,EB,104,29.93,0.0
2022-01-10,14,Brooklyn,NEPTUNE AVENUE,Brighton 10 Street,Gray Court,EB,108,29.93,0.0
2022-01-10,14,Brooklyn,NEPTUNE AVENUE,Brighton 10 Street,Gray Court,EB,127,29.93,0.0
2022-01-10,15,Brooklyn,NEPTUNE AVENUE,Brighton 10 Street,Gray Court,EB,111,30.2,0.0
2022-01-10,15,Brooklyn,NEPTUNE AVENUE,Brighton 10 Street,Gray Court,EB,115,30.2,0.0
2022-01-10,15,Brooklyn,NEPTUNE AVENUE,Brighton 10 Street,Gray Court,EB,121,30.2,0.0
2022-01-10,15,Brooklyn,NEPTUNE AVENUE,Brighton 10 Street,Gray Court,EB,115,30.2,0.0
2022-01-10,16,Brooklyn,NEPTUNE AVENUE,Brighton 10 Street,Gray Court,EB,134,29.75,0.0
2022-01-10,16,Brooklyn,NEPTUNE AVENUE,Brighton 10 Street,Gray Court,EB,113,29.75,0.0
2022-01-10,16,Brooklyn,NEPTUNE AVENUE,Brighton 10 Street,Gray Court,EB,113,29.75,0.0
2022-01-10,16,Brooklyn,NEPTUNE AVENUE,Brighton 10 Street,Gray Court,EB,119,29.75,0.0
2022-01-10,17,Brooklyn,NEPTUNE AVENUE,Brighton 10 Street,Gray Court,EB,117,28.67,0.0
2022-01-10,17,Brooklyn,NEPTUNE AVENUE,Brighton 10 Street,Gray Court,EB,86,28.67,0.0
2022-01-10,17,Brooklyn,NEPTUNE AVENUE,Brighton 10 Street,Gray Court,EB,112,28.67,0.0
2022-01-10,17,Brooklyn,NEPTUNE AVENUE,Brighton 10 Street,Gray Court,EB,114,28.67,0.0
2022-01-10,18,Brooklyn,NEPTUNE AVENUE,Brighton 10 Street,Gray Court,EB,102,26.33,0.0
2022-01-10,18,Brooklyn,NEPTUNE AVENUE,Brighton 10 Street,Gray Court,EB,109,26.33,0.0
2022-01-10,18,Brooklyn,NEPTUNE AVENUE,Brighton 10 Street,Gray Court,EB,84,26.33,0.0
2022-01-10,18,Brooklyn,NEPTUNE AVENUE,Brighton 10 Street,Gray Court,EB,92,26.33,0.0
2022-01-10,19,Brooklyn,NEPTUNE AVENUE,Brighton 10 Street,Gray Court,EB,91,25.25,0.0
2022-01-10,19,Brooklyn,NEPTUNE AVENUE,Brighton 10 Street,Gray Court,EB,76,25.25,0.0
2022-01-10,19,Brooklyn,NEPTUNE AVENUE,Brighton 10 Street,Gray Court,EB,66,25.25,0.0
2022-01-10,19,Brooklyn,NEPTUNE AVENUE,Brighton 10 Street,Gray Court,EB,42,25.25,0.0
2022-01-10,20,Brooklyn,NEPTUNE AVENUE,Brighton 10 Street,Gray Court,EB,53,25.16,0.0
2022-01-10,20,Brooklyn,NEPTUNE AVENUE,Brighton 10 Street,Gray Court,EB,39,25.16,0.0
2022-01-10,20,Brooklyn,NEPTUNE AVENUE,Brighton 10 Street,Gray Court,EB,36,25.16,0.0
2022-01-10,20,Brooklyn,NEPTUNE AVENUE,Brighton 10 Street,Gray Court,EB,58,25.16,0.0
2022-01-10,21,Brooklyn,NEPTUNE AVENUE,Brighton 10 Street,Gray Court,EB,42,25.52,0.0
2022-01-10,21,Brooklyn,NEPTUNE AVENUE,Brighton 10 Street,Gray Court,EB,47,25.52,0.0
2022-01-10,21,Brooklyn,NEPTUNE AVENUE,Brighton 10 Street,Gray Court,EB,41,25.52,0.0
2022-01-10,21,Brooklyn,NEPTUNE AVENUE,Brighton 10 Street,Gray Court,EB,40,25.52,0.0
2022-01-10,22,Brooklyn,NEPTUNE AVENUE,Brighton 10 Street,Gray Court,EB,25,25.43,0.0
2022-01-10,22,Brooklyn,NEPTUNE AVENUE,Brighton 10 Street,Gray Court,EB,36,25.43,0.0
2022-01-10,22,Brooklyn,NEPTUNE AVENUE,Brighton 10 Street,Gray Court,EB,23,25.43,0.0
2022-01-10,22,Brooklyn,NEPTUNE AVENUE,Brighton 10 Street,Gray Court,EB,24,25.43,0.0
2022-01-10,23,Brooklyn,NEPTUNE AVENUE,Brighton 10 Street,Gray Court,EB,26,25.52,0.0
2022-01-10,23,Brooklyn,NEPTUNE AVENUE,Brighton 10 Street,Gray Court,EB,23,25.52,0.0
2022-01-10,23,Brooklyn,NEPTUNE AVENUE,Brighton 10 Street,Gray Court,EB,17,25.52,0.0
2022-01-10,23,Brooklyn,NEPTUNE AVENUE,Brighton 10 Street,Gray Court,EB,2,25.52,0.0
2022-01-11,0,Brooklyn,NEPTUNE AVENUE,Brighton 10 Street,Gray Court,EB,16,24.8,0.0
2022-01-11,0,Brooklyn,NEPTUNE AVENUE,Brighton 10 Street,Gray Court,EB,13,24.8,0.0
2022-01-11,0,Brooklyn,NEPTUNE AVENUE,Brighton 10 Street,Gray Court,EB,8,24.8,0.0
2022-01-11,0,Brooklyn,NEPTUNE AVENUE,Brighton 10 Street,Gray Court,EB,15,24.8,0.0
2022-01-11,1,Brooklyn,NEPTUNE AVENUE,Brighton 10 Street,Gray Court,EB,6,24.08,0.0
2022-01-11,1,Brooklyn,NEPTUNE AVENUE,Brighton 10 Street,Gray Court,EB,5,24.08,0.0
2022-01-11,1,Brooklyn,NEPTUNE AVENUE,Brighton 10 Street,Gray Court,EB,9,24.08,0.0
2022-01-11,1,Brooklyn,NEPTUNE AVENUE,Brighton 10 Street,Gray Court,EB,0,24.08,0.0
2022-01-11,2,Brooklyn,NEPTUNE AVENUE,Brighton 10 Street,Gray Court,EB,3,23.0,0.0
2022-01-11,2,Brooklyn,NEPTUNE AVENUE,Brighton 10 Street,Gray Court,EB,1,23.0,0.0
2022-01-11,2,Brooklyn,NEPTUNE AVENUE,Brighton 10 Street,Gray Court,EB,9,23.0,0.0
2022-01-11,2,Brooklyn,NEPTUNE AVENUE,Brighton 10 Street,Gray Court,EB,15,23.0,0.0
2022-01-11,3,Brooklyn,NEPTUNE AVENUE,Brighton 10 Street,Gray Court,EB,1,21.2,0.0
2022-01-11,3,Brooklyn,NEPTUNE AVENUE,Brighton 10 Street,Gray Court,EB,1,21.2,0.0
2022-01-11,3,Brooklyn,NEPTUNE AVENUE,Brighton 10 Street,Gray Court,EB,11,21.2,0.0
2022-01-11,3,Brooklyn,NEPTUNE AVENUE,Brighton 10 Street,Gray Court,EB,14,21.2,0.0
2022-01-11,4,Brooklyn,NEPTUNE AVENUE,Brighton 10 Street,Gray Court,EB,15,19.85,0.0
2022-01-11,4,Brooklyn,NEPTUNE AVENUE,Brighton 10 Street,Gray Court,EB,27,19.85,0.0
2022-01-11,4,Brooklyn,NEPTUNE AVENUE,Brighton 10 Street,Gray Court,EB,23,19.85,0.0
2022-01-11,4,Brooklyn,NEPTUNE AVENUE,Brighton 10 Street,Gray Court,EB,21,19.85,0.0
2022-01-11,5,Brooklyn,NEPTUNE AVENUE,Brighton 10 Street,Gray Court,EB,28,18.5,0.0
2022-01-11,5,Brooklyn,NEPTUNE AVENUE,Brighton 10 Street,Gray Court,EB,29,18.5,0.0
2022-01-11,5,Brooklyn,NEPTUNE AVENUE,Brighton 10 Street,Gray Court,EB,47,18.5,0.0
2022-01-11,5,Brooklyn,NEPTUNE AVENUE,Brighton 10 Street,Gray Court,EB,74,18.5,0.0
2022-07-28,20,Bronx,JACKSON AVENUE,East 138 Street,East 139 Street,NB,22,82.04,0.01968504
2022-07-28,20,Bronx,JACKSON AVENUE,East 138 Street,East 139 Street,NB,23,82.04,0.01968504
2022-07-28,21,Bronx,JACKSON AVENUE,East 138 Street,East 139 Street,NB,12,81.23,0.0
2022-07-28,21,Bronx,JACKSON AVENUE,East 138 Street,East 139 Street,NB,5,81.23,0.0
2022-07-28,21,Bronx,JACKSON AVENUE,East 138 Street,East 139 Street,NB,8,81.23,0.0
2022-07-28,21,Bronx,JACKSON AVENUE,East 138 Street,East 139 Street,NB,10,81.23,0.0
2022-07-28,22,Bronx,JACKSON AVENUE,East 138 Street,East 139 Street,NB,6,81.14,0.0
2022-07-28,22,Bronx,JACKSON AVENUE,East 138 Street,East 139 Street,NB,8,81.14,0.0
2022-07-28,22,Bronx,JACKSON AVENUE,East 138 Street,East 139 Street,NB,6,81.14,0.0
2022-07-28,22,Bronx,JACKSON AVENUE,East 138 Street,East 139 Street,NB,13,81.14,0.0
2022-07-28,23,Bronx,JACKSON AVENUE,East 138 Street,East 139 Street,NB,10,79.34,0.0
2022-07-28,23,Bronx,JACKSON AVENUE,East 138 Street,East 139 Street,NB,13,79.34,0.0
2022-07-28,23,Bronx,JACKSON AVENUE,East 138 Street,East 139 Street,NB,4,79.34,0.0
2022-07-28,23,Bronx,JACKSON AVENUE,East 138 Street,East 139 Street,NB,9,79.34,0.0
2022-07-29,0,Bronx,JACKSON AVENUE,East 138 Street,East 139 Street,NB,6,77.9,0.0
2022-07-29,0,Bronx,JACKSON AVENUE,East 138 Street,East 139 Street,NB,2,77.9,0.0
2022-07-29,0,Bronx,JACKSON AVENUE,East 138 Street,East 139 Street,NB,4,77.9,0.0
2022-07-29,0,Bronx,JACKSON AVENUE,East 138 Street,East 139 Street,NB,2,77.9,0.0
2022-07-29,1,Bronx,JACKSON AVENUE,East 138 Street,East 139 Street,NB,2,77.18,0.0
2022-07-29,1,Bronx,JACKSON AVENUE,East 138 Street,East 139 Street,NB,3,77.18,0.0
2022-07-29,1,Bronx,JACKSON AVENUE,East 138 Street,East 139 Street,NB,3,77.18,0.0
2022-07-29,1,Bronx,JACKSON AVENUE,East 138 Street,East 139 Street,NB,4,77.18,0.0
2022-07-29,2,Bronx,JACKSON AVENUE,East 138 Street,East 139 Street,NB,1,76.19,0.0
2022-07-29,2,Bronx,JACKSON AVENUE,East 138 Street,East 139 Street,NB,3,76.19,0.0
2022-07-29,2,Bronx,JACKSON AVENUE,East 138 Street,East 139 Street,NB,5,76.19,0.0
2022-07-29,2,Bronx,JACKSON AVENUE,East 138 Street,East 139 Street,NB,4,76.19,0.0
2022-07-29,3,Bronx,JACKSON AVENUE,East 138 Street,East 139 Street,NB,4,75.29,0.0
2022-07-29,3,Bronx,JACKSON AVENUE,East 138 Street,East 139 Street,NB,5,75.29,0.0
2022-07-29,3,Bronx,JACKSON AVENUE,East 138 Street,East 139 Street,NB,2,75.29,0.0
2022-07-29,3,Bronx,JACKSON AVENUE,East 138 Street,East 139 Street,NB,6,75.29,0.0
2022-07-29,4,Bronx,JACKSON AVENUE,East 138 Street,East 139 Street,NB,4,74.66,0.0
2022-07-29,4,Bronx,JACKSON AVENUE,East 138 Street,East 139 Street,NB,6,74.66,0.0
2022-07-29,4,Bronx,JACKSON AVENUE,East 138 Street,East 139 Street,NB,0,74.66,0.0
2022-07-29,4,Bronx,JACKSON AVENUE,East 138 Street,East 139 Street,NB,6,74.66,0.0
2022-07-29,5,Bronx,JACKSON AVENUE,East 138 Street,East 139 Street,NB,0,74.119995,0.0
2022-07-29,5,Bronx,JACKSON AVENUE,East 138 Street,East 139 Street,NB,6,74.119995,0.0
2022-07-29,5,Bronx,JACKSON AVENUE,East 138 Street,East 139 Street,NB,4,74.119995,0.0
2022-07-29,5,Bronx,JACKSON AVENUE,East 138 Street,East 139 Street,NB,12,74.119995,0.0
2022-07-29,6,Bronx,JACKSON AVENUE,East 138 Street,East 139 Street,NB,6,72.86,0.0
2022-07-29,6,Bronx,JACKSON AVENUE,East 138 Street,East 139 Street,NB,10,72.86,0.0
2022-07-29,6,Bronx,JACKSON AVENUE,East 138 Street,East 139 Street,NB,14,72.86,0.0
2022-07-29,6,Bronx,JACKSON AVENUE,East 138 Street,East 139 Street,NB,17,72.86,0.0
2022-07-29,7,Bronx,JACKSON AVENUE,East 138 Street,East 139 Street,NB,11,74.93,0.0
2022-07-29,7,Bronx,JACKSON AVENUE,East 138 Street,East 139 Street,NB,17,74.93,0.0
2022-07-29,7,Bronx,JACKSON AVENUE,East 138 Street,East 139 Street,NB,12,74.93,0.0
2022-07-29,7,Bronx,JACKSON AVENUE,East 138 Street,East 139 Street,NB,24,74.93,0.0
2022-07-29,8,Bronx,JACKSON AVENUE,East 138 Street,East 139 Street,NB,20,77.99,0.0
2022-07-29,8,Bronx,JACKSON AVENUE,East 138 Street,East 139 Street,NB,22,77.99,0.0
2022-07-29,8,Bronx,JACKSON AVENUE,East 138 Street,East 139 Street,NB,20,77.99,0.0
2022-07-29,8,Bronx,JACKSON AVENUE,East 138 Street,East 139 Street,NB,16,77.99,0.0
2022-07-29,9,Bronx,JACKSON AVENUE,East 138 Street,East 139 Street,NB,29,81.14,0.0
2022-07-29,9,Bronx,JACKSON AVENUE,East 138 Street,East 139 Street,NB,20,81.14,0.0
2022-07-29,9,Bronx,JACKSON AVENUE,East 138 Street,East 139 Street,NB,18,81.14,0.0
2022-07-29,9,Bronx,JACKSON AVENUE,East 138 Street,East 139 Street,NB,19,81.14,0.0
2022-07-29,10,Bronx,JACKSON AVENUE,East 138 Street,East 139 Street,NB,16,83.3,0.0
2022-07-29,10,Bronx,JACKSON AVENUE,East 138 Street,East 139 Street,NB,18,83.3,0.0
2022-07-29,10,Bronx,JACKSON AVENUE,East 138 Street,East 139 Street,NB,20,83.3,0.0
2022-07-29,10,Bronx,JACKSON AVENUE,East 138 Street,East 139 Street,NB,19,83.3,0.0
2022-07-29,11,Bronx,JACKSON AVENUE,East 138 Street,East 139 Street,NB,22,86.53999,0.0
2022-07-29,11,Bronx,JACKSON AVENUE,East 138 Street,East 139 Street,NB,18,86.53999,0.0
2022-07-29,11,Bronx,JACKSON AVENUE,East 138 Street,East 139 Street,NB,22,86.53999,0.0
2022-07-29,11,Bronx,JACKSON AVENUE,East 138 Street,East 139 Street,NB,18,86.53999,0.0
2022-07-29,12,Bronx,JACKSON AVENUE,East 138 Street,East 139 Street,NB,20,87.8,0.0
2022-07-29,12,Bronx,JACKSON AVENUE,East 138 Street,East 139 Street,NB,26,87.8,0.0
2022-07-29,12,Bronx,JACKSON AVENUE,East 138 Street,East 139 Street,NB,22,87.8,0.0
2022-07-29,12,Bronx,JACKSON AVENUE,East 138 Street,East 139 Street,NB,32,87.8,0.0
2022-07-29,13,Bronx,JACKSON AVENUE,East 138 Street,East 139 Street,NB,30,87.08,0.0
2022-07-29,13,Bronx,JACKSON AVENUE,East 138 Street,East 139 Street,NB,17,87.08,0.0
2022-07-29,13,Bronx,JACKSON AVENUE,East 138 Street,East 139 Street,NB,26,87.08,0.0
2022-07-29,13,Bronx,JACKSON AVENUE,East 138 Street,East 139 Street,NB,35,87.08,0.0
2022-07-29,14,Bronx,JACKSON AVENUE,East 138 Street,East 139 Street,NB,20,86.45,0.0
2022-07-29,14,Bronx,JACKSON AVENUE,East 138 Street,East 139 Street,NB,26,86.45,0.0
2022-07-29,14,Bronx,JACKSON AVENUE,East 138 Street,East 139 Street,NB,24,86.45,0.0
2022-07-29,14,Bronx,JACKSON AVENUE,East 138 Street,East 139 Street,NB,34,86.45,0.0
2022-07-29,15,Bronx,JACKSON AVENUE,East 138 Street,East 139 Street,NB,36,87.8,0.0
2022-07-29,15,Bronx,JACKSON AVENUE,East 138 Street,East 139 Street,NB,30,87.8,0.0
2022-07-29,15,Bronx,JACKSON AVENUE,East 138 Street,East 139 Street,NB,26,87.8,0.0
2022-07-29,15,Bronx,JACKSON AVENUE,East 138 Street,East 139 Street,NB,29,87.8,0.0
2022-07-29,16,Bronx,JACKSON AVENUE,East 138 Street,East 139 Street,NB,24,87.8,0.0
2022-07-29,16,Bronx,JACKSON AVENUE,East 138 Street,East 139 Street,NB,26,87.8,0.0
2022-07-29,16,Bronx,JACKSON AVENUE,East 138 Street,East 139 Street,NB,31,87.8,0.0
2022-07-29,16,Bronx,JACKSON AVENUE,East 138 Street,East 139 Street,NB,25,87.8,0.0
2022-07-29,17,Bronx,JACKSON AVENUE,East 138 Street,East 139 Street,NB,24,87.8,0.0
2022-07-29,17,Bronx,JACKSON AVENUE,East 138 Street,East 139 Street,NB,26,87.8,0.0
2022-07-29,17,Bronx,JACKSON AVENUE,East 138 Street,East 139 Street,NB,34,87.8,0.0
2022-07-29,17,Bronx,JACKSON AVENUE,East 138 Street,East 139 Street,NB,28,87.8,0.0
2022-07-29,18,Bronx,JACKSON AVENUE,East 138 Street,East 139 Street,NB,31,86.270004,0.0
2022-07-29,18,Bronx,JACKSON AVENUE,East 138 Street,East 139 Street,NB,22,86.270004,0.0
2022-07-29,18,Bronx,JACKSON AVENUE,East 138 Street,East 139 Street,NB,18,86.270004,0.0
2022-07-29,18,Bronx,JACKSON AVENUE,East 138 Street,East 139 Street,NB,30,86.270004,0.0
2022-07-29,19,Bronx,JACKSON AVENUE,East 138 Street,East 139 Street,NB,22,84.560005,0.0
2022-07-29,19,Bronx,JACKSON AVENUE,East 138 Street,East 139 Street,NB,22,84.560005,0.0
2022-07-29,19,Bronx,JACKSON AVENUE,East 138 Street,East 139 Street,NB,22,84.560005,0.0
2022-07-29,19,Bronx,JACKSON AVENUE,East 138 Street,East 139 Street,NB,20,84.560005,0.0
2022-07-29,20,Bronx,JACKSON AVENUE,East 138 Street,East 139 Street,NB,8,82.58,0.0
2022-07-29,20,Bronx,JACKSON AVENUE,East 138 Street,East 139 Street,NB,8,82.58,0.0
2022-07-29,20,Bronx,JACKSON AVENUE,East 138 Street,East 139 Street,NB,10,82.58,0.0
2022-07-29,20,Bronx,JACKSON AVENUE,East 138 Street,East 139 Street,NB,14,82.58,0.0
2022-07-29,21,Bronx,JACKSON AVENUE,East 138 Street,East 139 Street,NB,8,78.53,0.007874016
2022-07-29,21,Bronx,JACKSON AVENUE,East 138 Street,East 139 Street,NB,9,78.53,0.007874016
2022-07-29,21,Bronx,JACKSON AVENUE,East 138 Street,East 139 Street,NB,8,78.53,0.007874016
2022-07-29,21,Bronx,JACKSON AVENUE,East 138 Street,East 139 Street,NB,5,78.53,0.007874016
2022-07-29,22,Bronx,JACKSON AVENUE,East 138 Street,East 139 Street,NB,10,76.73,0.0
2022-07-29,22,Bronx,JACKSON AVENUE,East 138 Street,East 139 Street,NB,9,76.73,0.0
2022-07-29,22,Bronx,JACKSON AVENUE,East 138 Street,East 139 Street,NB,12,76.73,0.0
2022-05-11,4,Brooklyn,CROPSEY AVENUE,Hart Place,Dead end,SB,48,47.93,0.0
2022-05-11,5,Brooklyn,CROPSEY AVENUE,Hart Place,Dead end,SB,61,47.66,0.0
2022-05-11,5,Brooklyn,CROPSEY AVENUE,Hart Place,Dead end,SB,65,47.66,0.0
2022-05-11,5,Brooklyn,CROPSEY AVENUE,Hart Place,Dead end,SB,83,47.66,0.0
2022-05-11,5,Brooklyn,CROPSEY AVENUE,Hart Place,Dead end,SB,144,47.66,0.0
2022-05-11,6,Brooklyn,CROPSEY AVENUE,Hart Place,Dead end,SB,186,48.2,0.0
2022-05-11,6,Brooklyn,CROPSEY AVENUE,Hart Place,Dead end,SB,188,48.2,0.0
2022-05-11,6,Brooklyn,CROPSEY AVENUE,Hart Place,Dead end,SB,238,48.2,0.0
2022-05-11,6,Brooklyn,CROPSEY AVENUE,Hart Place,Dead end,SB,206,48.2,0.0
2022-05-11,7,Brooklyn,CROPSEY AVENUE,Hart Place,Dead end,SB,274,51.26,0.0
2022-05-11,7,Brooklyn,CROPSEY AVENUE,Hart Place,Dead end,SB,300,51.26,0.0
2022-05-11,7,Brooklyn,CROPSEY AVENUE,Hart Place,Dead end,SB,362,51.26,0.0
2022-05-11,7,Brooklyn,CROPSEY AVENUE,Hart Place,Dead end,SB,350,51.26,0.0
2022-05-11,8,Brooklyn,CROPSEY AVENUE,Hart Place,Dead end,SB,371,56.3,0.0
2022-05-11,8,Brooklyn,CROPSEY AVENUE,Hart Place,Dead end,SB,245,56.3,0.0
2022-05-11,8,Brooklyn,CROPSEY AVENUE,Hart Place,Dead end,SB,226,56.3,0.0
2022-05-11,8,Brooklyn,CROPSEY AVENUE,Hart Place,Dead end,SB,271,56.3,0.0
2022-05-11,9,Brooklyn,CROPSEY AVENUE,Hart Place,Dead end,SB,250,58.730003,0.0
2022-05-11,9,Brooklyn,CROPSEY AVENUE,Hart Place,Dead end,SB,256,58.730003,0.0
2022-05-11,9,Brooklyn,CROPSEY AVENUE,Hart Place,Dead end,SB,274,58.730003,0.0
2022-05-11,9,Brooklyn,CROPSEY AVENUE,Hart Place,Dead end,SB,233,58.730003,0.0
2022-05-11,10,Brooklyn,CROPSEY AVENUE,Hart Place,Dead end,SB,213,61.07,0.0
2022-05-11,10,Brooklyn,CROPSEY AVENUE,Hart Place,Dead end,SB,184,61.07,0.0
2022-05-11,10,Brooklyn,CROPSEY AVENUE,Hart Place,Dead end,SB,221,61.07,0.0
2022-05-11,10,Brooklyn,CROPSEY AVENUE,Hart Place,Dead end,SB,178,61.07,0.0
2022-05-11,11,Brooklyn,CROPSEY AVENUE,Hart Place,Dead end,SB,207,62.06,0.0
2022-05-11,11,Brooklyn,CROPSEY AVENUE,Hart Place,Dead end,SB,185,62.06,0.0
2022-05-11,11,Brooklyn,CROPSEY AVENUE,Hart Place,Dead end,SB,240,62.06,0.0
2022-05-11,11,Brooklyn,CROPSEY AVENUE,Hart Place,Dead end,SB,208,62.06,0.0
2022-05-11,12,Brooklyn,CROPSEY AVENUE,Hart Place,Dead end,SB,247,64.85,0.0
2022-05-11,12,Brooklyn,CROPSEY AVENUE,Hart Place,Dead end,SB,257,64.85,0.0
2022-05-11,12,Brooklyn,CROPSEY AVENUE,Hart Place,Dead end,SB,199,64.85,0.0
2022-05-11,12,Brooklyn,CROPSEY AVENUE,Hart Place,Dead end,SB,254,64.85,0.0
2022-05-11,13,Brooklyn,CROPSEY AVENUE,Hart Place,Dead end,SB,215,66.74,0.0
2022-05-11,13,Brooklyn,CROPSEY AVENUE,Hart Place,Dead end,SB,252,66.74,0.0
2022-05-11,13,Brooklyn,CROPSEY AVENUE,Hart Place,Dead end,SB,220,66.74,0.0
2022-05-11,13,Brooklyn,CROPSEY AVENUE,Hart Place,Dead end,SB,242,66.74,0.0
2022-05-11,14,Brooklyn,CROPSEY AVENUE,Hart Place,Dead end,SB,269,66.02,0.0
2022-05-11,14,Brooklyn,CROPSEY AVENUE,Hart Place,Dead end,SB,266,66.02,0.0
2022-05-11,14,Brooklyn,CROPSEY AVENUE,Hart Place,Dead end,SB,247,66.02,0.0
2022-05-11,14,Brooklyn,CROPSEY AVENUE,Hart Place,Dead end,SB,217,66.02,0.0
2022-05-11,15,Brooklyn,CROPSEY AVENUE,Hart Place,Dead end,SB,232,68.54,0.0
2022-05-11,15,Brooklyn,CROPSEY AVENUE,Hart Place,Dead end,SB,259,68.54,0.0
2022-05-11,15,Brooklyn,CROPSEY AVENUE,Hart Place,Dead end,SB,232,68.54,0.0
2022-05-11,15,Brooklyn,CROPSEY AVENUE,Hart Place,Dead end,SB,282,68.54,0.0
2022-05-11,16,Brooklyn,CROPSEY AVENUE,Hart Place,Dead end,SB,239,70.16,0.0
2022-05-11,16,Brooklyn,CROPSEY AVENUE,Hart Place,Dead end,SB,264,70.16,0.0
2022-05-11,16,Brooklyn,CROPSEY AVENUE,Hart Place,Dead end,SB,232,70.16,0.0
2022-05-11,16,Brooklyn,CROPSEY AVENUE,Hart Place,Dead end,SB,278,70.16,0.0
2022-05-11,17,Brooklyn,CROPSEY AVENUE,Hart Place,Dead end,SB,248,70.07,0.0
2022-05-11,17,Brooklyn,CROPSEY AVENUE,Hart Place,Dead end,SB,238,70.07,0.0
2022-05-11,17,Brooklyn,CROPSEY AVENUE,Hart Place,Dead end,SB,264,70.07,0.0
2022-05-11,17,Brooklyn,CROPSEY AVENUE,Hart Place,Dead end,SB,245,70.07,0.0
2022-05-11,18,Brooklyn,CROPSEY AVENUE,Hart Place,Dead end,SB,303,69.35,0.0
2022-05-11,18,Brooklyn,CROPSEY AVENUE,Hart Place,Dead end,SB,259,69.35,0.0
2022-05-11,18,Brooklyn,CROPSEY AVENUE,Hart Place,Dead end,SB,280,69.35,0.0
2022-05-11,18,Brooklyn,CROPSEY AVENUE,Hart Place,Dead end,SB,302,69.35,0.0
2022-05-11,19,Brooklyn,CROPSEY AVENUE,Hart Place,Dead end,SB,288,67.91,0.0
2022-05-11,19,Brooklyn,CROPSEY AVENUE,Hart Place,Dead end,SB,286,67.91,0.0
2022-05-11,19,Brooklyn,CROPSEY AVENUE,Hart Place,Dead end,SB,250,67.91,0.0
2022-05-11,19,Brooklyn,CROPSEY AVENUE,Hart Place,Dead end,SB,247,67.91,0.0
2022-05-11,20,Brooklyn,CROPSEY AVENUE,Hart Place,Dead end,SB,195,59.45,0.0
2022-05-11,20,Brooklyn,CROPSEY AVENUE,Hart Place,Dead end,SB,203,59.45,0.0
2022-05-11,20,Brooklyn,CROPSEY AVENUE,Hart Place,Dead end,SB,183,59.45,0.0
2022-05-11,20,Brooklyn,CROPSEY AVENUE,Hart Place,Dead end,SB,182,59.45,0.0
2022-05-11,21,Brooklyn,CROPSEY AVENUE,Hart Place,Dead end,SB,136,54.68,0.0
2022-05-11,21,Brooklyn,CROPSEY AVENUE,Hart Place,Dead end,SB,138,54.68,0.0
2022-05-11,21,Brooklyn,CROPSEY AVENUE,Hart Place,Dead end,SB,176,54.68,0.0
2022-05-11,21,Brooklyn,CROPSEY AVENUE,Hart Place,Dead end,SB,152,54.68,0.0
2022-05-11,22,Brooklyn,CROPSEY AVENUE,Hart Place,Dead end,SB,144,53.6,0.0
2022-05-11,22,Brooklyn,CROPSEY AVENUE,Hart Place,Dead end,SB,157,53.6,0.0
2022-05-11,22,Brooklyn,CROPSEY AVENUE,Hart Place,Dead end,SB,117,53.6,0.0
2022-05-11,22,Brooklyn,CROPSEY AVENUE,Hart Place,Dead end,SB,125,53.6,0.0
2022-05-11,23,Brooklyn,CROPSEY AVENUE,Hart Place,Dead end,SB,108,53.33,0.0
2022-05-11,23,Brooklyn,CROPSEY AVENUE,Hart Place,Dead end,SB,116,53.33,0.0
2022-05-11,23,Brooklyn,CROPSEY AVENUE,Hart Place,Dead end,SB,95,53.33,0.0
2022-05-11,23,Brooklyn,CROPSEY AVENUE,Hart Place,Dead end,SB,82,53.33,0.0
2022-01-11,6,Brooklyn,NEPTUNE AVENUE,Brighton 10 Street,Gray Court,EB,70,17.240002,0.0
2022-01-11,6,Brooklyn,NEPTUNE AVENUE,Brighton 10 Street,Gray Court,EB,90,17.240002,0.0
2022-01-11,6,Brooklyn,NEPTUNE AVENUE,Brighton 10 Street,Gray Court,EB,115,17.240002,0.0
2022-01-11,6,Brooklyn,NEPTUNE AVENUE,Brighton 10 Street,Gray Court,EB,115,17.240002,0.0
2022-01-11,7,Brooklyn,NEPTUNE AVENUE,Brighton 10 Street,Gray Court,EB,110,16.7,0.0
2022-01-11,7,Brooklyn,NEPTUNE AVENUE,Brighton 10 Street,Gray Court,EB,110,16.7,0.0
2022-01-11,7,Brooklyn,NEPTUNE AVENUE,Brighton 10 Street,Gray Court,EB,113,16.7,0.0
2022-01-11,7,Brooklyn,NEPTUNE AVENUE,Brighton 10 Street,Gray Court,EB,91,16.7,0.0
2022-01-11,8,Brooklyn,NEPTUNE AVENUE,Brighton 10 Street,Gray Court,EB,96,17.33,0.0
2022-01-11,8,Brooklyn,NEPTUNE AVENUE,Brighton 10 Street,Gray Court,EB,81,17.33,0.0
2022-01-11,8,Brooklyn,NEPTUNE AVENUE,Brighton 10 Street,Gray Court,EB,97,17.33,0.0
2022-01-11,8,Brooklyn,NEPTUNE AVENUE,Brighton 10 Street,Gray Court,EB,83,17.33,0.0
2022-01-11,9,Brooklyn,NEPTUNE AVENUE,Brighton 10 Street,Gray Court,EB,84,16.880001,0.0
2022-01-11,9,Brooklyn,NEPTUNE AVENUE,Brighton 10 Street,Gray Court,EB,112,16.880001,0.0
2022-01-11,9,Brooklyn,NEPTUNE AVENUE,Brighton 10 Street,Gray Court,EB,83,16.880001,0.0
2022-01-11,9,Brooklyn,NEPTUNE AVENUE,Brighton 10 Street,Gray Court,EB,97,16.880001,0.0
2022-01-11,10,Brooklyn,NEPTUNE AVENUE,Brighton 10 Street,Gray Court,EB,88,17.06,0.0
2022-01-11,10,Brooklyn,NEPTUNE AVENUE,Brighton 10 Street,Gray Court,EB,126,17.06,0.0
2022-01-11,10,Brooklyn,NEPTUNE AVENUE,Brighton 10 Street,Gray Court,EB,113,17.06,0.0
2022-01-11,10,Brooklyn,NEPTUNE AVENUE,Brighton 10 Street,Gray Court,EB,103,17.06,0.0
2022-01-11,11,Brooklyn,NEPTUNE AVENUE,Brighton 10 Street,Gray Court,EB,92,17.78,0.0
2022-01-11,11,Brooklyn,NEPTUNE AVENUE,Brighton 10 Street,Gray Court,EB,84,17.78,0.0
2022-01-11,11,Brooklyn,NEPTUNE AVENUE,Brighton 10 Street,Gray Court,EB,78,17.78,0.0
2022-01-11,11,Brooklyn,NEPTUNE AVENUE,Brighton 10 Street,Gray Court,EB,85,17.78,0.0
2022-01-11,12,Brooklyn,NEPTUNE AVENUE,Brighton 10 Street,Gray Court,EB,92,18.859999,0.0
2022-01-11,12,Brooklyn,NEPTUNE AVENUE,Brighton 10 Street,Gray Court,EB,105,18.859999,0.0
2022-01-11,12,Brooklyn,NEPTUNE AVENUE,Brighton 10 Street,Gray Court,EB,112,18.859999,0.0
2022-01-11,12,Brooklyn,NEPTUNE AVENUE,Brighton 10 Street,Gray Court,EB,106,18.859999,0.0
2022-01-11,13,Brooklyn,NEPTUNE AVENUE,Brighton 10 Street,Gray Court,EB,117,19.130001,0.0
2022-01-11,13,Brooklyn,NEPTUNE AVENUE,Brighton 10 Street,Gray Court,EB,142,19.130001,0.0
2022-01-11,13,Brooklyn,NEPTUNE AVENUE,Brighton 10 Street,Gray Court,EB,120,19.130001,0.0
2022-01-11,13,Brooklyn,NEPTUNE AVENUE,Brighton 10 Street,Gray Court,EB,122,19.130001,0.0
2022-01-11,14,Brooklyn,NEPTUNE AVENUE,Brighton 10 Street,Gray Court,EB,129,20.029999,0.0
2022-01-11,14,Brooklyn,NEPTUNE AVENUE,Brighton 10 Street,Gray Court,EB,116,20.029999,0.0
2022-01-11,14,Brooklyn,NEPTUNE AVENUE,Brighton 10 Street,Gray Court,EB,125,20.029999,0.0
2022-01-11,14,Brooklyn,NEPTUNE AVENUE,Brighton 10 Street,Gray Court,EB,104,20.029999,0.0
2022-01-11,15,Brooklyn,NEPTUNE AVENUE,Brighton 10 Street,Gray Court,EB,97,20.57,0.0
2022-01-11,15,Brooklyn,NEPTUNE AVENUE,Brighton 10 Street,Gray Court,EB,130,20.57,0.0
2022-01-11,15,Brooklyn,NEPTUNE AVENUE,Brighton 10 Street,Gray Court,EB,141,20.57,0.0
2022-01-11,15,Brooklyn,NEPTUNE AVENUE,Brighton 10 Street,Gray Court,EB,144,20.57,0.0
2022-01-11,16,Brooklyn,NEPTUNE AVENUE,Brighton 10 Street,Gray Court,EB,130,20.93,0.0
2022-01-11,16,Brooklyn,NEPTUNE AVENUE,Brighton 10 Street,Gray Court,EB,164,20.93,0.0
2022-01-11,16,Brooklyn,NEPTUNE AVENUE,Brighton 10 Street,Gray Court,EB,127,20.93,0.0
2022-01-11,16,Brooklyn,NEPTUNE AVENUE,Brighton 10 Street,Gray Court,EB,132,20.93,0.0
2022-01-11,17,Brooklyn,NEPTUNE AVENUE,Brighton 10 Street,Gray Court,EB,125,20.84,0.0
2022-01-11,17,Brooklyn,NEPTUNE AVENUE,Brighton 10 Street,Gray Court,EB,117,20.84,0.0
2022-01-11,17,Brooklyn,NEPTUNE AVENUE,Brighton 10 Street,Gray Court,EB,95,20.84,0.0
2022-01-11,17,Brooklyn,NEPTUNE AVENUE,Brighton 10 Street,Gray Court,EB,100,20.84,0.0
2022-01-11,18,Brooklyn,NEPTUNE AVENUE,Brighton 10 Street,Gray Court,EB,93,19.94,0.0
2022-01-11,18,Brooklyn,NEPTUNE AVENUE,Brighton 10 Street,Gray Court,EB,88,19.94,0.0
2022-01-11,18,Brooklyn,NEPTUNE AVENUE,Brighton 10 Street,Gray Court,EB,82,19.94,0.0
2022-01-11,18,Brooklyn,NEPTUNE AVENUE,Brighton 10 Street,Gray Court,EB,58,19.94,0.0
2022-01-11,19,Brooklyn,NEPTUNE AVENUE,Brighton 10 Street,Gray Court,EB,56,19.67,0.0
2022-01-11,19,Brooklyn,NEPTUNE AVENUE,Brighton 10 Street,Gray Court,EB,58,19.67,0.0
2022-01-11,19,Brooklyn,NEPTUNE AVENUE,Brighton 10 Street,Gray Court,EB,64,19.67,0.0
2022-01-11,19,Brooklyn,NEPTUNE AVENUE,Brighton 10 Street,Gray Court,EB,41,19.67,0.0
2022-01-11,20,Brooklyn,NEPTUNE AVENUE,Brighton 10 Street,Gray Court,EB,39,17.06,0.0
2022-01-11,20,Brooklyn,NEPTUNE AVENUE,Brighton 10 Street,Gray Court,EB,58,17.06,0.0
2022-01-11,20,Brooklyn,NEPTUNE AVENUE,Brighton 10 Street,Gray Court,EB,34,17.06,0.0
2022-01-11,20,Brooklyn,NEPTUNE AVENUE,Brighton 10 Street,Gray Court,EB,30,17.06,0.0
2022-01-11,21,Brooklyn,NEPTUNE AVENUE,Brighton 10 Street,Gray Court,EB,41,17.509998,0.0
2022-01-11,21,Brooklyn,NEPTUNE AVENUE,Brighton 10 Street,Gray Court,EB,43,17.509998,0.0
2022-01-11,21,Brooklyn,NEPTUNE AVENUE,Brighton 10 Street,Gray Court,EB,33,17.509998,0.0
2022-01-11,21,Brooklyn,NEPTUNE AVENUE,Brighton 10 Street,Gray Court,EB,19,17.509998,0.0
2022-01-11,22,Brooklyn,NEPTUNE AVENUE,Brighton 10 Street,Gray Court,EB,33,19.31,0.0
2022-01-11,22,Brooklyn,NEPTUNE AVENUE,Brighton 10 Street,Gray Court,EB,33,19.31,0.0
2022-01-11,22,Brooklyn,NEPTUNE AVENUE,Brighton 10 Street,Gray Court,EB,20,19.31,0.0
2022-01-11,22,Brooklyn,NEPTUNE AVENUE,Brighton 10 Street,Gray Court,EB,15,19.31,0.0
2022-01-11,23,Brooklyn,NEPTUNE AVENUE,Brighton 10 Street,Gray Court,EB,14,18.05,0.0
2022-01-11,23,Brooklyn,NEPTUNE AVENUE,Brighton 10 Street,Gray Court,EB,11,18.05,0.0
2022-01-11,23,Brooklyn,NEPTUNE AVENUE,Brighton 10 Street,Gray Court,EB,9,18.05,0.0
2022-01-11,23,Brooklyn,NEPTUNE AVENUE,Brighton 10 Street,Gray Court,EB,12,18.05,0.0
2022-01-12,0,Brooklyn,NEPTUNE AVENUE,Brighton 10 Street,Gray Court,EB,8,17.6,0.0
2022-01-12,0,Brooklyn,NEPTUNE AVENUE,Brighton 10 Street,Gray Court,EB,14,17.6,0.0
2022-01-12,0,Brooklyn,NEPTUNE AVENUE,Brighton 10 Street,Gray Court,EB,9,17.6,0.0
2022-01-12,0,Brooklyn,NEPTUNE AVENUE,Brighton 10 Street,Gray Court,EB,12,17.6,0.0
2022-01-12,1,Brooklyn,NEPTUNE AVENUE,Brighton 10 Street,Gray Court,EB,10,19.49,0.0
2022-01-12,1,Brooklyn,NEPTUNE AVENUE,Brighton 10 Street,Gray Court,EB,7,19.49,0.0
2022-01-12,1,Brooklyn,NEPTUNE AVENUE,Brighton 10 Street,Gray Court,EB,7,19.49,0.0
2022-01-12,1,Brooklyn,NEPTUNE AVENUE,Brighton 10 Street,Gray Court,EB,3,19.49,0.0
2022-01-12,2,Brooklyn,NEPTUNE AVENUE,Brighton 10 Street,Gray Court,EB,6,20.029999,0.0
2022-01-12,2,Brooklyn,NEPTUNE AVENUE,Brighton 10 Street,Gray Court,EB,2,20.029999,0.0
2022-01-12,2,Brooklyn,NEPTUNE AVENUE,Brighton 10 Street,Gray Court,EB,4,20.029999,0.0
2022-01-12,2,Brooklyn,NEPTUNE AVENUE,Brighton 10 Street,Gray Court,EB,6,20.029999,0.0
2022-01-12,3,Brooklyn,NEPTUNE AVENUE,Brighton 10 Street,Gray Court,EB,7,20.39,0.0
2022-01-12,3,Brooklyn,NEPTUNE AVENUE,Brighton 10 Street,Gray Court,EB,7,20.39,0.0
2022-01-12,3,Brooklyn,NEPTUNE AVENUE,Brighton 10 Street,Gray Court,EB,4,20.39,0.0
2022-01-12,3,Brooklyn,NEPTUNE AVENUE,Brighton 10 Street,Gray Court,EB,8,20.39,0.0
2022-01-12,4,Brooklyn,NEPTUNE AVENUE,Brighton 10 Street,Gray Court,EB,22,21.02,0.0
2022-01-12,4,Brooklyn,NEPTUNE AVENUE,Brighton 10 Street,Gray Court,EB,16,21.02,0.0
2022-01-12,4,Brooklyn,NEPTUNE AVENUE,Brighton 10 Street,Gray Court,EB,18,21.02,0.0
2022-01-12,4,Brooklyn,NEPTUNE AVENUE,Brighton 10 Street,Gray Court,EB,24,21.02,0.0
2022-01-12,5,Brooklyn,NEPTUNE AVENUE,Brighton 10 Street,Gray Court,EB,26,21.56,0.0
2022-01-12,5,Brooklyn,NEPTUNE AVENUE,Brighton 10 Street,Gray Court,EB,28,21.56,0.0
2022-01-12,5,Brooklyn,NEPTUNE AVENUE,Brighton 10 Street,Gray Court,EB,31,21.56,0.0
2022-01-12,5,Brooklyn,NEPTUNE AVENUE,Brighton 10 Street,Gray Court,EB,48,21.56,0.0
2022-01-12,6,Brooklyn,NEPTUNE AVENUE,Brighton 10 Street,Gray Court,EB,96,21.83,0.0
2022-01-12,6,Brooklyn,NEPTUNE AVENUE,Brighton 10 Street,Gray Court,EB,94,21.83,0.0
2022-01-12,6,Brooklyn,NEPTUNE AVENUE,Brighton 10 Street,Gray Court,EB,124,21.83,0.0
2022-01-12,6,Brooklyn,NEPTUNE AVENUE,Brighton 10 Street,Gray Court,EB,133,21.83,0.0
2022-01-12,7,Brooklyn,NEPTUNE AVENUE,Brighton 10 Street,Gray Court,EB,120,22.73,0.0
2022-01-12,7,Brooklyn,NEPTUNE AVENUE,Brighton 10 Street,Gray Court,EB,148,22.73,0.0
2022-01-12,7,Brooklyn,NEPTUNE AVENUE,Brighton 10 Street,Gray Court,EB,140,22.73,0.0
2022-01-12,7,Brooklyn,NEPTUNE AVENUE,Brighton 10 Street,Gray Court,EB,116,22.73,0.0
2022-01-12,8,Brooklyn,NEPTUNE AVENUE,Brighton 10 Street,Gray Court,EB,102,24.35,0.0
2021-09-20,10,Queens,CODY AVENUE,Dead End,Dead end,NB,6,69.53,0.0
2021-09-20,10,Queens,CODY AVENUE,Dead End,Dead end,NB,4,69.53,0.0
2021-09-20,10,Queens,CODY AVENUE,Dead End,Dead end,NB,10,69.53,0.0
2021-09-20,10,Queens,CODY AVENUE,Dead End,Dead end,NB,13,69.53,0.0
2021-09-20,11,Queens,CODY AVENUE,Dead End,Dead end,NB,16,71.6,0.0
2021-09-20,11,Queens,CODY AVENUE,Dead End,Dead end,NB,13,71.6,0.0
2021-09-20,11,Queens,CODY AVENUE,Dead End,Dead end,NB,18,71.6,0.0
2021-09-20,11,Queens,CODY AVENUE,Dead End,Dead end,NB,16,71.6,0.0
2021-09-20,12,Queens,CODY AVENUE,Dead End,Dead end,NB,11,72.86,0.003937008
2021-09-20,12,Queens,CODY AVENUE,Dead End,Dead end,NB,20,72.86,0.003937008
2021-09-20,12,Queens,CODY AVENUE,Dead End,Dead end,NB,15,72.86,0.003937008
2021-09-20,12,Queens,CODY AVENUE,Dead End,Dead end,NB,11,72.86,0.003937008
2021-09-20,13,Queens,CODY AVENUE,Dead End,Dead end,NB,14,72.86,0.003937008
2021-09-20,13,Queens,CODY AVENUE,Dead End,Dead end,NB,10,72.86,0.003937008
2021-09-20,13,Queens,CODY AVENUE,Dead End,Dead end,NB,14,72.86,0.003937008
2021-09-20,13,Queens,CODY AVENUE,Dead End,Dead end,NB,9,72.86,0.003937008
2021-09-20,14,Queens,CODY AVENUE,Dead End,Dead end,NB,13,72.41,0.003937008
2021-09-20,14,Queens,CODY AVENUE,Dead End,Dead end,NB,11,72.41,0.003937008
2021-09-20,14,Queens,CODY AVENUE,Dead End,Dead end,NB,7,72.41,0.003937008
2021-09-20,14,Queens,CODY AVENUE,Dead End,Dead end,NB,4,72.41,0.003937008
2021-09-20,15,Queens,CODY AVENUE,Dead End,Dead end,NB,10,72.05,0.0
2021-09-20,15,Queens,CODY AVENUE,Dead End,Dead end,NB,7,72.05,0.0
2021-09-20,15,Queens,CODY AVENUE,Dead End,Dead end,NB,14,72.05,0.0
2021-09-20,15,Queens,CODY AVENUE,Dead End,Dead end,NB,7,72.05,0.0
2021-09-20,16,Queens,CODY AVENUE,Dead End,Dead end,NB,2,71.15,0.0
2021-09-20,16,Queens,CODY AVENUE,Dead End,Dead end,NB,3,71.15,0.0
2021-09-20,16,Queens,CODY AVENUE,Dead End,Dead end,NB,7,71.15,0.0
2021-09-20,16,Queens,CODY AVENUE,Dead End,Dead end,NB,1,71.15,0.0
2021-09-20,17,Queens,CODY AVENUE,Dead End,Dead end,NB,8,70.97,0.0
2021-09-20,17,Queens,CODY AVENUE,Dead End,Dead end,NB,13,70.97,0.0
2021-09-20,17,Queens,CODY AVENUE,Dead End,Dead end,NB,9,70.97,0.0
2021-09-20,17,Queens,CODY AVENUE,Dead End,Dead end,NB,11,70.97,0.0
2021-09-20,18,Queens,CODY AVENUE,Dead End,Dead end,NB,8,69.44,0.0
2021-09-20,18,Queens,CODY AVENUE,Dead End,Dead end,NB,7,69.44,0.0
2021-09-20,18,Queens,CODY AVENUE,Dead End,Dead end,NB,3,69.44,0.0
2021-09-20,18,Queens,CODY AVENUE,Dead End,Dead end,NB,17,69.44,0.0
2021-09-20,19,Queens,CODY AVENUE,Dead End,Dead end,NB,7,66.47,0.0
2021-09-20,19,Queens,CODY AVENUE,Dead End,Dead end,NB,10,66.47,0.0
2021-09-20,19,Queens,CODY AVENUE,Dead End,Dead end,NB,17,66.47,0.0
2021-09-20,19,Queens,CODY AVENUE,Dead End,Dead end,NB,9,66.47,0.0
2021-09-20,20,Queens,CODY AVENUE,Dead End,Dead end,NB,12,65.66,0.0
2021-09-20,20,Queens,CODY AVENUE,Dead End,Dead end,NB,12,65.66,0.0
2021-09-20,20,Queens,CODY AVENUE,Dead End,Dead end,NB,2,65.66,0.0
2021-09-20,20,Queens,CODY AVENUE,Dead End,Dead end,NB,1,65.66,0.0
2021-09-20,21,Queens,CODY AVENUE,Dead End,Dead end,NB,7,64.76,0.0
2021-09-20,21,Queens,CODY AVENUE,Dead End,Dead end,NB,4,64.76,0.0
2021-09-20,21,Queens,CODY AVENUE,Dead End,Dead end,NB,8,64.76,0.0
2021-09-20,21,Queens,CODY AVENUE,Dead End,Dead end,NB,10,64.76,0.0
2021-09-20,22,Queens,CODY AVENUE,Dead End,Dead end,NB,2,63.68,0.0
2021-09-20,22,Queens,CODY AVENUE,Dead End,Dead end,NB,4,63.68,0.0
2021-09-20,22,Queens,CODY AVENUE,Dead End,Dead end,NB,2,63.68,0.0
2021-09-20,22,Queens,CODY AVENUE,Dead End,Dead end,NB,2,63.68,0.0
2021-09-20,23,Queens,CODY AVENUE,Dead End,Dead end,NB,6,62.96,0.0
2021-09-20,23,Queens,CODY AVENUE,Dead End,Dead end,NB,3,62.96,0.0
2021-09-20,23,Queens,CODY AVENUE,Dead End,Dead end,NB,8,62.96,0.0
2021-09-20,23,Queens,CODY AVENUE,Dead End,Dead end,NB,10,62.96,0.0
2021-09-21,0,Queens,CODY AVENUE,Dead End,Dead end,NB,3,62.239998,0.0
2021-09-21,0,Queens,CODY AVENUE,Dead End,Dead end,NB,1,62.239998,0.0
2021-09-21,0,Queens,CODY AVENUE,Dead End,Dead end,NB,1,62.239998,0.0
2021-09-21,0,Queens,CODY AVENUE,Dead End,Dead end,NB,5,62.239998,0.0
2021-09-21,1,Queens,CODY AVENUE,Dead End,Dead end,NB,1,62.15,0.0
2021-09-21,1,Queens,CODY AVENUE,Dead End,Dead end,NB,1,62.15,0.0
2021-09-21,1,Queens,CODY AVENUE,Dead End,Dead end,NB,7,62.15,0.0
2021-09-21,1,Queens,CODY AVENUE,Dead End,Dead end,NB,2,62.15,0.0
2021-09-21,2,Queens,CODY AVENUE,Dead End,Dead end,NB,5,61.79,0.0
2021-09-21,2,Queens,CODY AVENUE,Dead End,Dead end,NB,1,61.79,0.0
2021-09-21,2,Queens,CODY AVENUE,Dead End,Dead end,NB,2,61.79,0.0
2021-09-21,2,Queens,CODY AVENUE,Dead End,Dead end,NB,4,61.79,0.0
2021-09-21,3,Queens,CODY AVENUE,Dead End,Dead end,NB,1,61.519997,0.0
2021-09-21,3,Queens,CODY AVENUE,Dead End,Dead end,NB,2,61.519997,0.0
2021-09-21,3,Queens,CODY AVENUE,Dead End,Dead end,NB,1,61.519997,0.0
2021-09-21,3,Queens,CODY AVENUE,Dead End,Dead end,NB,1,61.519997,0.0
2021-09-21,4,Queens,CODY AVENUE,Dead End,Dead end,NB,5,63.86,0.0
2021-09-21,4,Queens,CODY AVENUE,Dead End,Dead end,NB,1,63.86,0.0
2021-09-21,4,Queens,CODY AVENUE,Dead End,Dead end,NB,3,63.86,0.0
2021-09-21,4,Queens,CODY AVENUE,Dead End,Dead end,NB,2,63.86,0.0
2021-09-21,5,Queens,CODY AVENUE,Dead End,Dead end,NB,1,64.130005,0.0
2021-09-21,5,Queens,CODY AVENUE,Dead End,Dead end,NB,4,64.130005,0.0
2021-09-21,5,Queens,CODY AVENUE,Dead End,Dead end,NB,2,64.130005,0.0
2021-09-21,5,Queens,CODY AVENUE,Dead End,Dead end,NB,2,64.130005,0.0
2021-09-21,6,Queens,CODY AVENUE,Dead End,Dead end,NB,3,63.41,0.0
2021-09-21,6,Queens,CODY AVENUE,Dead End,Dead end,NB,3,63.41,0.0
2021-09-21,6,Queens,CODY AVENUE,Dead End,Dead end,NB,6,63.41,0.0
2021-09-21,6,Queens,CODY AVENUE,Dead End,Dead end,NB,14,63.41,0.0
2021-09-21,7,Queens,CODY AVENUE,Dead End,Dead end,NB,20,63.5,0.0
2021-09-21,7,Queens,CODY AVENUE,Dead End,Dead end,NB,25,63.5,0.0
2021-09-21,7,Queens,CODY AVENUE,Dead End,Dead end,NB,17,63.5,0.0
2021-09-21,7,Queens,CODY AVENUE,Dead End,Dead end,NB,23,63.5,0.0
2021-09-21,8,Queens,CODY AVENUE,Dead End,Dead end,NB,15,65.3,0.0
2021-09-21,8,Queens,CODY AVENUE,Dead End,Dead end,NB,10,65.3,0.0
2021-09-21,8,Queens,CODY AVENUE,Dead End,Dead end,NB,13,65.3,0.0
2021-09-21,8,Queens,CODY AVENUE,Dead End,Dead end,NB,19,65.3,0.0
2021-09-21,9,Queens,CODY AVENUE,Dead End,Dead end,NB,11,66.83,0.0
2021-09-21,9,Queens,CODY AVENUE,Dead End,Dead end,NB,9,66.83,0.0
2021-09-21,9,Queens,CODY AVENUE,Dead End,Dead end,NB,15,66.83,0.0
2021-09-21,9,Queens,CODY AVENUE,Dead End,Dead end,NB,5,66.83,0.0
2021-09-21,10,Queens,CODY AVENUE,Dead End,Dead end,NB,8,69.26,0.0
2021-09-21,10,Queens,CODY AVENUE,Dead End,Dead end,NB,12,69.26,0.0
2021-09-21,10,Queens,CODY AVENUE,Dead End,Dead end,NB,6,69.26,0.0
2021-09-21,10,Queens,CODY AVENUE,Dead End,Dead end,NB,12,69.26,0.0
2021-09-21,11,Queens,CODY AVENUE,Dead End,Dead end,NB,14,71.42,0.0
2021-09-21,11,Queens,CODY AVENUE,Dead End,Dead end,NB,7,71.42,0.0
2021-09-21,11,Queens,CODY AVENUE,Dead End,Dead end,NB,9,71.42,0.0
2021-09-21,11,Queens,CODY AVENUE,Dead End,Dead end,NB,14,71.42,0.0
2021-09-21,12,Queens,CODY AVENUE,Dead End,Dead end,NB,11,73.31,0.0
2022-03-08,19,Queens,BRADDOCK AVENUE,Hillside Avenue,221 Street,WB,54,40.28,0.0
2022-03-08,20,Queens,BRADDOCK AVENUE,Hillside Avenue,221 Street,WB,41,41.45,0.0
2022-03-08,20,Queens,BRADDOCK AVENUE,Hillside Avenue,221 Street,WB,42,41.45,0.0
2022-03-08,20,Queens,BRADDOCK AVENUE,Hillside Avenue,221 Street,WB,32,41.45,0.0
2022-03-08,20,Queens,BRADDOCK AVENUE,Hillside Avenue,221 Street,WB,46,41.45,0.0
2022-03-08,21,Queens,BRADDOCK AVENUE,Hillside Avenue,221 Street,WB,38,38.12,0.0
2022-03-08,21,Queens,BRADDOCK AVENUE,Hillside Avenue,221 Street,WB,27,38.12,0.0
2022-03-08,21,Queens,BRADDOCK AVENUE,Hillside Avenue,221 Street,WB,22,38.12,0.0
2022-03-08,21,Queens,BRADDOCK AVENUE,Hillside Avenue,221 Street,WB,33,38.12,0.0
2022-03-08,22,Queens,BRADDOCK AVENUE,Hillside Avenue,221 Street,WB,19,36.41,0.0
2022-03-08,22,Queens,BRADDOCK AVENUE,Hillside Avenue,221 Street,WB,15,36.41,0.0
2022-03-08,22,Queens,BRADDOCK AVENUE,Hillside Avenue,221 Street,WB,18,36.41,0.0
2022-03-08,22,Queens,BRADDOCK AVENUE,Hillside Avenue,221 Street,WB,23,36.41,0.0
2022-03-08,23,Queens,BRADDOCK AVENUE,Hillside Avenue,221 Street,WB,14,36.59,0.0
2022-03-08,23,Queens,BRADDOCK AVENUE,Hillside Avenue,221 Street,WB,15,36.59,0.0
2022-03-08,23,Queens,BRADDOCK AVENUE,Hillside Avenue,221 Street,WB,15,36.59,0.0
2022-03-08,23,Queens,BRADDOCK AVENUE,Hillside Avenue,221 Street,WB,19,36.59,0.0
2022-03-09,0,Queens,BRADDOCK AVENUE,Hillside Avenue,221 Street,WB,3,35.6,0.0
2022-03-09,0,Queens,BRADDOCK AVENUE,Hillside Avenue,221 Street,WB,7,35.6,0.0
2022-03-09,0,Queens,BRADDOCK AVENUE,Hillside Avenue,221 Street,WB,5,35.6,0.0
2022-03-09,0,Queens,BRADDOCK AVENUE,Hillside Avenue,221 Street,WB,10,35.6,0.0
2022-03-09,1,Queens,BRADDOCK AVENUE,Hillside Avenue,221 Street,WB,9,34.52,0.0
2022-03-09,1,Queens,BRADDOCK AVENUE,Hillside Avenue,221 Street,WB,7,34.52,0.0
2022-03-09,1,Queens,BRADDOCK AVENUE,Hillside Avenue,221 Street,WB,7,34.52,0.0
2022-03-09,1,Queens,BRADDOCK AVENUE,Hillside Avenue,221 Street,WB,2,34.52,0.0
2022-03-09,2,Queens,BRADDOCK AVENUE,Hillside Avenue,221 Street,WB,6,35.06,0.0
2022-03-09,2,Queens,BRADDOCK AVENUE,Hillside Avenue,221 Street,WB,2,35.06,0.0
2022-03-09,2,Queens,BRADDOCK AVENUE,Hillside Avenue,221 Street,WB,4,35.06,0.0
2022-03-09,2,Queens,BRADDOCK AVENUE,Hillside Avenue,221 Street,WB,3,35.06,0.0
2022-03-09,3,Queens,BRADDOCK AVENUE,Hillside Avenue,221 Street,WB,7,35.78,0.0
2022-03-09,3,Queens,BRADDOCK AVENUE,Hillside Avenue,221 Street,WB,1,35.78,0.0
2022-03-09,3,Queens,BRADDOCK AVENUE,Hillside Avenue,221 Street,WB,7,35.78,0.0
2022-03-09,3,Queens,BRADDOCK AVENUE,Hillside Avenue,221 Street,WB,3,35.78,0.0
2022-03-09,4,Queens,BRADDOCK AVENUE,Hillside Avenue,221 Street,WB,4,36.59,0.0
2022-03-09,4,Queens,BRADDOCK AVENUE,Hillside Avenue,221 Street,WB,6,36.59,0.0
2022-03-09,4,Queens,BRADDOCK AVENUE,Hillside Avenue,221 Street,WB,4,36.59,0.0
2022-03-09,4,Queens,BRADDOCK AVENUE,Hillside Avenue,221 Street,WB,20,36.59,0.0
2022-03-09,5,Queens,BRADDOCK AVENUE,Hillside Avenue,221 Street,WB,28,37.31,0.0
2022-03-09,5,Queens,BRADDOCK AVENUE,Hillside Avenue,221 Street,WB,39,37.31,0.0
2022-03-09,5,Queens,BRADDOCK AVENUE,Hillside Avenue,221 Street,WB,36,37.31,0.0
2022-03-09,5,Queens,BRADDOCK AVENUE,Hillside Avenue,221 Street,WB,27,37.31,0.0
2022-03-09,6,Queens,BRADDOCK AVENUE,Hillside Avenue,221 Street,WB,49,37.67,0.003937008
2022-03-09,6,Queens,BRADDOCK AVENUE,Hillside Avenue,221 Street,WB,81,37.67,0.003937008
2022-03-09,6,Queens,BRADDOCK AVENUE,Hillside Avenue,221 Street,WB,96,37.67,0.003937008
2022-03-09,6,Queens,BRADDOCK AVENUE,Hillside Avenue,221 Street,WB,85,37.67,0.003937008
2022-03-09,7,Queens,BRADDOCK AVENUE,Hillside Avenue,221 Street,WB,98,37.94,0.007874016
2022-03-09,7,Queens,BRADDOCK AVENUE,Hillside Avenue,221 Street,WB,108,37.94,0.007874016
2022-03-09,7,Queens,BRADDOCK AVENUE,Hillside Avenue,221 Street,WB,135,37.94,0.007874016
2022-03-09,7,Queens,BRADDOCK AVENUE,Hillside Avenue,221 Street,WB,117,37.94,0.007874016
2022-03-09,8,Queens,BRADDOCK AVENUE,Hillside Avenue,221 Street,WB,109,38.3,0.007874016
2022-03-09,8,Queens,BRADDOCK AVENUE,Hillside Avenue,221 Street,WB,98,38.3,0.007874016
2022-03-09,8,Queens,BRADDOCK AVENUE,Hillside Avenue,221 Street,WB,84,38.3,0.007874016
2022-03-09,8,Queens,BRADDOCK AVENUE,Hillside Avenue,221 Street,WB,77,38.3,0.007874016
2022-03-09,9,Queens,BRADDOCK AVENUE,Hillside Avenue,221 Street,WB,93,38.39,0.01968504
2022-03-09,9,Queens,BRADDOCK AVENUE,Hillside Avenue,221 Street,WB,51,38.39,0.01968504
2022-03-09,9,Queens,BRADDOCK AVENUE,Hillside Avenue,221 Street,WB,52,38.39,0.01968504
2022-03-09,9,Queens,BRADDOCK AVENUE,Hillside Avenue,221 Street,WB,41,38.39,0.01968504
2022-03-09,10,Queens,BRADDOCK AVENUE,Hillside Avenue,221 Street,WB,81,39.11,0.015748031
2022-03-09,10,Queens,BRADDOCK AVENUE,Hillside Avenue,221 Street,WB,50,39.11,0.015748031
2022-03-09,10,Queens,BRADDOCK AVENUE,Hillside Avenue,221 Street,WB,43,39.11,0.015748031
2022-03-09,10,Queens,BRADDOCK AVENUE,Hillside Avenue,221 Street,WB,46,39.11,0.015748031
2022-03-09,11,Queens,BRADDOCK AVENUE,Hillside Avenue,221 Street,WB,60,36.32,0.0511811
2022-03-09,11,Queens,BRADDOCK AVENUE,Hillside Avenue,221 Street,WB,42,36.32,0.0511811
2022-03-09,11,Queens,BRADDOCK AVENUE,Hillside Avenue,221 Street,WB,46,36.32,0.0511811
2022-03-09,11,Queens,BRADDOCK AVENUE,Hillside Avenue,221 Street,WB,51,36.32,0.0511811
2022-03-09,12,Queens,BRADDOCK AVENUE,Hillside Avenue,221 Street,WB,53,36.14,0.07480315
2022-03-09,12,Queens,BRADDOCK AVENUE,Hillside Avenue,221 Street,WB,47,36.14,0.07480315
2022-03-09,12,Queens,BRADDOCK AVENUE,Hillside Avenue,221 Street,WB,39,36.14,0.07480315
2022-03-09,12,Queens,BRADDOCK AVENUE,Hillside Avenue,221 Street,WB,52,36.14,0.07480315
2022-03-09,13,Queens,BRADDOCK AVENUE,Hillside Avenue,221 Street,WB,76,35.6,0.07086614
2022-03-09,13,Queens,BRADDOCK AVENUE,Hillside Avenue,221 Street,WB,54,35.6,0.07086614
2022-03-09,13,Queens,BRADDOCK AVENUE,Hillside Avenue,221 Street,WB,65,35.6,0.07086614
2022-03-09,13,Queens,BRADDOCK AVENUE,Hillside Avenue,221 Street,WB,69,35.6,0.07086614
2022-03-09,14,Queens,BRADDOCK AVENUE,Hillside Avenue,221 Street,WB,91,35.239998,0.047244098
2022-03-09,14,Queens,BRADDOCK AVENUE,Hillside Avenue,221 Street,WB,93,35.239998,0.047244098
2022-03-09,14,Queens,BRADDOCK AVENUE,Hillside Avenue,221 Street,WB,82,35.239998,0.047244098
2022-03-09,14,Queens,BRADDOCK AVENUE,Hillside Avenue,221 Street,WB,78,35.239998,0.047244098
2022-03-09,15,Queens,BRADDOCK AVENUE,Hillside Avenue,221 Street,WB,70,34.97,0.09055118
2022-03-09,15,Queens,BRADDOCK AVENUE,Hillside Avenue,221 Street,WB,65,34.97,0.09055118
2022-03-09,15,Queens,BRADDOCK AVENUE,Hillside Avenue,221 Street,WB,56,34.97,0.09055118
2022-03-09,15,Queens,BRADDOCK AVENUE,Hillside Avenue,221 Street,WB,71,34.97,0.09055118
2022-03-09,16,Queens,BRADDOCK AVENUE,Hillside Avenue,221 Street,WB,60,34.79,0.07086614
2022-03-09,16,Queens,BRADDOCK AVENUE,Hillside Avenue,221 Street,WB,80,34.79,0.07086614
2022-03-09,16,Queens,BRADDOCK AVENUE,Hillside Avenue,221 Street,WB,76,34.79,0.07086614
2022-03-09,16,Queens,BRADDOCK AVENUE,Hillside Avenue,221 Street,WB,60,34.79,0.07086614
2022-03-09,17,Queens,BRADDOCK AVENUE,Hillside Avenue,221 Street,WB,71,34.7,0.047244098
2022-03-09,17,Queens,BRADDOCK AVENUE,Hillside Avenue,221 Street,WB,53,34.7,0.047244098
2022-03-09,17,Queens,BRADDOCK AVENUE,Hillside Avenue,221 Street,WB,64,34.7,0.047244098
2022-03-09,17,Queens,BRADDOCK AVENUE,Hillside Avenue,221 Street,WB,68,34.7,0.047244098
2022-03-09,18,Queens,BRADDOCK AVENUE,Hillside Avenue,221 Street,WB,79,34.25,0.03937008
2022-03-09,18,Queens,BRADDOCK AVENUE,Hillside Avenue,221 Street,WB,65,34.25,0.03937008
2022-03-09,18,Queens,BRADDOCK AVENUE,Hillside Avenue,221 Street,WB,78,34.25,0.03937008
2022-03-09,18,Queens,BRADDOCK AVENUE,Hillside Avenue,221 Street,WB,57,34.25,0.03937008
2022-03-09,19,Queens,BRADDOCK AVENUE,Hillside Avenue,221 Street,WB,44,34.07,0.03543307
2022-03-09,19,Queens,BRADDOCK AVENUE,Hillside Avenue,221 Street,WB,42,34.07,0.03543307
2022-03-09,19,Queens,BRADDOCK AVENUE,Hillside Avenue,221 Street,WB,40,34.07,0.03543307
2022-03-09,19,Queens,BRADDOCK AVENUE,Hillside Avenue,221 Street,WB,25,34.07,0.03543307
2022-03-09,20,Queens,BRADDOCK AVENUE,Hillside Avenue,221 Street,WB,45,34.43,0.0118110245
2022-03-09,20,Queens,BRADDOCK AVENUE,Hillside Avenue,221 Street,WB,47,34.43,0.0118110245
2022-03-09,20,Queens,BRADDOCK AVENUE,Hillside Avenue,221 Street,WB,32,34.43,0.0118110245
2022-03-09,20,Queens,BRADDOCK AVENUE,Hillside Avenue,221 Street,WB,17,34.43,0.0118110245
2022-03-09,21,Queens,BRADDOCK AVENUE,Hillside Avenue,221 Street,WB,29,35.69,0.0
2022-03-09,21,Queens,BRADDOCK AVENUE,Hillside Avenue,221 Street,WB,33,35.69,0.0
2022-03-09,21,Queens,BRADDOCK AVENUE,Hillside Avenue,221 Street,WB,24,35.69,0.0
2022-03-09,21,Queens,BRADDOCK AVENUE,Hillside Avenue,221 Street,WB,30,35.69,0.0
2022-06-24,7,Queens,HOOK CREEK BRIDGE,Hook Creek Shoreline,Dead end,SB,451,62.69,0.0
2022-06-24,7,Queens,HOOK CREEK BRIDGE,Hook Creek Shoreline,Dead end,SB,547,62.69,0.0
2022-06-24,7,Queens,HOOK CREEK BRIDGE,Hook Creek Shoreline,Dead end,SB,527,62.69,0.0
2022-06-24,8,Queens,HOOK CREEK BRIDGE,Hook Creek Shoreline,Dead end,SB,473,63.41,0.0
2022-06-24,8,Queens,HOOK CREEK BRIDGE,Hook Creek Shoreline,Dead end,SB,532,63.41,0.0
2022-06-24,8,Queens,HOOK CREEK BRIDGE,Hook Creek Shoreline,Dead end,SB,512,63.41,0.0
2022-06-24,8,Queens,HOOK CREEK BRIDGE,Hook Creek Shoreline,Dead end,SB,514,63.41,0.0
2022-06-24,9,Queens,HOOK CREEK BRIDGE,Hook Creek Shoreline,Dead end,SB,509,68.0,0.0
2022-06-24,9,Queens,HOOK CREEK BRIDGE,Hook Creek Shoreline,Dead end,SB,487,68.0,0.0
2022-06-24,9,Queens,HOOK CREEK BRIDGE,Hook Creek Shoreline,Dead end,SB,539,68.0,0.0
2022-06-24,9,Queens,HOOK CREEK BRIDGE,Hook Creek Shoreline,Dead end,SB,590,68.0,0.0
2022-06-24,10,Queens,HOOK CREEK BRIDGE,Hook Creek Shoreline,Dead end,SB,562,71.69,0.0
2022-06-24,10,Queens,HOOK CREEK BRIDGE,Hook Creek Shoreline,Dead end,SB,543,71.69,0.0
2022-06-24,10,Queens,HOOK CREEK BRIDGE,Hook Creek Shoreline,Dead end,SB,492,71.69,0.0
2022-06-24,10,Queens,HOOK CREEK BRIDGE,Hook Creek Shoreline,Dead end,SB,549,71.69,0.0
2022-06-24,11,Queens,HOOK CREEK BRIDGE,Hook Creek Shoreline,Dead end,SB,510,75.11,0.0
2022-06-24,11,Queens,HOOK CREEK BRIDGE,Hook Creek Shoreline,Dead end,SB,517,75.11,0.0
2022-06-24,11,Queens,HOOK CREEK BRIDGE,Hook Creek Shoreline,Dead end,SB,526,75.11,0.0
2022-06-24,11,Queens,HOOK CREEK BRIDGE,Hook Creek Shoreline,Dead end,SB,510,75.11,0.0
2022-06-24,12,Queens,HOOK CREEK BRIDGE,Hook Creek Shoreline,Dead end,SB,519,77.0,0.003937008
2022-06-24,12,Queens,HOOK CREEK BRIDGE,Hook Creek Shoreline,Dead end,SB,524,77.0,0.003937008
2022-06-24,12,Queens,HOOK CREEK BRIDGE,Hook Creek Shoreline,Dead end,SB,527,77.0,0.003937008
2022-06-24,12,Queens,HOOK CREEK BRIDGE,Hook Creek Shoreline,Dead end,SB,494,77.0,0.003937008
2022-06-24,13,Queens,HOOK CREEK BRIDGE,Hook Creek Shoreline,Dead end,SB,488,78.619995,0.003937008
2022-06-24,13,Queens,HOOK CREEK BRIDGE,Hook Creek Shoreline,Dead end,SB,418,78.619995,0.003937008
2022-06-24,13,Queens,HOOK CREEK BRIDGE,Hook Creek Shoreline,Dead end,SB,499,78.619995,0.003937008
2022-06-24,13,Queens,HOOK CREEK BRIDGE,Hook Creek Shoreline,Dead end,SB,535,78.619995,0.003937008
2022-06-24,14,Queens,HOOK CREEK BRIDGE,Hook Creek Shoreline,Dead end,SB,478,78.71,0.003937008
2022-06-24,14,Queens,HOOK CREEK BRIDGE,Hook Creek Shoreline,Dead end,SB,550,78.71,0.003937008
2022-06-24,14,Queens,HOOK CREEK BRIDGE,Hook Creek Shoreline,Dead end,SB,519,78.71,0.003937008
2022-06-24,14,Queens,HOOK CREEK BRIDGE,Hook Creek Shoreline,Dead end,SB,537,78.71,0.003937008
2022-06-24,15,Queens,HOOK CREEK BRIDGE,Hook Creek Shoreline,Dead end,SB,509,77.36,0.003937008
2022-06-24,15,Queens,HOOK CREEK BRIDGE,Hook Creek Shoreline,Dead end,SB,550,77.36,0.003937008
2022-06-24,15,Queens,HOOK CREEK BRIDGE,Hook Creek Shoreline,Dead end,SB,514,77.36,0.003937008
2022-06-24,15,Queens,HOOK CREEK BRIDGE,Hook Creek Shoreline,Dead end,SB,615,77.36,0.003937008
2022-06-24,16,Queens,HOOK CREEK BRIDGE,Hook Creek Shoreline,Dead end,SB,505,76.369995,0.0
2022-06-24,16,Queens,HOOK CREEK BRIDGE,Hook Creek Shoreline,Dead end,SB,596,76.369995,0.0
2022-06-24,16,Queens,HOOK CREEK BRIDGE,Hook Creek Shoreline,Dead end,SB,550,76.369995,0.0
2022-06-24,16,Queens,HOOK CREEK BRIDGE,Hook Creek Shoreline,Dead end,SB,609,76.369995,0.0
2022-06-24,17,Queens,HOOK CREEK BRIDGE,Hook Creek Shoreline,Dead end,SB,580,76.19,0.0
2022-06-24,17,Queens,HOOK CREEK BRIDGE,Hook Creek Shoreline,Dead end,SB,561,76.19,0.0
2022-06-24,17,Queens,HOOK CREEK BRIDGE,Hook Creek Shoreline,Dead end,SB,543,76.19,0.0
2022-06-24,17,Queens,HOOK CREEK BRIDGE,Hook Creek Shoreline,Dead end,SB,487,76.19,0.0
2022-06-24,18,Queens,HOOK CREEK BRIDGE,Hook Creek Shoreline,Dead end,SB,598,75.29,0.0
2022-06-24,18,Queens,HOOK CREEK BRIDGE,Hook Creek Shoreline,Dead end,SB,499,75.29,0.0
2022-06-24,18,Queens,HOOK CREEK BRIDGE,Hook Creek Shoreline,Dead end,SB,544,75.29,0.0
2022-06-24,18,Queens,HOOK CREEK BRIDGE,Hook Creek Shoreline,Dead end,SB,491,75.29,0.0
2022-06-24,19,Queens,HOOK CREEK BRIDGE,Hook Creek Shoreline,Dead end,SB,512,73.58,0.0
2022-06-24,19,Queens,HOOK CREEK BRIDGE,Hook Creek Shoreline,Dead end,SB,468,73.58,0.0
2022-06-24,19,Queens,HOOK CREEK BRIDGE,Hook Creek Shoreline,Dead end,SB,429,73.58,0.0
2022-06-24,19,Queens,HOOK CREEK BRIDGE,Hook Creek Shoreline,Dead end,SB,378,73.58,0.0
2022-06-24,20,Queens,HOOK CREEK BRIDGE,Hook Creek Shoreline,Dead end,SB,427,73.31,0.0
2022-06-24,20,Queens,HOOK CREEK BRIDGE,Hook Creek Shoreline,Dead end,SB,380,73.31,0.0
2022-06-24,20,Queens,HOOK CREEK BRIDGE,Hook Creek Shoreline,Dead end,SB,368,73.31,0.0
2022-06-24,20,Queens,HOOK CREEK BRIDGE,Hook Creek Shoreline,Dead end,SB,396,73.31,0.0
2022-06-24,21,Queens,HOOK CREEK BRIDGE,Hook Creek Shoreline,Dead end,SB,322,72.77,0.0
2022-06-24,21,Queens,HOOK CREEK BRIDGE,Hook Creek Shoreline,Dead end,SB,307,72.77,0.0
2022-06-24,21,Queens,HOOK CREEK BRIDGE,Hook Creek Shoreline,Dead end,SB,323,72.77,0.0
2022-06-24,21,Queens,HOOK CREEK BRIDGE,Hook Creek Shoreline,Dead end,SB,341,72.77,0.0
2022-06-24,22,Queens,HOOK CREEK BRIDGE,Hook Creek Shoreline,Dead end,SB,321,72.14,0.0
2022-06-24,22,Queens,HOOK CREEK BRIDGE,Hook Creek Shoreline,Dead end,SB,243,72.14,0.0
2022-06-24,22,Queens,HOOK CREEK BRIDGE,Hook Creek Shoreline,Dead end,SB,305,72.14,0.0
2022-06-24,22,Queens,HOOK CREEK BRIDGE,Hook Creek Shoreline,Dead end,SB,322,72.14,0.0
2022-06-24,23,Queens,HOOK CREEK BRIDGE,Hook Creek Shoreline,Dead end,SB,266,71.69,0.0
2022-06-24,23,Queens,HOOK CREEK BRIDGE,Hook Creek Shoreline,Dead end,SB,306,71.69,0.0
2022-06-24,23,Queens,HOOK CREEK BRIDGE,Hook Creek Shoreline,Dead end,SB,283,71.69,0.0
2022-06-24,23,Queens,HOOK CREEK BRIDGE,Hook Creek Shoreline,Dead end,SB,251,71.69,0.0
2022-06-25,0,Queens,HOOK CREEK BRIDGE,Hook Creek Shoreline,Dead end,SB,196,70.61,0.0
2022-06-25,0,Queens,HOOK CREEK BRIDGE,Hook Creek Shoreline,Dead end,SB,169,70.61,0.0
2022-06-25,0,Queens,HOOK CREEK BRIDGE,Hook Creek Shoreline,Dead end,SB,204,70.61,0.0
2022-06-25,0,Queens,HOOK CREEK BRIDGE,Hook Creek Shoreline,Dead end,SB,207,70.61,0.0
2022-06-25,1,Queens,HOOK CREEK BRIDGE,Hook Creek Shoreline,Dead end,SB,181,69.17,0.0
2022-06-25,1,Queens,HOOK CREEK BRIDGE,Hook Creek Shoreline,Dead end,SB,154,69.17,0.0
2022-06-25,1,Queens,HOOK CREEK BRIDGE,Hook Creek Shoreline,Dead end,SB,127,69.17,0.0
2022-06-25,1,Queens,HOOK CREEK BRIDGE,Hook Creek Shoreline,Dead end,SB,120,69.17,0.0
2022-06-25,2,Queens,HOOK CREEK BRIDGE,Hook Creek Shoreline,Dead end,SB,125,67.91,0.0
2022-06-25,2,Queens,HOOK CREEK BRIDGE,Hook Creek Shoreline,Dead end,SB,128,67.91,0.0
2022-06-25,2,Queens,HOOK CREEK BRIDGE,Hook Creek Shoreline,Dead end,SB,112,67.91,0.0
2022-06-25,2,Queens,HOOK CREEK BRIDGE,Hook Creek Shoreline,Dead end,SB,95,67.91,0.0
2022-06-25,3,Queens,HOOK CREEK BRIDGE,Hook Creek Shoreline,Dead end,SB,103,67.01,0.0
2022-06-25,3,Queens,HOOK CREEK BRIDGE,Hook Creek Shoreline,Dead end,SB,120,67.01,0.0
2022-06-25,3,Queens,HOOK CREEK BRIDGE,Hook Creek Shoreline,Dead end,SB,103,67.01,0.0
2022-06-25,3,Queens,HOOK CREEK BRIDGE,Hook Creek Shoreline,Dead end,SB,101,67.01,0.0
2022-06-25,4,Queens,HOOK CREEK BRIDGE,Hook Creek Shoreline,Dead end,SB,94,66.2,0.0
2022-06-25,4,Queens,HOOK CREEK BRIDGE,Hook Creek Shoreline,Dead end,SB,103,66.2,0.0
2022-06-25,4,Queens,HOOK CREEK BRIDGE,Hook Creek Shoreline,Dead end,SB,114,66.2,0.0
2022-06-25,4,Queens,HOOK CREEK BRIDGE,Hook Creek Shoreline,Dead end,SB,115,66.2,0.0
2022-06-25,5,Queens,HOOK CREEK BRIDGE,Hook Creek Shoreline,Dead end,SB,100,65.57,0.0
2022-06-25,5,Queens,HOOK CREEK BRIDGE,Hook Creek Shoreline,Dead end,SB,110,65.57,0.0
2022-06-25,5,Queens,HOOK CREEK BRIDGE,Hook Creek Shoreline,Dead end,SB,135,65.57,0.0
2022-06-25,5,Queens,HOOK CREEK BRIDGE,Hook Creek Shoreline,Dead end,SB,151,65.57,0.0
2022-06-25,6,Queens,HOOK CREEK BRIDGE,Hook Creek Shoreline,Dead end,SB,150,65.48,0.0
2022-06-25,6,Queens,HOOK CREEK BRIDGE,Hook Creek Shoreline,Dead end,SB,200,65.48,0.0
2022-06-25,6,Queens,HOOK CREEK BRIDGE,Hook Creek Shoreline,Dead end,SB,251,65.48,0.0
2022-06-25,6,Queens,HOOK CREEK BRIDGE,Hook Creek Shoreline,Dead end,SB,264,65.48,0.0
2022-06-25,7,Queens,HOOK CREEK BRIDGE,Hook Creek Shoreline,Dead end,SB,225,67.91,0.0
2022-06-25,7,Queens,HOOK CREEK BRIDGE,Hook Creek Shoreline,Dead end,SB,276,67.91,0.0
2022-06-25,7,Queens,HOOK CREEK BRIDGE,Hook Creek Shoreline,Dead end,SB,308,67.91,0.0
2022-06-25,7,Queens,HOOK CREEK BRIDGE,Hook Creek Shoreline,Dead end,SB,336,67.91,0.0
2022-06-25,8,Queens,HOOK CREEK BRIDGE,Hook Creek Shoreline,Dead end,SB,312,71.869995,0.0
2022-06-25,8,Queens,HOOK CREEK BRIDGE,Hook Creek Shoreline,Dead end,SB,371,71.869995,0.0
2022-06-25,8,Queens,HOOK CREEK BRIDGE,Hook Creek Shoreline,Dead end,SB,369,71.869995,0.0
2022-06-25,8,Queens,HOOK CREEK BRIDGE,Hook Creek Shoreline,Dead end,SB,379,71.869995,0.0
2022-06-25,9,Queens,HOOK CREEK BRIDGE,Hook Creek Shoreline,Dead end,SB,396,76.73,0.0
2022-06-25,9,Queens,HOOK CREEK BRIDGE,Hook Creek Shoreline,Dead end,SB,440,76.73,0.0
2024-02-25,3,Manhattan,CENTRAL PARK NORTH,Frawley Circle,Central Park Lenox Avenue Appr,WB,4,21.74,0.0
2024-02-25,3,Manhattan,CENTRAL PARK NORTH,Frawley Circle,Central Park Lenox Avenue Appr,WB,4,21.74,0.0
2024-02-25,3,Manhattan,CENTRAL PARK NORTH,Frawley Circle,Central Park Lenox Avenue Appr,WB,5,21.74,0.0
2024-02-25,3,Manhattan,CENTRAL PARK NORTH,Frawley Circle,Central Park Lenox Avenue Appr,WB,2,21.74,0.0
2024-02-25,4,Manhattan,CENTRAL PARK NORTH,Frawley Circle,Central Park Lenox Avenue Appr,WB,1,20.93,0.0
2024-02-25,4,Manhattan,CENTRAL PARK NORTH,Frawley Circle,Central Park Lenox Avenue Appr,WB,4,20.93,0.0
2024-02-25,4,Manhattan,CENTRAL PARK NORTH,Frawley Circle,Central Park Lenox Avenue Appr,WB,5,20.93,0.0
2024-02-25,4,Manhattan,CENTRAL PARK NORTH,Frawley Circle,Central Park Lenox Avenue Appr,WB,6,20.93,0.0
2024-02-25,5,Manhattan,CENTRAL PARK NORTH,Frawley Circle,Central Park Lenox Avenue Appr,WB,4,20.21,0.0
2024-02-25,5,Manhattan,CENTRAL PARK NORTH,Frawley Circle,Central Park Lenox Avenue Appr,WB,5,20.21,0.0
2024-02-25,5,Manhattan,CENTRAL PARK NORTH,Frawley Circle,Central Park Lenox Avenue Appr,WB,7,20.21,0.0
2024-02-25,5,Manhattan,CENTRAL PARK NORTH,Frawley Circle,Central Park Lenox Avenue Appr,WB,8,20.21,0.0
2024-02-25,6,Manhattan,CENTRAL PARK NORTH,Frawley Circle,Central Park Lenox Avenue Appr,WB,3,19.94,0.0
2024-02-25,6,Manhattan,CENTRAL PARK NORTH,Frawley Circle,Central Park Lenox Avenue Appr,WB,5,19.94,0.0
2024-02-25,6,Manhattan,CENTRAL PARK NORTH,Frawley Circle,Central Park Lenox Avenue Appr,WB,7,19.94,0.0
2024-02-25,6,Manhattan,CENTRAL PARK NORTH,Frawley Circle,Central Park Lenox Avenue Appr,WB,9,19.94,0.0
2024-02-25,7,Manhattan,CENTRAL PARK NORTH,Frawley Circle,Central Park Lenox Avenue Appr,WB,11,19.67,0.0
2024-02-25,7,Manhattan,CENTRAL PARK NORTH,Frawley Circle,Central Park Lenox Avenue Appr,WB,9,19.67,0.0
2024-02-25,7,Manhattan,CENTRAL PARK NORTH,Frawley Circle,Central Park Lenox Avenue Appr,WB,17,19.67,0.0
2024-02-25,7,Manhattan,CENTRAL PARK NORTH,Frawley Circle,Central Park Lenox Avenue Appr,WB,12,19.67,0.0
2024-02-25,8,Manhattan,CENTRAL PARK NORTH,Frawley Circle,Central Park Lenox Avenue Appr,WB,19,19.85,0.0
2024-02-25,8,Manhattan,CENTRAL PARK NORTH,Frawley Circle,Central Park Lenox Avenue Appr,WB,14,19.85,0.0
2024-02-25,8,Manhattan,CENTRAL PARK NORTH,Frawley Circle,Central Park Lenox Avenue Appr,WB,12,19.85,0.0
2024-02-25,8,Manhattan,CENTRAL PARK NORTH,Frawley Circle,Central Park Lenox Avenue Appr,WB,20,19.85,0.0
2024-02-25,9,Manhattan,CENTRAL PARK NORTH,Frawley Circle,Central Park Lenox Avenue Appr,WB,19,23.63,0.0
2024-02-25,9,Manhattan,CENTRAL PARK NORTH,Frawley Circle,Central Park Lenox Avenue Appr,WB,16,23.63,0.0
2024-02-25,9,Manhattan,CENTRAL PARK NORTH,Frawley Circle,Central Park Lenox Avenue Appr,WB,12,23.63,0.0
2024-02-25,9,Manhattan,CENTRAL PARK NORTH,Frawley Circle,Central Park Lenox Avenue Appr,WB,17,23.63,0.0
2024-02-25,10,Manhattan,CENTRAL PARK NORTH,Frawley Circle,Central Park Lenox Avenue Appr,WB,21,25.43,0.0
2024-02-25,10,Manhattan,CENTRAL PARK NORTH,Frawley Circle,Central Park Lenox Avenue Appr,WB,26,25.43,0.0
2024-02-25,10,Manhattan,CENTRAL PARK NORTH,Frawley Circle,Central Park Lenox Avenue Appr,WB,18,25.43,0.0
2024-02-25,10,Manhattan,CENTRAL PARK NORTH,Frawley Circle,Central Park Lenox Avenue Appr,WB,24,25.43,0.0
2024-02-25,11,Manhattan,CENTRAL PARK NORTH,Frawley Circle,Central Park Lenox Avenue Appr,WB,22,27.77,0.0
2024-02-25,11,Manhattan,CENTRAL PARK NORTH,Frawley Circle,Central Park Lenox Avenue Appr,WB,33,27.77,0.0
2024-02-25,11,Manhattan,CENTRAL PARK NORTH,Frawley Circle,Central Park Lenox Avenue Appr,WB,20,27.77,0.0
2024-02-25,11,Manhattan,CENTRAL PARK NORTH,Frawley Circle,Central Park Lenox Avenue Appr,WB,20,27.77,0.0
2024-02-25,12,Manhattan,CENTRAL PARK NORTH,Frawley Circle,Central Park Lenox Avenue Appr,WB,31,30.65,0.0
2023-06-30,3,Brooklyn,SUTTER AVENUE,South Conduit Avenue,Dead end,WB,18,65.21,0.0
2023-06-30,3,Brooklyn,SUTTER AVENUE,South Conduit Avenue,Dead end,WB,9,65.21,0.0
2023-06-30,3,Brooklyn,SUTTER AVENUE,South Conduit Avenue,Dead end,WB,18,65.21,0.0
2023-06-30,3,Brooklyn,SUTTER AVENUE,South Conduit Avenue,Dead end,WB,13,65.21,0.0
2023-06-30,4,Brooklyn,SUTTER AVENUE,South Conduit Avenue,Dead end,WB,34,65.93,0.0
2023-06-30,4,Brooklyn,SUTTER AVENUE,South Conduit Avenue,Dead end,WB,30,65.93,0.0
2023-06-30,4,Brooklyn,SUTTER AVENUE,South Conduit Avenue,Dead end,WB,26,65.93,0.0
2023-06-30,4,Brooklyn,SUTTER AVENUE,South Conduit Avenue,Dead end,WB,54,65.93,0.0
2023-06-30,5,Brooklyn,SUTTER AVENUE,South Conduit Avenue,Dead end,WB,40,64.22,0.0
2023-06-30,5,Brooklyn,SUTTER AVENUE,South Conduit Avenue,Dead end,WB,41,64.22,0.0
2023-06-30,5,Brooklyn,SUTTER AVENUE,South Conduit Avenue,Dead end,WB,54,64.22,0.0
2023-06-30,5,Brooklyn,SUTTER AVENUE,South Conduit Avenue,Dead end,WB,63,64.22,0.0
2023-06-30,6,Brooklyn,SUTTER AVENUE,South Conduit Avenue,Dead end,WB,73,64.31,0.0
2023-06-30,6,Brooklyn,SUTTER AVENUE,South Conduit Avenue,Dead end,WB,87,64.31,0.0
2023-06-30,6,Brooklyn,SUTTER AVENUE,South Conduit Avenue,Dead end,WB,93,64.31,0.0
2023-06-30,6,Brooklyn,SUTTER AVENUE,South Conduit Avenue,Dead end,WB,103,64.31,0.0
2023-06-30,7,Brooklyn,SUTTER AVENUE,South Conduit Avenue,Dead end,WB,123,66.74,0.0
2023-06-30,7,Brooklyn,SUTTER AVENUE,South Conduit Avenue,Dead end,WB,120,66.74,0.0
2023-06-30,7,Brooklyn,SUTTER AVENUE,South Conduit Avenue,Dead end,WB,136,66.74,0.0
2023-06-30,7,Brooklyn,SUTTER AVENUE,South Conduit Avenue,Dead end,WB,136,66.74,0.0
2023-06-30,8,Brooklyn,SUTTER AVENUE,South Conduit Avenue,Dead end,WB,132,70.61,0.0
2023-06-30,8,Brooklyn,SUTTER AVENUE,South Conduit Avenue,Dead end,WB,116,70.61,0.0
2023-06-30,8,Brooklyn,SUTTER AVENUE,South Conduit Avenue,Dead end,WB,119,70.61,0.0
2023-06-30,8,Brooklyn,SUTTER AVENUE,South Conduit Avenue,Dead end,WB,108,70.61,0.0
2023-06-30,9,Brooklyn,SUTTER AVENUE,South Conduit Avenue,Dead end,WB,100,75.02,0.0
2023-06-30,9,Brooklyn,SUTTER AVENUE,South Conduit Avenue,Dead end,WB,93,75.02,0.0
2023-06-30,9,Brooklyn,SUTTER AVENUE,South Conduit Avenue,Dead end,WB,85,75.02,0.0
2023-06-30,9,Brooklyn,SUTTER AVENUE,South Conduit Avenue,Dead end,WB,94,75.02,0.0
2023-06-30,10,Brooklyn,SUTTER AVENUE,South Conduit Avenue,Dead end,WB,80,78.53,0.0
2023-06-30,10,Brooklyn,SUTTER AVENUE,South Conduit Avenue,Dead end,WB,79,78.53,0.0
2023-06-30,10,Brooklyn,SUTTER AVENUE,South Conduit Avenue,Dead end,WB,89,78.53,0.0
2023-06-30,10,Brooklyn,SUTTER AVENUE,South Conduit Avenue,Dead end,WB,77,78.53,0.0
2023-06-30,11,Brooklyn,SUTTER AVENUE,South Conduit Avenue,Dead end,WB,88,80.69,0.0
2023-06-30,11,Brooklyn,SUTTER AVENUE,South Conduit Avenue,Dead end,WB,82,80.69,0.0
2023-06-30,11,Brooklyn,SUTTER AVENUE,South Conduit Avenue,Dead end,WB,95,80.69,0.0
2023-06-30,11,Brooklyn,SUTTER AVENUE,South Conduit Avenue,Dead end,WB,98,80.69,0.0
2023-06-30,12,Brooklyn,SUTTER AVENUE,South Conduit Avenue,Dead end,WB,114,82.04,0.0
2023-06-30,12,Brooklyn,SUTTER AVENUE,South Conduit Avenue,Dead end,WB,113,82.04,0.0
2023-06-30,12,Brooklyn,SUTTER AVENUE,South Conduit Avenue,Dead end,WB,105,82.04,0.0
2023-06-30,12,Brooklyn,SUTTER AVENUE,South Conduit Avenue,Dead end,WB,122,82.04,0.0
2023-06-30,13,Brooklyn,SUTTER AVENUE,South Conduit Avenue,Dead end,WB,111,83.75,0.0
2023-06-30,13,Brooklyn,SUTTER AVENUE,South Conduit Avenue,Dead end,WB,95,83.75,0.0
2023-06-30,13,Brooklyn,SUTTER AVENUE,South Conduit Avenue,Dead end,WB,93,83.75,0.0
2023-06-30,13,Brooklyn,SUTTER AVENUE,South Conduit Avenue,Dead end,WB,108,83.75,0.0
2023-06-30,14,Brooklyn,SUTTER AVENUE,South Conduit Avenue,Dead end,WB,117,83.84,0.0
2023-06-30,14,Brooklyn,SUTTER AVENUE,South Conduit Avenue,Dead end,WB,115,83.84,0.0
2023-06-30,14,Brooklyn,SUTTER AVENUE,South Conduit Avenue,Dead end,WB,144,83.84,0.0
2023-06-30,14,Brooklyn,SUTTER AVENUE,South Conduit Avenue,Dead end,WB,135,83.84,0.0
2023-06-30,15,Brooklyn,SUTTER AVENUE,South Conduit Avenue,Dead end,WB,137,82.67,0.0
2023-06-30,15,Brooklyn,SUTTER AVENUE,South Conduit Avenue,Dead end,WB,133,82.67,0.0
2023-06-30,15,Brooklyn,SUTTER AVENUE,South Conduit Avenue,Dead end,WB,121,82.67,0.0
2023-06-30,15,Brooklyn,SUTTER AVENUE,South Conduit Avenue,Dead end,WB,130,82.67,0.0
2023-06-30,16,Brooklyn,SUTTER AVENUE,South Conduit Avenue,Dead end,WB,119,80.42,0.0
2023-06-30,16,Brooklyn,SUTTER AVENUE,South Conduit Avenue,Dead end,WB,130,80.42,0.0
2023-06-30,16,Brooklyn,SUTTER AVENUE,South Conduit Avenue,Dead end,WB,130,80.42,0.0
2023-06-30,16,Brooklyn,SUTTER AVENUE,South Conduit Avenue,Dead end,WB,107,80.42,0.0
2023-06-30,17,Brooklyn,SUTTER AVENUE,South Conduit Avenue,Dead end,WB,112,78.08,0.0
2023-06-30,17,Brooklyn,SUTTER AVENUE,South Conduit Avenue,Dead end,WB,128,78.08,0.0
2023-06-30,17,Brooklyn,SUTTER AVENUE,South Conduit Avenue,Dead end,WB,111,78.08,0.0
2023-06-30,17,Brooklyn,SUTTER AVENUE,South Conduit Avenue,Dead end,WB,112,78.08,0.0
2023-06-30,18,Brooklyn,SUTTER AVENUE,South Conduit Avenue,Dead end,WB,108,75.56,0.0
2023-06-30,18,Brooklyn,SUTTER AVENUE,South Conduit Avenue,Dead end,WB,128,75.56,0.0
2023-06-30,18,Brooklyn,SUTTER AVENUE,South Conduit Avenue,Dead end,WB,91,75.56,0.0
2023-06-30,18,Brooklyn,SUTTER AVENUE,South Conduit Avenue,Dead end,WB,107,75.56,0.0
2023-06-30,19,Brooklyn,SUTTER AVENUE,South Conduit Avenue,Dead end,WB,103,74.66,0.0
2023-06-30,19,Brooklyn,SUTTER AVENUE,South Conduit Avenue,Dead end,WB,95,74.66,0.0
2023-06-30,19,Brooklyn,SUTTER AVENUE,South Conduit Avenue,Dead end,WB,97,74.66,0.0
2023-06-30,19,Brooklyn,SUTTER AVENUE,South Conduit Avenue,Dead end,WB,103,74.66,0.0
2023-06-30,20,Brooklyn,SUTTER AVENUE,South Conduit Avenue,Dead end,WB,93,72.41,0.0
2023-06-30,20,Brooklyn,SUTTER AVENUE,South Conduit Avenue,Dead end,WB,82,72.41,0.0
2023-06-30,20,Brooklyn,SUTTER AVENUE,South Conduit Avenue,Dead end,WB,72,72.41,0.0
2023-06-30,20,Brooklyn,SUTTER AVENUE,South Conduit Avenue,Dead end,WB,90,72.41,0.0
2023-06-30,21,Brooklyn,SUTTER AVENUE,South Conduit Avenue,Dead end,WB,71,70.25,0.0
2023-06-30,21,Brooklyn,SUTTER AVENUE,South Conduit Avenue,Dead end,WB,78,70.25,0.0
2023-06-30,21,Brooklyn,SUTTER AVENUE,South Conduit Avenue,Dead end,WB,90,70.25,0.0
2023-06-30,21,Brooklyn,SUTTER AVENUE,South Conduit Avenue,Dead end,WB,83,70.25,0.0
2023-06-30,22,Brooklyn,SUTTER AVENUE,South Conduit Avenue,Dead end,WB,78,69.53,0.0
2023-06-30,22,Brooklyn,SUTTER AVENUE,South Conduit Avenue,Dead end,WB,69,69.53,0.0
2023-06-30,22,Brooklyn,SUTTER AVENUE,South Conduit Avenue,Dead end,WB,74,69.53,0.0
2023-06-30,22,Brooklyn,SUTTER AVENUE,South Conduit Avenue,Dead end,WB,67,69.53,0.0
2023-06-30,23,Brooklyn,SUTTER AVENUE,South Conduit Avenue,Dead end,WB,66,68.630005,0.0
2023-06-30,23,Brooklyn,SUTTER AVENUE,South Conduit Avenue,Dead end,WB,76,68.630005,0.0
2023-06-30,23,Brooklyn,SUTTER AVENUE,South Conduit Avenue,Dead end,WB,70,68.630005,0.0
2023-06-30,23,Brooklyn,SUTTER AVENUE,South Conduit Avenue,Dead end,WB,98,68.630005,0.0
2021-11-24,0,Queens,218 PLACE,104 Avenue,Hollis Avenue,SB,0,31.73,0.0
2021-11-24,0,Queens,218 PLACE,104 Avenue,Hollis Avenue,SB,1,31.73,0.0
2021-11-24,1,Queens,218 PLACE,104 Avenue,Hollis Avenue,SB,2,30.92,0.0
2021-11-24,1,Queens,218 PLACE,104 Avenue,Hollis Avenue,SB,0,30.92,0.0
2021-11-24,1,Queens,218 PLACE,104 Avenue,Hollis Avenue,SB,0,30.92,0.0
2021-11-24,1,Queens,218 PLACE,104 Avenue,Hollis Avenue,SB,0,30.92,0.0
2021-11-24,2,Queens,218 PLACE,104 Avenue,Hollis Avenue,SB,1,30.65,0.0
2021-11-24,2,Queens,218 PLACE,104 Avenue,Hollis Avenue,SB,1,30.65,0.0
2021-11-24,2,Queens,218 PLACE,104 Avenue,Hollis Avenue,SB,0,30.65,0.0
2021-11-24,2,Queens,218 PLACE,104 Avenue,Hollis Avenue,SB,1,30.65,0.0
2021-11-24,3,Queens,218 PLACE,104 Avenue,Hollis Avenue,SB,2,29.93,0.0
2021-11-24,3,Queens,218 PLACE,104 Avenue,Hollis Avenue,SB,1,29.93,0.0
2021-11-24,3,Queens,218 PLACE,104 Avenue,Hollis Avenue,SB,0,29.93,0.0
2021-11-24,3,Queens,218 PLACE,104 Avenue,Hollis Avenue,SB,0,29.93,0.0
2021-11-24,4,Queens,218 PLACE,104 Avenue,Hollis Avenue,SB,0,29.66,0.0
2021-11-24,4,Queens,218 PLACE,104 Avenue,Hollis Avenue,SB,0,29.66,0.0
2021-11-24,4,Queens,218 PLACE,104 Avenue,Hollis Avenue,SB,0,29.66,0.0
2021-11-24,4,Queens,218 PLACE,104 Avenue,Hollis Avenue,SB,0,29.66,0.0
2021-11-24,5,Queens,218 PLACE,104 Avenue,Hollis Avenue,SB,0,29.39,0.0
2021-11-24,5,Queens,218 PLACE,104 Avenue,Hollis Avenue,SB,1,29.39,0.0
2021-11-24,5,Queens,218 PLACE,104 Avenue,Hollis Avenue,SB,1,29.39,0.0
2021-11-24,5,Queens,218 PLACE,104 Avenue,Hollis Avenue,SB,0,29.39,0.0
2021-11-24,6,Queens,218 PLACE,104 Avenue,Hollis Avenue,SB,0,29.21,0.0
2021-11-24,6,Queens,218 PLACE,104 Avenue,Hollis Avenue,SB,2,29.21,0.0
2021-11-24,6,Queens,218 PLACE,104 Avenue,Hollis Avenue,SB,1,29.21,0.0
2021-11-24,6,Queens,218 PLACE,104 Avenue,Hollis Avenue,SB,2,29.21,0.0
2021-11-24,7,Queens,218 PLACE,104 Avenue,Hollis Avenue,SB,2,28.76,0.0
2021-11-24,7,Queens,218 PLACE,104 Avenue,Hollis Avenue,SB,3,28.76,0.0
2021-11-24,7,Queens,218 PLACE,104 Avenue,Hollis Avenue,SB,0,28.76,0.0
2021-11-24,7,Queens,218 PLACE,104 Avenue,Hollis Avenue,SB,1,28.76,0.0
2021-11-24,8,Queens,218 PLACE,104 Avenue,Hollis Avenue,SB,8,29.75,0.0
2021-11-24,8,Queens,218 PLACE,104 Avenue,Hollis Avenue,SB,3,29.75,0.0
2021-11-24,8,Queens,218 PLACE,104 Avenue,Hollis Avenue,SB,6,29.75,0.0
2021-11-24,8,Queens,218 PLACE,104 Avenue,Hollis Avenue,SB,7,29.75,0.0
2021-11-24,9,Queens,218 PLACE,104 Avenue,Hollis Avenue,SB,8,31.64,0.0
2021-11-24,9,Queens,218 PLACE,104 Avenue,Hollis Avenue,SB,5,31.64,0.0
2021-11-24,9,Queens,218 PLACE,104 Avenue,Hollis Avenue,SB,7,31.64,0.0
2021-11-24,9,Queens,218 PLACE,104 Avenue,Hollis Avenue,SB,5,31.64,0.0
2021-11-24,10,Queens,218 PLACE,104 Avenue,Hollis Avenue,SB,6,34.25,0.0
2021-11-24,10,Queens,218 PLACE,104 Avenue,Hollis Avenue,SB,4,34.25,0.0
2021-11-24,10,Queens,218 PLACE,104 Avenue,Hollis Avenue,SB,5,34.25,0.0
2021-11-24,10,Queens,218 PLACE,104 Avenue,Hollis Avenue,SB,4,34.25,0.0
2021-11-24,11,Queens,218 PLACE,104 Avenue,Hollis Avenue,SB,6,37.13,0.0
2021-11-24,11,Queens,218 PLACE,104 Avenue,Hollis Avenue,SB,6,37.13,0.0
2021-11-24,11,Queens,218 PLACE,104 Avenue,Hollis Avenue,SB,9,37.13,0.0
2021-11-24,11,Queens,218 PLACE,104 Avenue,Hollis Avenue,SB,3,37.13,0.0
2021-11-24,12,Queens,218 PLACE,104 Avenue,Hollis Avenue,SB,4,39.38,0.0
2021-11-24,12,Queens,218 PLACE,104 Avenue,Hollis Avenue,SB,4,39.38,0.0
2021-11-24,12,Queens,218 PLACE,104 Avenue,Hollis Avenue,SB,4,39.38,0.0
2021-11-24,12,Queens,218 PLACE,104 Avenue,Hollis Avenue,SB,9,39.38,0.0
2021-11-24,13,Queens,218 PLACE,104 Avenue,Hollis Avenue,SB,6,41.09,0.0
2021-11-24,13,Queens,218 PLACE,104 Avenue,Hollis Avenue,SB,14,41.09,0.0
2021-11-24,13,Queens,218 PLACE,104 Avenue,Hollis Avenue,SB,13,41.09,0.0
2021-11-24,13,Queens,218 PLACE,104 Avenue,Hollis Avenue,SB,3,41.09,0.0
2021-11-24,14,Queens,218 PLACE,104 Avenue,Hollis Avenue,SB,7,42.35,0.0
2021-11-24,14,Queens,218 PLACE,104 Avenue,Hollis Avenue,SB,5,42.35,0.0
2021-11-24,14,Queens,218 PLACE,104 Avenue,Hollis Avenue,SB,9,42.35,0.0
2021-11-24,14,Queens,218 PLACE,104 Avenue,Hollis Avenue,SB,8,42.35,0.0
2021-11-24,15,Queens,218 PLACE,104 Avenue,Hollis Avenue,SB,13,43.34,0.0
2021-11-24,15,Queens,218 PLACE,104 Avenue,Hollis Avenue,SB,5,43.34,0.0
2021-11-24,15,Queens,218 PLACE,104 Avenue,Hollis Avenue,SB,9,43.34,0.0
2021-11-24,15,Queens,218 PLACE,104 Avenue,Hollis Avenue,SB,8,43.34,0.0
2021-11-24,16,Queens,218 PLACE,104 Avenue,Hollis Avenue,SB,7,44.239998,0.0
2021-11-24,16,Queens,218 PLACE,104 Avenue,Hollis Avenue,SB,9,44.239998,0.0
2021-11-24,16,Queens,218 PLACE,104 Avenue,Hollis Avenue,SB,5,44.239998,0.0
2021-11-24,16,Queens,218 PLACE,104 Avenue,Hollis Avenue,SB,7,44.239998,0.0
2021-11-24,17,Queens,218 PLACE,104 Avenue,Hollis Avenue,SB,5,42.8,0.0
2021-11-24,17,Queens,218 PLACE,104 Avenue,Hollis Avenue,SB,11,42.8,0.0
2021-11-24,17,Queens,218 PLACE,104 Avenue,Hollis Avenue,SB,6,42.8,0.0
2021-11-24,17,Queens,218 PLACE,104 Avenue,Hollis Avenue,SB,6,42.8,0.0
2021-11-24,18,Queens,218 PLACE,104 Avenue,Hollis Avenue,SB,7,39.11,0.0
2021-11-24,18,Queens,218 PLACE,104 Avenue,Hollis Avenue,SB,3,39.11,0.0
2021-11-24,18,Queens,218 PLACE,104 Avenue,Hollis Avenue,SB,5,39.11,0.0
2021-11-24,18,Queens,218 PLACE,104 Avenue,Hollis Avenue,SB,7,39.11,0.0
2021-11-24,19,Queens,218 PLACE,104 Avenue,Hollis Avenue,SB,3,39.02,0.0
2021-11-24,19,Queens,218 PLACE,104 Avenue,Hollis Avenue,SB,7,39.02,0.0
2021-11-24,19,Queens,218 PLACE,104 Avenue,Hollis Avenue,SB,6,39.02,0.0
2021-11-24,19,Queens,218 PLACE,104 Avenue,Hollis Avenue,SB,9,39.02,0.0
2021-11-24,20,Queens,218 PLACE,104 Avenue,Hollis Avenue,SB,13,38.57,0.0
2021-11-24,20,Queens,218 PLACE,104 Avenue,Hollis Avenue,SB,4,38.57,0.0
2021-11-24,20,Queens,218 PLACE,104 Avenue,Hollis Avenue,SB,5,38.57,0.0
2021-11-24,20,Queens,218 PLACE,104 Avenue,Hollis Avenue,SB,7,38.57,0.0
2021-11-24,21,Queens,218 PLACE,104 Avenue,Hollis Avenue,SB,4,37.85,0.0
2021-11-24,21,Queens,218 PLACE,104 Avenue,Hollis Avenue,SB,5,37.85,0.0
2021-11-24,21,Queens,218 PLACE,104 Avenue,Hollis Avenue,SB,1,37.85,0.0
2021-11-24,21,Queens,218 PLACE,104 Avenue,Hollis Avenue,SB,2,37.85,0.0
2021-11-24,22,Queens,218 PLACE,104 Avenue,Hollis Avenue,SB,3,37.22,0.0
2021-11-24,22,Queens,218 PLACE,104 Avenue,Hollis Avenue,SB,4,37.22,0.0
2021-11-24,22,Queens,218 PLACE,104 Avenue,Hollis Avenue,SB,2,37.22,0.0
2021-11-24,22,Queens,218 PLACE,104 Avenue,Hollis Avenue,SB,5,37.22,0.0
2021-11-24,23,Queens,218 PLACE,104 Avenue,Hollis Avenue,SB,5,37.31,0.0
2021-11-24,23,Queens,218 PLACE,104 Avenue,Hollis Avenue,SB,1,37.31,0.0
2021-11-24,23,Queens,218 PLACE,104 Avenue,Hollis Avenue,SB,3,37.31,0.0
2021-11-24,23,Queens,218 PLACE,104 Avenue,Hollis Avenue,SB,3,37.31,0.0
2021-11-25,0,Queens,218 PLACE,104 Avenue,Hollis Avenue,SB,0,38.57,0.0
2021-11-25,0,Queens,218 PLACE,104 Avenue,Hollis Avenue,SB,3,38.57,0.0
2021-11-25,0,Queens,218 PLACE,104 Avenue,Hollis Avenue,SB,1,38.57,0.0
2021-11-25,0,Queens,218 PLACE,104 Avenue,Hollis Avenue,SB,0,38.57,0.0
2021-11-25,1,Queens,218 PLACE,104 Avenue,Hollis Avenue,SB,1,36.41,0.0
2021-11-25,1,Queens,218 PLACE,104 Avenue,Hollis Avenue,SB,1,36.41,0.0
2021-11-25,1,Queens,218 PLACE,104 Avenue,Hollis Avenue,SB,3,36.41,0.0
2021-11-25,1,Queens,218 PLACE,104 Avenue,Hollis Avenue,SB,0,36.41,0.0
2021-11-25,2,Queens,218 PLACE,104 Avenue,Hollis Avenue,SB,1,34.97,0.0
2021-11-25,2,Queens,218 PLACE,104 Avenue,Hollis Avenue,SB,0,34.97,0.0
2021-11-25,2,Queens,218 PLACE,104 Avenue,Hollis Avenue,SB,1,34.97,0.0
2021-03-04,6,Bronx,MAJOR DEEGAN EXPWY ET 11 NB,Dead End,Van Cortlandt Avenue West,SB,24,33.35,0.0
2021-03-04,6,Bronx,MAJOR DEEGAN EXPWY ET 11 NB,Dead End,Van Cortlandt Avenue West,SB,47,33.35,0.0
2023-03-23,0,Bronx,WEBSTER AVENUE,East 175 Street,East 176 Street,SB,71,44.690002,0.0
2023-03-23,0,Bronx,WEBSTER AVENUE,East 175 Street,East 176 Street,SB,61,44.690002,0.0
2023-03-23,0,Bronx,WEBSTER AVENUE,East 175 Street,East 176 Street,SB,58,44.690002,0.0
2023-03-23,0,Bronx,WEBSTER AVENUE,East 175 Street,East 176 Street,SB,49,44.690002,0.0
2023-03-23,1,Bronx,WEBSTER AVENUE,East 175 Street,East 176 Street,SB,64,42.71,0.0
2023-03-23,1,Bronx,WEBSTER AVENUE,East 175 Street,East 176 Street,SB,49,42.71,0.0
2023-03-23,1,Bronx,WEBSTER AVENUE,East 175 Street,East 176 Street,SB,40,42.71,0.0
2023-03-23,1,Bronx,WEBSTER AVENUE,East 175 Street,East 176 Street,SB,31,42.71,0.0
2023-03-23,2,Bronx,WEBSTER AVENUE,East 175 Street,East 176 Street,SB,35,41.989998,0.0
2023-03-23,2,Bronx,WEBSTER AVENUE,East 175 Street,East 176 Street,SB,50,41.989998,0.0
2023-03-23,2,Bronx,WEBSTER AVENUE,East 175 Street,East 176 Street,SB,31,41.989998,0.0
2023-03-23,2,Bronx,WEBSTER AVENUE,East 175 Street,East 176 Street,SB,36,41.989998,0.0
2023-03-23,3,Bronx,WEBSTER AVENUE,East 175 Street,East 176 Street,SB,32,42.440002,0.0
2023-03-23,3,Bronx,WEBSTER AVENUE,East 175 Street,East 176 Street,SB,34,42.440002,0.0
2023-03-23,3,Bronx,WEBSTER AVENUE,East 175 Street,East 176 Street,SB,26,42.440002,0.0
2023-03-23,3,Bronx,WEBSTER AVENUE,East 175 Street,East 176 Street,SB,40,42.440002,0.0
2023-03-23,4,Bronx,WEBSTER AVENUE,East 175 Street,East 176 Street,SB,31,42.98,0.0
2023-03-23,4,Bronx,WEBSTER AVENUE,East 175 Street,East 176 Street,SB,43,42.98,0.0
2023-03-23,4,Bronx,WEBSTER AVENUE,East 175 Street,East 176 Street,SB,41,42.98,0.0
2023-03-23,4,Bronx,WEBSTER AVENUE,East 175 Street,East 176 Street,SB,30,42.98,0.0
2023-03-23,5,Bronx,WEBSTER AVENUE,East 175 Street,East 176 Street,SB,55,43.61,0.0
2023-03-23,5,Bronx,WEBSTER AVENUE,East 175 Street,East 176 Street,SB,53,43.61,0.0
2023-03-23,5,Bronx,WEBSTER AVENUE,East 175 Street,East 176 Street,SB,76,43.61,0.0
2023-03-23,5,Bronx,WEBSTER AVENUE,East 175 Street,East 176 Street,SB,77,43.61,0.0
2023-03-23,6,Bronx,WEBSTER AVENUE,East 175 Street,East 176 Street,SB,110,44.96,0.0
2023-03-23,6,Bronx,WEBSTER AVENUE,East 175 Street,East 176 Street,SB,118,44.96,0.0
2023-03-23,6,Bronx,WEBSTER AVENUE,East 175 Street,East 176 Street,SB,134,44.96,0.0
2023-03-23,6,Bronx,WEBSTER AVENUE,East 175 Street,East 176 Street,SB,160,44.96,0.0
2023-03-23,7,Bronx,WEBSTER AVENUE,East 175 Street,East 176 Street,SB,203,45.32,0.0
2023-03-23,7,Bronx,WEBSTER AVENUE,East 175 Street,East 176 Street,SB,209,45.32,0.0
2023-03-23,7,Bronx,WEBSTER AVENUE,East 175 Street,East 176 Street,SB,166,45.32,0.0
2023-03-23,7,Bronx,WEBSTER AVENUE,East 175 Street,East 176 Street,SB,187,45.32,0.0
2023-03-23,8,Bronx,WEBSTER AVENUE,East 175 Street,East 176 Street,SB,174,46.58,0.0
2023-03-23,8,Bronx,WEBSTER AVENUE,East 175 Street,East 176 Street,SB,167,46.58,0.0
2023-03-23,8,Bronx,WEBSTER AVENUE,East 175 Street,East 176 Street,SB,160,46.58,0.0
2023-03-23,8,Bronx,WEBSTER AVENUE,East 175 Street,East 176 Street,SB,177,46.58,0.0
2023-03-23,9,Bronx,WEBSTER AVENUE,East 175 Street,East 176 Street,SB,145,50.36,0.0
2023-03-23,9,Bronx,WEBSTER AVENUE,East 175 Street,East 176 Street,SB,152,50.36,0.0
2023-03-23,9,Bronx,WEBSTER AVENUE,East 175 Street,East 176 Street,SB,107,50.36,0.0
2023-03-23,9,Bronx,WEBSTER AVENUE,East 175 Street,East 176 Street,SB,108,50.36,0.0
2023-03-23,10,Bronx,WEBSTER AVENUE,East 175 Street,East 176 Street,SB,92,53.78,0.0
2023-03-23,10,Bronx,WEBSTER AVENUE,East 175 Street,East 176 Street,SB,145,53.78,0.0
2023-03-23,10,Bronx,WEBSTER AVENUE,East 175 Street,East 176 Street,SB,121,53.78,0.0
2023-03-23,10,Bronx,WEBSTER AVENUE,East 175 Street,East 176 Street,SB,109,53.78,0.0
2023-03-23,11,Bronx,WEBSTER AVENUE,East 175 Street,East 176 Street,SB,133,54.59,0.04330709
2023-03-23,11,Bronx,WEBSTER AVENUE,East 175 Street,East 176 Street,SB,111,54.59,0.04330709
2023-03-23,11,Bronx,WEBSTER AVENUE,East 175 Street,East 176 Street,SB,124,54.59,0.04330709
2023-03-23,11,Bronx,WEBSTER AVENUE,East 175 Street,East 176 Street,SB,111,54.59,0.04330709
2023-03-23,12,Bronx,WEBSTER AVENUE,East 175 Street,East 176 Street,SB,128,55.49,0.0
2023-03-23,12,Bronx,WEBSTER AVENUE,East 175 Street,East 176 Street,SB,122,55.49,0.0
2023-03-23,12,Bronx,WEBSTER AVENUE,East 175 Street,East 176 Street,SB,125,55.49,0.0
2023-03-23,12,Bronx,WEBSTER AVENUE,East 175 Street,East 176 Street,SB,145,55.49,0.0
2023-03-23,13,Bronx,WEBSTER AVENUE,East 175 Street,East 176 Street,SB,113,53.96,0.047244098
2023-03-23,13,Bronx,WEBSTER AVENUE,East 175 Street,East 176 Street,SB,110,53.96,0.047244098
2023-03-23,13,Bronx,WEBSTER AVENUE,East 175 Street,East 176 Street,SB,144,53.96,0.047244098
2023-03-23,13,Bronx,WEBSTER AVENUE,East 175 Street,East 176 Street,SB,148,53.96,0.047244098
2023-03-23,14,Bronx,WEBSTER AVENUE,East 175 Street,East 176 Street,SB,140,55.58,0.0118110245
2023-03-23,14,Bronx,WEBSTER AVENUE,East 175 Street,East 176 Street,SB,79,55.58,0.0118110245
2023-03-23,14,Bronx,WEBSTER AVENUE,East 175 Street,East 176 Street,SB,107,55.58,0.0118110245
2023-03-23,14,Bronx,WEBSTER AVENUE,East 175 Street,East 176 Street,SB,97,55.58,0.0118110245
2023-03-23,15,Bronx,WEBSTER AVENUE,East 175 Street,East 176 Street,SB,103,53.96,0.0
2023-03-23,15,Bronx,WEBSTER AVENUE,East 175 Street,East 176 Street,SB,117,53.96,0.0
2023-03-23,15,Bronx,WEBSTER AVENUE,East 175 Street,East 176 Street,SB,92,53.96,0.0
2023-03-23,15,Bronx,WEBSTER AVENUE,East 175 Street,East 176 Street,SB,117,53.96,0.0
2023-03-23,16,Bronx,WEBSTER AVENUE,East 175 Street,East 176 Street,SB,126,55.67,0.0
2023-03-23,16,Bronx,WEBSTER AVENUE,East 175 Street,East 176 Street,SB,115,55.67,0.0
2023-03-23,16,Bronx,WEBSTER AVENUE,East 175 Street,East 176 Street,SB,109,55.67,0.0
2023-03-23,16,Bronx,WEBSTER AVENUE,East 175 Street,East 176 Street,SB,118,55.67,0.0
2023-03-23,17,Bronx,WEBSTER AVENUE,East 175 Street,East 176 Street,SB,137,57.92,0.0
2023-03-23,17,Bronx,WEBSTER AVENUE,East 175 Street,East 176 Street,SB,130,57.92,0.0
2023-03-23,17,Bronx,WEBSTER AVENUE,East 175 Street,East 176 Street,SB,116,57.92,0.0
2023-03-23,17,Bronx,WEBSTER AVENUE,East 175 Street,East 176 Street,SB,117,57.92,0.0
2023-03-23,18,Bronx,WEBSTER AVENUE,East 175 Street,East 176 Street,SB,143,58.46,0.0
2023-03-23,18,Bronx,WEBSTER AVENUE,East 175 Street,East 176 Street,SB,161,58.46,0.0
2023-03-23,18,Bronx,WEBSTER AVENUE,East 175 Street,East 176 Street,SB,123,58.46,0.0
2023-03-23,18,Bronx,WEBSTER AVENUE,East 175 Street,East 176 Street,SB,147,58.46,0.0
2023-03-23,19,Bronx,WEBSTER AVENUE,East 175 Street,East 176 Street,SB,128,58.1,0.0
2023-03-23,19,Bronx,WEBSTER AVENUE,East 175 Street,East 176 Street,SB,127,58.1,0.0
2023-03-23,19,Bronx,WEBSTER AVENUE,East 175 Street,East 176 Street,SB,130,58.1,0.0
2023-03-23,19,Bronx,WEBSTER AVENUE,East 175 Street,East 176 Street,SB,134,58.1,0.0
2023-03-23,20,Bronx,WEBSTER AVENUE,East 175 Street,East 176 Street,SB,122,56.03,0.0
2023-03-23,20,Bronx,WEBSTER AVENUE,East 175 Street,East 176 Street,SB,136,56.03,0.0
2023-03-23,20,Bronx,WEBSTER AVENUE,East 175 Street,East 176 Street,SB,147,56.03,0.0
2023-03-23,20,Bronx,WEBSTER AVENUE,East 175 Street,East 176 Street,SB,117,56.03,0.0
2023-03-23,21,Bronx,WEBSTER AVENUE,East 175 Street,East 176 Street,SB,114,56.57,0.0
2023-03-23,21,Bronx,WEBSTER AVENUE,East 175 Street,East 176 Street,SB,90,56.57,0.0
2023-03-23,21,Bronx,WEBSTER AVENUE,East 175 Street,East 176 Street,SB,100,56.57,0.0
2020-08-17,14,Brooklyn,ATLANTIC AVENUE,Boerum Place,Culver/ 6 Avenue Line,EB,217,77.45,0.0
2020-08-17,14,Brooklyn,ATLANTIC AVENUE,Boerum Place,Culver/ 6 Avenue Line,EB,250,77.45,0.0
2020-08-17,15,Brooklyn,ATLANTIC AVENUE,Boerum Place,Culver/ 6 Avenue Line,EB,249,76.369995,0.0
2020-08-17,15,Brooklyn,ATLANTIC AVENUE,Boerum Place,Culver/ 6 Avenue Line,EB,240,76.369995,0.0
2020-08-17,15,Brooklyn,ATLANTIC AVENUE,Boerum Place,Culver/ 6 Avenue Line,EB,251,76.369995,0.0
2020-08-17,15,Brooklyn,ATLANTIC AVENUE,Boerum Place,Culver/ 6 Avenue Line,EB,236,76.369995,0.0
2020-08-17,16,Brooklyn,ATLANTIC AVENUE,Boerum Place,Culver/ 6 Avenue Line,EB,264,74.93,0.0
2020-08-17,16,Brooklyn,ATLANTIC AVENUE,Boerum Place,Culver/ 6 Avenue Line,EB,229,74.93,0.0
2020-08-17,16,Brooklyn,ATLANTIC AVENUE,Boerum Place,Culver/ 6 Avenue Line,EB,234,74.93,0.0
2020-08-17,16,Brooklyn,ATLANTIC AVENUE,Boerum Place,Culver/ 6 Avenue Line,EB,206,74.93,0.0
2020-08-17,17,Brooklyn,ATLANTIC AVENUE,Boerum Place,Culver/ 6 Avenue Line,EB,231,74.03,0.0
2020-08-17,17,Brooklyn,ATLANTIC AVENUE,Boerum Place,Culver/ 6 Avenue Line,EB,203,74.03,0.0
2020-08-17,17,Brooklyn,ATLANTIC AVENUE,Boerum Place,Culver/ 6 Avenue Line,EB,226,74.03,0.0
2020-08-17,17,Brooklyn,ATLANTIC AVENUE,Boerum Place,Culver/ 6 Avenue Line,EB,232,74.03,0.0
2020-08-17,18,Brooklyn,ATLANTIC AVENUE,Boerum Place,Culver/ 6 Avenue Line,EB,278,73.22,0.0118110245
2020-08-17,18,Brooklyn,ATLANTIC AVENUE,Boerum Place,Culver/ 6 Avenue Line,EB,266,73.22,0.0118110245
2020-08-17,18,Brooklyn,ATLANTIC AVENUE,Boerum Place,Culver/ 6 Avenue Line,EB,233,73.22,0.0118110245
2020-08-20,2,Brooklyn,ATLANTIC AVENUE,Boerum Place,Culver/ 6 Avenue Line,EB,32,67.28,0.0
2020-08-20,3,Brooklyn,ATLANTIC AVENUE,Boerum Place,Culver/ 6 Avenue Line,EB,40,66.47,0.0
2020-08-20,3,Brooklyn,ATLANTIC AVENUE,Boerum Place,Culver/ 6 Avenue Line,EB,34,66.47,0.0
2020-08-20,3,Brooklyn,ATLANTIC AVENUE,Boerum Place,Culver/ 6 Avenue Line,EB,37,66.47,0.0
2020-08-20,3,Brooklyn,ATLANTIC AVENUE,Boerum Place,Culver/ 6 Avenue Line,EB,24,66.47,0.0
2020-08-20,4,Brooklyn,ATLANTIC AVENUE,Boerum Place,Culver/ 6 Avenue Line,EB,24,64.94,0.0
2020-08-20,4,Brooklyn,ATLANTIC AVENUE,Boerum Place,Culver/ 6 Avenue Line,EB,21,64.94,0.0
2020-08-20,4,Brooklyn,ATLANTIC AVENUE,Boerum Place,Culver/ 6 Avenue Line,EB,34,64.94,0.0
2020-08-20,4,Brooklyn,ATLANTIC AVENUE,Boerum Place,Culver/ 6 Avenue Line,EB,49,64.94,0.0
2020-08-20,5,Brooklyn,ATLANTIC AVENUE,Boerum Place,Culver/ 6 Avenue Line,EB,51,63.95,0.0
2020-08-20,5,Brooklyn,ATLANTIC AVENUE,Boerum Place,Culver/ 6 Avenue Line,EB,54,63.95,0.0
2020-08-20,5,Brooklyn,ATLANTIC AVENUE,Boerum Place,Culver/ 6 Avenue Line,EB,64,63.95,0.0
2020-08-20,5,Brooklyn,ATLANTIC AVENUE,Boerum Place,Culver/ 6 Avenue Line,EB,76,63.95,0.0
2020-08-20,6,Brooklyn,ATLANTIC AVENUE,Boerum Place,Culver/ 6 Avenue Line,EB,83,63.05,0.0
2020-08-20,6,Brooklyn,ATLANTIC AVENUE,Boerum Place,Culver/ 6 Avenue Line,EB,122,63.05,0.0
2020-08-20,6,Brooklyn,ATLANTIC AVENUE,Boerum Place,Culver/ 6 Avenue Line,EB,109,63.05,0.0
2020-08-20,6,Brooklyn,ATLANTIC AVENUE,Boerum Place,Culver/ 6 Avenue Line,EB,125,63.05,0.0
2020-08-20,7,Brooklyn,ATLANTIC AVENUE,Boerum Place,Culver/ 6 Avenue Line,EB,132,63.86,0.0
2020-08-20,7,Brooklyn,ATLANTIC AVENUE,Boerum Place,Culver/ 6 Avenue Line,EB,170,63.86,0.0
2020-08-20,7,Brooklyn,ATLANTIC AVENUE,Boerum Place,Culver/ 6 Avenue Line,EB,157,63.86,0.0
2020-08-20,7,Brooklyn,ATLANTIC AVENUE,Boerum Place,Culver/ 6 Avenue Line,EB,182,63.86,0.0
2020-08-20,8,Brooklyn,ATLANTIC AVENUE,Boerum Place,Culver/ 6 Avenue Line,EB,159,65.75,0.0
2020-08-20,8,Brooklyn,ATLANTIC AVENUE,Boerum Place,Culver/ 6 Avenue Line,EB,201,65.75,0.0
2020-08-20,8,Brooklyn,ATLANTIC AVENUE,Boerum Place,Culver/ 6 Avenue Line,EB,187,65.75,0.0
2020-08-20,8,Brooklyn,ATLANTIC AVENUE,Boerum Place,Culver/ 6 Avenue Line,EB,191,65.75,0.0
2020-08-20,9,Brooklyn,ATLANTIC AVENUE,Boerum Place,Culver/ 6 Avenue Line,EB,160,67.82,0.0
2020-08-20,9,Brooklyn,ATLANTIC AVENUE,Boerum Place,Culver/ 6 Avenue Line,EB,172,67.82,0.0
2020-08-20,9,Brooklyn,ATLANTIC AVENUE,Boerum Place,Culver/ 6 Avenue Line,EB,161,67.82,0.0
2020-08-20,9,Brooklyn,ATLANTIC AVENUE,Boerum Place,Culver/ 6 Avenue Line,EB,192,67.82,0.0
2020-08-20,10,Brooklyn,ATLANTIC AVENUE,Boerum Place,Culver/ 6 Avenue Line,EB,163,70.43,0.0
2020-08-20,10,Brooklyn,ATLANTIC AVENUE,Boerum Place,Culver/ 6 Avenue Line,EB,186,70.43,0.0
2020-08-20,10,Brooklyn,ATLANTIC AVENUE,Boerum Place,Culver/ 6 Avenue Line,EB,163,70.43,0.0
2020-08-20,10,Brooklyn,ATLANTIC AVENUE,Boerum Place,Culver/ 6 Avenue Line,EB,193,70.43,0.0
2020-08-20,11,Brooklyn,ATLANTIC AVENUE,Boerum Place,Culver/ 6 Avenue Line,EB,185,72.86,0.0
2020-08-20,11,Brooklyn,ATLANTIC AVENUE,Boerum Place,Culver/ 6 Avenue Line,EB,161,72.86,0.0
2020-08-20,11,Brooklyn,ATLANTIC AVENUE,Boerum Place,Culver/ 6 Avenue Line,EB,182,72.86,0.0
2020-08-20,11,Brooklyn,ATLANTIC AVENUE,Boerum Place,Culver/ 6 Avenue Line,EB,180,72.86,0.0
2020-08-20,12,Brooklyn,ATLANTIC AVENUE,Boerum Place,Culver/ 6 Avenue Line,EB,184,74.66,0.0
2020-08-20,12,Brooklyn,ATLANTIC AVENUE,Boerum Place,Culver/ 6 Avenue Line,EB,182,74.66,0.0
2020-08-20,12,Brooklyn,ATLANTIC AVENUE,Boerum Place,Culver/ 6 Avenue Line,EB,182,74.66,0.0
2020-08-20,12,Brooklyn,ATLANTIC AVENUE,Boerum Place,Culver/ 6 Avenue Line,EB,228,74.66,0.0
2020-08-20,13,Brooklyn,ATLANTIC AVENUE,Boerum Place,Culver/ 6 Avenue Line,EB,213,75.83,0.0
2020-08-20,13,Brooklyn,ATLANTIC AVENUE,Boerum Place,Culver/ 6 Avenue Line,EB,211,75.83,0.0
2020-08-20,13,Brooklyn,ATLANTIC AVENUE,Boerum Place,Culver/ 6 Avenue Line,EB,205,75.83,0.0
2020-08-20,13,Brooklyn,ATLANTIC AVENUE,Boerum Place,Culver/ 6 Avenue Line,EB,170,75.83,0.0
2020-08-20,14,Brooklyn,ATLANTIC AVENUE,Boerum Place,Culver/ 6 Avenue Line,EB,185,76.82,0.0
2020-08-20,14,Brooklyn,ATLANTIC AVENUE,Boerum Place,Culver/ 6 Avenue Line,EB,216,76.82,0.0
2020-08-20,14,Brooklyn,ATLANTIC AVENUE,Boerum Place,Culver/ 6 Avenue Line,EB,204,76.82,0.0
2020-08-20,14,Brooklyn,ATLANTIC AVENUE,Boerum Place,Culver/ 6 Avenue Line,EB,236,76.82,0.0
2020-08-20,15,Brooklyn,ATLANTIC AVENUE,Boerum Place,Culver/ 6 Avenue Line,EB,261,77.72,0.0
2020-08-20,15,Brooklyn,ATLANTIC AVENUE,Boerum Place,Culver/ 6 Avenue Line,EB,220,77.72,0.0
2020-08-20,15,Brooklyn,ATLANTIC AVENUE,Boerum Place,Culver/ 6 Avenue Line,EB,212,77.72,0.0
2020-08-20,15,Brooklyn,ATLANTIC AVENUE,Boerum Place,Culver/ 6 Avenue Line,EB,216,77.72,0.0
2020-08-20,16,Brooklyn,ATLANTIC AVENUE,Boerum Place,Culver/ 6 Avenue Line,EB,220,78.53,0.0
2020-08-20,16,Brooklyn,ATLANTIC AVENUE,Boerum Place,Culver/ 6 Avenue Line,EB,238,78.53,0.0
2020-08-20,16,Brooklyn,ATLANTIC AVENUE,Boerum Place,Culver/ 6 Avenue Line,EB,241,78.53,0.0
2020-08-20,16,Brooklyn,ATLANTIC AVENUE,Boerum Place,Culver/ 6 Avenue Line,EB,246,78.53,0.0
2020-08-20,17,Brooklyn,ATLANTIC AVENUE,Boerum Place,Culver/ 6 Avenue Line,EB,259,78.35,0.0
2020-08-20,17,Brooklyn,ATLANTIC AVENUE,Boerum Place,Culver/ 6 Avenue Line,EB,249,78.35,0.0
2020-08-20,17,Brooklyn,ATLANTIC AVENUE,Boerum Place,Culver/ 6 Avenue Line,EB,233,78.35,0.0
2020-08-20,17,Brooklyn,ATLANTIC AVENUE,Boerum Place,Culver/ 6 Avenue Line,EB,272,78.35,0.0
2020-08-20,18,Brooklyn,ATLANTIC AVENUE,Boerum Place,Culver/ 6 Avenue Line,EB,225,77.09,0.0
2020-08-20,18,Brooklyn,ATLANTIC AVENUE,Boerum Place,Culver/ 6 Avenue Line,EB,218,77.09,0.0
2020-08-20,18,Brooklyn,ATLANTIC AVENUE,Boerum Place,Culver/ 6 Avenue Line,EB,237,77.09,0.0
2020-08-20,18,Brooklyn,ATLANTIC AVENUE,Boerum Place,Culver/ 6 Avenue Line,EB,326,77.09,0.0
2020-08-20,19,Brooklyn,ATLANTIC AVENUE,Boerum Place,Culver/ 6 Avenue Line,EB,280,73.67,0.0
2020-08-20,19,Brooklyn,ATLANTIC AVENUE,Boerum Place,Culver/ 6 Avenue Line,EB,252,73.67,0.0
2020-08-20,19,Brooklyn,ATLANTIC AVENUE,Boerum Place,Culver/ 6 Avenue Line,EB,227,73.67,0.0
2020-08-20,19,Brooklyn,ATLANTIC AVENUE,Boerum Place,Culver/ 6 Avenue Line,EB,262,73.67,0.0
2020-08-20,20,Brooklyn,ATLANTIC AVENUE,Boerum Place,Culver/ 6 Avenue Line,EB,248,71.42,0.0
2020-08-20,20,Brooklyn,ATLANTIC AVENUE,Boerum Place,Culver/ 6 Avenue Line,EB,239,71.42,0.0
2020-08-20,20,Brooklyn,ATLANTIC AVENUE,Boerum Place,Culver/ 6 Avenue Line,EB,244,71.42,0.0
2020-08-20,20,Brooklyn,ATLANTIC AVENUE,Boerum Place,Culver/ 6 Avenue Line,EB,185,71.42,0.0
2020-08-20,21,Brooklyn,ATLANTIC AVENUE,Boerum Place,Culver/ 6 Avenue Line,EB,174,69.26,0.0
2020-08-20,21,Brooklyn,ATLANTIC AVENUE,Boerum Place,Culver/ 6 Avenue Line,EB,170,69.26,0.0
2020-08-20,21,Brooklyn,ATLANTIC AVENUE,Boerum Place,Culver/ 6 Avenue Line,EB,142,69.26,0.0
2020-08-20,21,Brooklyn,ATLANTIC AVENUE,Boerum Place,Culver/ 6 Avenue Line,EB,138,69.26,0.0
2020-08-20,22,Brooklyn,ATLANTIC AVENUE,Boerum Place,Culver/ 6 Avenue Line,EB,163,68.72,0.0
2020-08-20,22,Brooklyn,ATLANTIC AVENUE,Boerum Place,Culver/ 6 Avenue Line,EB,161,68.72,0.0
2020-08-20,22,Brooklyn,ATLANTIC AVENUE,Boerum Place,Culver/ 6 Avenue Line,EB,130,68.72,0.0
2020-08-20,22,Brooklyn,ATLANTIC AVENUE,Boerum Place,Culver/ 6 Avenue Line,EB,152,68.72,0.0
2020-08-20,23,Brooklyn,ATLANTIC AVENUE,Boerum Place,Culver/ 6 Avenue Line,EB,138,68.54,0.0
2020-08-20,23,Brooklyn,ATLANTIC AVENUE,Boerum Place,Culver/ 6 Avenue Line,EB,121,68.54,0.0
2020-08-20,23,Brooklyn,ATLANTIC AVENUE,Boerum Place,Culver/ 6 Avenue Line,EB,134,68.54,0.0
2020-08-20,23,Brooklyn,ATLANTIC AVENUE,Boerum Place,Culver/ 6 Avenue Line,EB,141,68.54,0.0
2020-08-21,0,Brooklyn,ATLANTIC AVENUE,Boerum Place,Culver/ 6 Avenue Line,EB,119,67.73,0.0
2020-08-21,0,Brooklyn,ATLANTIC AVENUE,Boerum Place,Culver/ 6 Avenue Line,EB,92,67.73,0.0
2020-08-21,0,Brooklyn,ATLANTIC AVENUE,Boerum Place,Culver/ 6 Avenue Line,EB,70,67.73,0.0
2024-05-18,2,Brooklyn,LINDEN BOULEVARD,East 49 Street,Utica Avenue,EB,30,56.21,0.0
2024-05-18,3,Brooklyn,LINDEN BOULEVARD,East 49 Street,Utica Avenue,EB,40,55.940002,0.0
2024-05-18,3,Brooklyn,LINDEN BOULEVARD,East 49 Street,Utica Avenue,EB,38,55.940002,0.0
2024-05-18,3,Brooklyn,LINDEN BOULEVARD,East 49 Street,Utica Avenue,EB,34,55.940002,0.0
2024-05-18,3,Brooklyn,LINDEN BOULEVARD,East 49 Street,Utica Avenue,EB,25,55.940002,0.0
2024-05-18,4,Brooklyn,LINDEN BOULEVARD,East 49 Street,Utica Avenue,EB,40,56.03,0.0
2024-05-18,4,Brooklyn,LINDEN BOULEVARD,East 49 Street,Utica Avenue,EB,40,56.03,0.0
2024-05-18,4,Brooklyn,LINDEN BOULEVARD,East 49 Street,Utica Avenue,EB,38,56.03,0.0
2024-05-18,4,Brooklyn,LINDEN BOULEVARD,East 49 Street,Utica Avenue,EB,31,56.03,0.0
2024-05-18,5,Brooklyn,LINDEN BOULEVARD,East 49 Street,Utica Avenue,EB,37,55.85,0.0
2024-05-18,5,Brooklyn,LINDEN BOULEVARD,East 49 Street,Utica Avenue,EB,24,55.85,0.0
2024-05-18,5,Brooklyn,LINDEN BOULEVARD,East 49 Street,Utica Avenue,EB,36,55.85,0.0
2024-05-18,5,Brooklyn,LINDEN BOULEVARD,East 49 Street,Utica Avenue,EB,32,55.85,0.0
2024-05-18,6,Brooklyn,LINDEN BOULEVARD,East 49 Street,Utica Avenue,EB,34,55.940002,0.0
2024-05-18,6,Brooklyn,LINDEN BOULEVARD,East 49 Street,Utica Avenue,EB,28,55.940002,0.0
2024-05-18,6,Brooklyn,LINDEN BOULEVARD,East 49 Street,Utica Avenue,EB,40,55.940002,0.0
2024-05-18,6,Brooklyn,LINDEN BOULEVARD,East 49 Street,Utica Avenue,EB,32,55.940002,0.0
2024-05-18,7,Brooklyn,LINDEN BOULEVARD,East 49 Street,Utica Avenue,EB,44,57.38,0.0
2024-05-18,7,Brooklyn,LINDEN BOULEVARD,East 49 Street,Utica Avenue,EB,36,57.38,0.0
2024-05-18,7,Brooklyn,LINDEN BOULEVARD,East 49 Street,Utica Avenue,EB,45,57.38,0.0
2024-05-18,7,Brooklyn,LINDEN BOULEVARD,East 49 Street,Utica Avenue,EB,58,57.38,0.0
2024-05-18,8,Brooklyn,LINDEN BOULEVARD,East 49 Street,Utica Avenue,EB,61,58.46,0.0
2024-05-18,8,Brooklyn,LINDEN BOULEVARD,East 49 Street,Utica Avenue,EB,50,58.46,0.0
2024-05-18,8,Brooklyn,LINDEN BOULEVARD,East 49 Street,Utica Avenue,EB,55,58.46,0.0
2024-05-18,8,Brooklyn,LINDEN BOULEVARD,East 49 Street,Utica Avenue,EB,57,58.46,0.0
2024-05-18,9,Brooklyn,LINDEN BOULEVARD,East 49 Street,Utica Avenue,EB,50,64.67,0.0
2024-05-18,9,Brooklyn,LINDEN BOULEVARD,East 49 Street,Utica Avenue,EB,45,64.67,0.0
2024-05-18,9,Brooklyn,LINDEN BOULEVARD,East 49 Street,Utica Avenue,EB,72,64.67,0.0
2024-05-18,9,Brooklyn,LINDEN BOULEVARD,East 49 Street,Utica Avenue,EB,59,64.67,0.0
2024-05-18,10,Brooklyn,LINDEN BOULEVARD,East 49 Street,Utica Avenue,EB,67,66.56,0.0
2024-05-18,10,Brooklyn,LINDEN BOULEVARD,East 49 Street,Utica Avenue,EB,76,66.56,0.0
2024-05-18,10,Brooklyn,LINDEN BOULEVARD,East 49 Street,Utica Avenue,EB,57,66.56,0.0
2024-05-18,10,Brooklyn,LINDEN BOULEVARD,East 49 Street,Utica Avenue,EB,66,66.56,0.0
2024-05-18,11,Brooklyn,LINDEN BOULEVARD,East 49 Street,Utica Avenue,EB,82,67.55,0.0
2024-05-18,11,Brooklyn,LINDEN BOULEVARD,East 49 Street,Utica Avenue,EB,75,67.55,0.0
2024-05-18,11,Brooklyn,LINDEN BOULEVARD,East 49 Street,Utica Avenue,EB,61,67.55,0.0
2024-05-18,11,Brooklyn,LINDEN BOULEVARD,East 49 Street,Utica Avenue,EB,63,67.55,0.0
2024-05-18,12,Brooklyn,LINDEN BOULEVARD,East 49 Street,Utica Avenue,EB,64,69.53,0.0
2024-05-18,12,Brooklyn,LINDEN BOULEVARD,East 49 Street,Utica Avenue,EB,78,69.53,0.0
2024-05-18,12,Brooklyn,LINDEN BOULEVARD,East 49 Street,Utica Avenue,EB,74,69.53,0.0
2024-05-18,12,Brooklyn,LINDEN BOULEVARD,East 49 Street,Utica Avenue,EB,89,69.53,0.0
2024-05-18,13,Brooklyn,LINDEN BOULEVARD,East 49 Street,Utica Avenue,EB,91,71.69,0.0
2024-05-18,13,Brooklyn,LINDEN BOULEVARD,East 49 Street,Utica Avenue,EB,76,71.69,0.0
2024-05-18,13,Brooklyn,LINDEN BOULEVARD,East 49 Street,Utica Avenue,EB,95,71.69,0.0
2024-05-18,13,Brooklyn,LINDEN BOULEVARD,East 49 Street,Utica Avenue,EB,81,71.69,0.0
2024-05-18,14,Brooklyn,LINDEN BOULEVARD,East 49 Street,Utica Avenue,EB,87,72.32,0.0
2024-05-18,14,Brooklyn,LINDEN BOULEVARD,East 49 Street,Utica Avenue,EB,84,72.32,0.0
2024-05-18,14,Brooklyn,LINDEN BOULEVARD,East 49 Street,Utica Avenue,EB,82,72.32,0.0
2024-05-18,14,Brooklyn,LINDEN BOULEVARD,East 49 Street,Utica Avenue,EB,82,72.32,0.0
2024-05-18,15,Brooklyn,LINDEN BOULEVARD,East 49 Street,Utica Avenue,EB,81,70.07,0.0
2024-05-18,15,Brooklyn,LINDEN BOULEVARD,East 49 Street,Utica Avenue,EB,81,70.07,0.0
2024-05-18,15,Brooklyn,LINDEN BOULEVARD,East 49 Street,Utica Avenue,EB,90,70.07,0.0
2024-05-18,15,Brooklyn,LINDEN BOULEVARD,East 49 Street,Utica Avenue,EB,77,70.07,0.0
2024-05-18,16,Brooklyn,LINDEN BOULEVARD,East 49 Street,Utica Avenue,EB,79,65.93,0.003937008
2024-05-18,16,Brooklyn,LINDEN BOULEVARD,East 49 Street,Utica Avenue,EB,89,65.93,0.003937008
2024-05-18,16,Brooklyn,LINDEN BOULEVARD,East 49 Street,Utica Avenue,EB,83,65.93,0.003937008
2024-05-18,16,Brooklyn,LINDEN BOULEVARD,East 49 Street,Utica Avenue,EB,76,65.93,0.003937008
2024-05-18,17,Brooklyn,LINDEN BOULEVARD,East 49 Street,Utica Avenue,EB,84,62.510002,0.0118110245
2024-05-18,17,Brooklyn,LINDEN BOULEVARD,East 49 Street,Utica Avenue,EB,87,62.510002,0.0118110245
2024-05-18,17,Brooklyn,LINDEN BOULEVARD,East 49 Street,Utica Avenue,EB,77,62.510002,0.0118110245
2024-05-18,17,Brooklyn,LINDEN BOULEVARD,East 49 Street,Utica Avenue,EB,93,62.510002,0.0118110245
2024-05-18,18,Brooklyn,LINDEN BOULEVARD,East 49 Street,Utica Avenue,EB,78,60.530003,0.01968504
2024-05-18,18,Brooklyn,LINDEN BOULEVARD,East 49 Street,Utica Avenue,EB,83,60.530003,0.01968504
2024-05-18,18,Brooklyn,LINDEN BOULEVARD,East 49 Street,Utica Avenue,EB,87,60.530003,0.01968504
2024-05-18,18,Brooklyn,LINDEN BOULEVARD,East 49 Street,Utica Avenue,EB,72,60.530003,0.01968504
2024-05-18,19,Brooklyn,LINDEN BOULEVARD,East 49 Street,Utica Avenue,EB,83,59.81,0.01968504
2024-05-18,19,Brooklyn,LINDEN BOULEVARD,East 49 Street,Utica Avenue,EB,76,59.81,0.01968504
2024-05-18,19,Brooklyn,LINDEN BOULEVARD,East 49 Street,Utica Avenue,EB,85,59.81,0.01968504
2024-05-18,19,Brooklyn,LINDEN BOULEVARD,East 49 Street,Utica Avenue,EB,78,59.81,0.01968504
2024-05-18,20,Brooklyn,LINDEN BOULEVARD,East 49 Street,Utica Avenue,EB,76,59.63,0.015748031
2024-05-18,20,Brooklyn,LINDEN BOULEVARD,East 49 Street,Utica Avenue,EB,84,59.63,0.015748031
2024-05-18,20,Brooklyn,LINDEN BOULEVARD,East 49 Street,Utica Avenue,EB,73,59.63,0.015748031
2024-05-18,20,Brooklyn,LINDEN BOULEVARD,East 49 Street,Utica Avenue,EB,69,59.63,0.015748031
2024-05-18,21,Brooklyn,LINDEN BOULEVARD,East 49 Street,Utica Avenue,EB,75,60.980003,0.007874016
2024-05-18,21,Brooklyn,LINDEN BOULEVARD,East 49 Street,Utica Avenue,EB,83,60.980003,0.007874016
2024-05-18,21,Brooklyn,LINDEN BOULEVARD,East 49 Street,Utica Avenue,EB,75,60.980003,0.007874016
2024-05-18,21,Brooklyn,LINDEN BOULEVARD,East 49 Street,Utica Avenue,EB,76,60.980003,0.007874016
2024-05-18,22,Brooklyn,LINDEN BOULEVARD,East 49 Street,Utica Avenue,EB,79,60.260002,0.015748031
2024-05-18,22,Brooklyn,LINDEN BOULEVARD,East 49 Street,Utica Avenue,EB,77,60.260002,0.015748031
2024-05-18,22,Brooklyn,LINDEN BOULEVARD,East 49 Street,Utica Avenue,EB,65,60.260002,0.015748031
2024-05-18,22,Brooklyn,LINDEN BOULEVARD,East 49 Street,Utica Avenue,EB,77,60.260002,0.015748031
2024-05-18,23,Brooklyn,LINDEN BOULEVARD,East 49 Street,Utica Avenue,EB,64,58.91,0.003937008
2024-05-18,23,Brooklyn,LINDEN BOULEVARD,East 49 Street,Utica Avenue,EB,60,58.91,0.003937008
2024-05-18,23,Brooklyn,LINDEN BOULEVARD,East 49 Street,Utica Avenue,EB,65,58.91,0.003937008
2024-05-18,23,Brooklyn,LINDEN BOULEVARD,East 49 Street,Utica Avenue,EB,71,58.91,0.003937008
2024-05-19,0,Brooklyn,LINDEN BOULEVARD,East 49 Street,Utica Avenue,EB,49,57.2,0.0
2024-05-19,0,Brooklyn,LINDEN BOULEVARD,East 49 Street,Utica Avenue,EB,66,57.2,0.0
2024-05-19,0,Brooklyn,LINDEN BOULEVARD,East 49 Street,Utica Avenue,EB,58,57.2,0.0
2024-05-19,0,Brooklyn,LINDEN BOULEVARD,East 49 Street,Utica Avenue,EB,42,57.2,0.0
2024-05-19,1,Brooklyn,LINDEN BOULEVARD,East 49 Street,Utica Avenue,EB,44,56.3,0.0
2024-05-19,1,Brooklyn,LINDEN BOULEVARD,East 49 Street,Utica Avenue,EB,57,56.3,0.0
2024-05-19,1,Brooklyn,LINDEN BOULEVARD,East 49 Street,Utica Avenue,EB,58,56.3,0.0
2024-05-19,1,Brooklyn,LINDEN BOULEVARD,East 49 Street,Utica Avenue,EB,45,56.3,0.0
2024-05-19,2,Brooklyn,LINDEN BOULEVARD,East 49 Street,Utica Avenue,EB,51,56.48,0.0
2024-05-19,2,Brooklyn,LINDEN BOULEVARD,East 49 Street,Utica Avenue,EB,35,56.48,0.0
2024-05-19,2,Brooklyn,LINDEN BOULEVARD,East 49 Street,Utica Avenue,EB,52,56.48,0.0
2024-05-19,2,Brooklyn,LINDEN BOULEVARD,East 49 Street,Utica Avenue,EB,48,56.48,0.0
2024-05-19,3,Brooklyn,LINDEN BOULEVARD,East 49 Street,Utica Avenue,EB,57,55.85,0.0
2024-05-19,3,Brooklyn,LINDEN BOULEVARD,East 49 Street,Utica Avenue,EB,42,55.85,0.0
2024-05-19,3,Brooklyn,LINDEN BOULEVARD,East 49 Street,Utica Avenue,EB,35,55.85,0.0
2024-05-19,3,Brooklyn,LINDEN BOULEVARD,East 49 Street,Utica Avenue,EB,31,55.85,0.0
2024-05-19,4,Brooklyn,LINDEN BOULEVARD,East 49 Street,Utica Avenue,EB,41,56.3,0.0
2024-05-19,4,Brooklyn,LINDEN BOULEVARD,East 49 Street,Utica Avenue,EB,33,56.3,0.0
2024-05-19,4,Brooklyn,LINDEN BOULEVARD,East 49 Street,Utica Avenue,EB,42,56.3,0.0
2024-05-19,4,Brooklyn,LINDEN BOULEVARD,East 49 Street,Utica Avenue,EB,29,56.3,0.0
2023-03-21,23,Bronx,VYSE AVENUE,East 174 Street,Dead end,NB,11,44.96,0.0
2023-03-21,23,Bronx,VYSE AVENUE,East 174 Street,Dead end,NB,10,44.96,0.0
2023-03-22,0,Bronx,VYSE AVENUE,East 174 Street,Dead end,NB,5,42.98,0.0
2023-03-22,0,Bronx,VYSE AVENUE,East 174 Street,Dead end,NB,11,42.98,0.0
2023-03-22,0,Bronx,VYSE AVENUE,East 174 Street,Dead end,NB,5,42.98,0.0
2023-03-22,0,Bronx,VYSE AVENUE,East 174 Street,Dead end,NB,4,42.98,0.0
2023-03-22,1,Bronx,VYSE AVENUE,East 174 Street,Dead end,NB,1,39.74,0.0
2023-03-22,1,Bronx,VYSE AVENUE,East 174 Street,Dead end,NB,5,39.74,0.0
2023-03-22,1,Bronx,VYSE AVENUE,East 174 Street,Dead end,NB,3,39.74,0.0
2023-03-22,1,Bronx,VYSE AVENUE,East 174 Street,Dead end,NB,3,39.74,0.0
2023-03-22,2,Bronx,VYSE AVENUE,East 174 Street,Dead end,NB,4,38.12,0.0
2023-03-22,2,Bronx,VYSE AVENUE,East 174 Street,Dead end,NB,4,38.12,0.0
2023-03-22,2,Bronx,VYSE AVENUE,East 174 Street,Dead end,NB,3,38.12,0.0
2023-03-22,2,Bronx,VYSE AVENUE,East 174 Street,Dead end,NB,5,38.12,0.0
2023-03-22,3,Bronx,VYSE AVENUE,East 174 Street,Dead end,NB,3,36.77,0.0
2023-03-22,3,Bronx,VYSE AVENUE,East 174 Street,Dead end,NB,1,36.77,0.0
2023-03-22,3,Bronx,VYSE AVENUE,East 174 Street,Dead end,NB,3,36.77,0.0
2023-03-22,3,Bronx,VYSE AVENUE,East 174 Street,Dead end,NB,4,36.77,0.0
2023-03-22,4,Bronx,VYSE AVENUE,East 174 Street,Dead end,NB,1,35.78,0.0
2023-03-22,4,Bronx,VYSE AVENUE,East 174 Street,Dead end,NB,4,35.78,0.0
2023-03-22,4,Bronx,VYSE AVENUE,East 174 Street,Dead end,NB,2,35.78,0.0
2023-03-22,4,Bronx,VYSE AVENUE,East 174 Street,Dead end,NB,2,35.78,0.0
2023-03-22,5,Bronx,VYSE AVENUE,East 174 Street,Dead end,NB,6,34.88,0.0
2023-03-22,5,Bronx,VYSE AVENUE,East 174 Street,Dead end,NB,7,34.88,0.0
2023-03-22,5,Bronx,VYSE AVENUE,East 174 Street,Dead end,NB,12,34.88,0.0
2023-03-22,5,Bronx,VYSE AVENUE,East 174 Street,Dead end,NB,10,34.88,0.0
2023-03-22,6,Bronx,VYSE AVENUE,East 174 Street,Dead end,NB,17,35.15,0.0
2023-03-22,6,Bronx,VYSE AVENUE,East 174 Street,Dead end,NB,16,35.15,0.0
2023-03-22,6,Bronx,VYSE AVENUE,East 174 Street,Dead end,NB,18,35.15,0.0
2023-03-22,6,Bronx,VYSE AVENUE,East 174 Street,Dead end,NB,30,35.15,0.0
2023-03-22,7,Bronx,VYSE AVENUE,East 174 Street,Dead end,NB,28,35.96,0.0
2023-03-22,7,Bronx,VYSE AVENUE,East 174 Street,Dead end,NB,39,35.96,0.0
2023-03-22,7,Bronx,VYSE AVENUE,East 174 Street,Dead end,NB,50,35.96,0.0
2023-03-22,7,Bronx,VYSE AVENUE,East 174 Street,Dead end,NB,50,35.96,0.0
2023-03-22,8,Bronx,VYSE AVENUE,East 174 Street,Dead end,NB,43,41.18,0.0
2023-03-22,8,Bronx,VYSE AVENUE,East 174 Street,Dead end,NB,54,41.18,0.0
2023-03-22,8,Bronx,VYSE AVENUE,East 174 Street,Dead end,NB,51,41.18,0.0
2023-03-22,8,Bronx,VYSE AVENUE,East 174 Street,Dead end,NB,36,41.18,0.0
2023-03-22,9,Bronx,VYSE AVENUE,East 174 Street,Dead end,NB,35,43.79,0.0
2023-03-22,9,Bronx,VYSE AVENUE,East 174 Street,Dead end,NB,39,43.79,0.0
2023-03-22,9,Bronx,VYSE AVENUE,East 174 Street,Dead end,NB,34,43.79,0.0
2023-03-22,9,Bronx,VYSE AVENUE,East 174 Street,Dead end,NB,41,43.79,0.0
2023-03-22,10,Bronx,VYSE AVENUE,East 174 Street,Dead end,NB,33,46.22,0.0
2023-03-22,10,Bronx,VYSE AVENUE,East 174 Street,Dead end,NB,40,46.22,0.0
2023-03-22,10,Bronx,VYSE AVENUE,East 174 Street,Dead end,NB,36,46.22,0.0
2023-03-22,10,Bronx,VYSE AVENUE,East 174 Street,Dead end,NB,50,46.22,0.0
2023-03-22,11,Bronx,VYSE AVENUE,East 174 Street,Dead end,NB,29,50.54,0.0
2023-03-22,11,Bronx,VYSE AVENUE,East 174 Street,Dead end,NB,38,50.54,0.0
2023-03-22,11,Bronx,VYSE AVENUE,East 174 Street,Dead end,NB,26,50.54,0.0
2023-03-22,11,Bronx,VYSE AVENUE,East 174 Street,Dead end,NB,38,50.54,0.0
2023-03-22,12,Bronx,VYSE AVENUE,East 174 Street,Dead end,NB,39,52.61,0.0
2023-03-22,12,Bronx,VYSE AVENUE,East 174 Street,Dead end,NB,43,52.61,0.0
2023-03-22,12,Bronx,VYSE AVENUE,East 174 Street,Dead end,NB,35,52.61,0.0
2023-03-22,12,Bronx,VYSE AVENUE,East 174 Street,Dead end,NB,35,52.61,0.0
2023-03-22,13,Bronx,VYSE AVENUE,East 174 Street,Dead end,NB,29,53.33,0.0
2023-03-22,13,Bronx,VYSE AVENUE,East 174 Street,Dead end,NB,55,53.33,0.0
2023-03-22,13,Bronx,VYSE AVENUE,East 174 Street,Dead end,NB,45,53.33,0.0
2023-03-22,13,Bronx,VYSE AVENUE,East 174 Street,Dead end,NB,45,53.33,0.0
2023-03-22,14,Bronx,VYSE AVENUE,East 174 Street,Dead end,NB,52,54.41,0.0
2023-03-22,14,Bronx,VYSE AVENUE,East 174 Street,Dead end,NB,54,54.41,0.0
2023-03-22,14,Bronx,VYSE AVENUE,East 174 Street,Dead end,NB,41,54.41,0.0
2023-03-22,14,Bronx,VYSE AVENUE,East 174 Street,Dead end,NB,47,54.41,0.0
2023-03-22,15,Bronx,VYSE AVENUE,East 174 Street,Dead end,NB,68,51.98,0.0
2023-03-22,15,Bronx,VYSE AVENUE,East 174 Street,Dead end,NB,53,51.98,0.0
2023-03-22,15,Bronx,VYSE AVENUE,East 174 Street,Dead end,NB,66,51.98,0.0
2023-03-22,15,Bronx,VYSE AVENUE,East 174 Street,Dead end,NB,63,51.98,0.0
2023-03-22,16,Bronx,VYSE AVENUE,East 174 Street,Dead end,NB,71,52.88,0.0
2023-03-22,16,Bronx,VYSE AVENUE,East 174 Street,Dead end,NB,61,52.88,0.0
2023-03-22,16,Bronx,VYSE AVENUE,East 174 Street,Dead end,NB,59,52.88,0.0
2023-03-22,16,Bronx,VYSE AVENUE,East 174 Street,Dead end,NB,62,52.88,0.0
2023-03-22,17,Bronx,VYSE AVENUE,East 174 Street,Dead end,NB,61,52.34,0.0
2023-03-22,17,Bronx,VYSE AVENUE,East 174 Street,Dead end,NB,49,52.34,0.0
2023-03-22,17,Bronx,VYSE AVENUE,East 174 Street,Dead end,NB,60,52.34,0.0
2023-03-22,17,Bronx,VYSE AVENUE,East 174 Street,Dead end,NB,39,52.34,0.0
2023-03-22,18,Bronx,VYSE AVENUE,East 174 Street,Dead end,NB,45,49.37,0.0
2023-03-22,18,Bronx,VYSE AVENUE,East 174 Street,Dead end,NB,45,49.37,0.0
2023-03-22,18,Bronx,VYSE AVENUE,East 174 Street,Dead end,NB,53,49.37,0.0
2023-03-22,18,Bronx,VYSE AVENUE,East 174 Street,Dead end,NB,44,49.37,0.0
2023-03-22,19,Bronx,VYSE AVENUE,East 174 Street,Dead end,NB,35,49.1,0.0
2023-03-22,19,Bronx,VYSE AVENUE,East 174 Street,Dead end,NB,26,49.1,0.0
2023-03-22,19,Bronx,VYSE AVENUE,East 174 Street,Dead end,NB,30,49.1,0.0
2023-03-22,19,Bronx,VYSE AVENUE,East 174 Street,Dead end,NB,34,49.1,0.0
2023-03-22,20,Bronx,VYSE AVENUE,East 174 Street,Dead end,NB,26,48.11,0.0
2023-03-22,20,Bronx,VYSE AVENUE,East 174 Street,Dead end,NB,34,48.11,0.0
2023-03-22,20,Bronx,VYSE AVENUE,East 174 Street,Dead end,NB,31,48.11,0.0
2023-03-22,20,Bronx,VYSE AVENUE,East 174 Street,Dead end,NB,24,48.11,0.0
2023-03-22,21,Bronx,VYSE AVENUE,East 174 Street,Dead end,NB,20,47.84,0.0
2023-03-22,21,Bronx,VYSE AVENUE,East 174 Street,Dead end,NB,24,47.84,0.0
2023-03-22,21,Bronx,VYSE AVENUE,East 174 Street,Dead end,NB,24,47.84,0.0
2023-03-22,21,Bronx,VYSE AVENUE,East 174 Street,Dead end,NB,17,47.84,0.0
2023-03-22,22,Bronx,VYSE AVENUE,East 174 Street,Dead end,NB,20,46.76,0.0
2023-03-22,22,Bronx,VYSE AVENUE,East 174 Street,Dead end,NB,14,46.76,0.0
2023-03-22,22,Bronx,VYSE AVENUE,East 174 Street,Dead end,NB,12,46.76,0.0
2023-03-22,22,Bronx,VYSE AVENUE,East 174 Street,Dead end,NB,9,46.76,0.0
2023-03-22,23,Bronx,VYSE AVENUE,East 174 Street,Dead end,NB,11,45.77,0.0
2023-03-22,23,Bronx,VYSE AVENUE,East 174 Street,Dead end,NB,8,45.77,0.0
2023-03-22,23,Bronx,VYSE AVENUE,East 174 Street,Dead end,NB,4,45.77,0.0
2023-03-22,23,Bronx,VYSE AVENUE,East 174 Street,Dead end,NB,14,45.77,0.0
2021-07-26,8,Bronx,ANDERSON AVENUE,West 162 Street,Jerome Avenue,SB,40,75.56,0.0
2021-11-22,6,Queens,75 AVENUE,183 Street,184 Street,EB,13,50.18,0.0118110245
2021-11-22,7,Queens,75 AVENUE,183 Street,184 Street,EB,16,49.190002,0.007874016
2021-11-22,7,Queens,75 AVENUE,183 Street,184 Street,EB,39,49.190002,0.007874016
2021-11-22,7,Queens,75 AVENUE,183 Street,184 Street,EB,29,49.190002,0.007874016
2021-11-22,7,Queens,75 AVENUE,183 Street,184 Street,EB,17,49.190002,0.007874016
2021-11-22,8,Queens,75 AVENUE,183 Street,184 Street,EB,11,47.84,0.015748031
2021-11-22,8,Queens,75 AVENUE,183 Street,184 Street,EB,3,47.84,0.015748031
2021-11-22,8,Queens,75 AVENUE,183 Street,184 Street,EB,7,47.84,0.015748031
2021-11-22,8,Queens,75 AVENUE,183 Street,184 Street,EB,7,47.84,0.015748031
2021-11-22,9,Queens,75 AVENUE,183 Street,184 Street,EB,0,48.11,0.007874016
2021-11-22,9,Queens,75 AVENUE,183 Street,184 Street,EB,0,48.11,0.007874016
2021-11-22,9,Queens,75 AVENUE,183 Street,184 Street,EB,3,48.11,0.007874016
2021-11-22,9,Queens,75 AVENUE,183 Street,184 Street,EB,1,48.11,0.007874016
2021-11-22,10,Queens,75 AVENUE,183 Street,184 Street,EB,0,48.2,0.0
2021-11-22,7,Queens,75 AVENUE,185 Street,184 Street,WB,12,49.190002,0.007874016
2021-11-22,7,Queens,75 AVENUE,185 Street,184 Street,WB,31,49.190002,0.007874016
2021-11-22,7,Queens,75 AVENUE,185 Street,184 Street,WB,67,49.190002,0.007874016
2021-11-22,7,Queens,75 AVENUE,185 Street,184 Street,WB,106,49.190002,0.007874016
2021-11-22,8,Queens,75 AVENUE,185 Street,184 Street,WB,126,47.84,0.015748031
2021-11-22,8,Queens,75 AVENUE,185 Street,184 Street,WB,126,47.84,0.015748031
2021-11-22,8,Queens,75 AVENUE,185 Street,184 Street,WB,157,47.84,0.015748031
2021-11-22,8,Queens,75 AVENUE,185 Street,184 Street,WB,150,47.84,0.015748031
2021-11-22,9,Queens,75 AVENUE,185 Street,184 Street,WB,131,48.11,0.007874016
2021-11-22,9,Queens,75 AVENUE,185 Street,184 Street,WB,130,48.11,0.007874016
2021-11-22,9,Queens,75 AVENUE,185 Street,184 Street,WB,124,48.11,0.007874016
2021-11-22,9,Queens,75 AVENUE,185 Street,184 Street,WB,102,48.11,0.007874016
2021-12-03,8,Queens,75 AVENUE,185 Street,184 Street,WB,120,39.2,0.0
2021-12-03,8,Queens,75 AVENUE,185 Street,184 Street,WB,107,39.2,0.0
2021-12-03,8,Queens,75 AVENUE,185 Street,184 Street,WB,100,39.2,0.0
2021-12-03,9,Queens,75 AVENUE,185 Street,184 Street,WB,84,40.91,0.0
2021-12-03,9,Queens,75 AVENUE,185 Street,184 Street,WB,55,40.91,0.0
2021-08-17,7,Brooklyn,GOWANUS EP WB EN HUGH CAREY TNNL,Dead End,Dead end,EB,153,72.32,0.007874016
2021-08-17,7,Brooklyn,GOWANUS EP WB EN HUGH CAREY TNNL,Dead End,Dead end,EB,178,72.32,0.007874016
2021-08-17,7,Brooklyn,GOWANUS EP WB EN HUGH CAREY TNNL,Dead End,Dead end,EB,190,72.32,0.007874016
2021-08-17,7,Brooklyn,GOWANUS EP WB EN HUGH CAREY TNNL,Dead End,Dead end,EB,263,72.32,0.007874016
2021-08-17,8,Brooklyn,GOWANUS EP WB EN HUGH CAREY TNNL,Dead End,Dead end,EB,246,74.66,0.03937008
2021-08-17,8,Brooklyn,GOWANUS EP WB EN HUGH CAREY TNNL,Dead End,Dead end,EB,245,74.66,0.03937008
2021-08-17,8,Brooklyn,GOWANUS EP WB EN HUGH CAREY TNNL,Dead End,Dead end,EB,249,74.66,0.03937008
2021-08-17,8,Brooklyn,GOWANUS EP WB EN HUGH CAREY TNNL,Dead End,Dead end,EB,255,74.66,0.03937008
2021-08-17,9,Brooklyn,GOWANUS EP WB EN HUGH CAREY TNNL,Dead End,Dead end,EB,233,76.64,0.0
2021-08-17,9,Brooklyn,GOWANUS EP WB EN HUGH CAREY TNNL,Dead End,Dead end,EB,225,76.64,0.0
2021-08-17,9,Brooklyn,GOWANUS EP WB EN HUGH CAREY TNNL,Dead End,Dead end,EB,227,76.64,0.0
2021-08-17,9,Brooklyn,GOWANUS EP WB EN HUGH CAREY TNNL,Dead End,Dead end,EB,242,76.64,0.0
2021-08-17,10,Brooklyn,GOWANUS EP WB EN HUGH CAREY TNNL,Dead End,Dead end,EB,266,77.18,0.0
2021-08-17,10,Brooklyn,GOWANUS EP WB EN HUGH CAREY TNNL,Dead End,Dead end,EB,240,77.18,0.0
2021-08-17,10,Brooklyn,GOWANUS EP WB EN HUGH CAREY TNNL,Dead End,Dead end,EB,223,77.18,0.0
2021-08-17,10,Brooklyn,GOWANUS EP WB EN HUGH CAREY TNNL,Dead End,Dead end,EB,197,77.18,0.0
2021-08-17,11,Brooklyn,GOWANUS EP WB EN HUGH CAREY TNNL,Dead End,Dead end,EB,230,78.26,0.0
2021-08-17,11,Brooklyn,GOWANUS EP WB EN HUGH CAREY TNNL,Dead End,Dead end,EB,225,78.26,0.0
2021-08-17,11,Brooklyn,GOWANUS EP WB EN HUGH CAREY TNNL,Dead End,Dead end,EB,283,78.26,0.0
2021-08-17,11,Brooklyn,GOWANUS EP WB EN HUGH CAREY TNNL,Dead End,Dead end,EB,471,78.26,0.0
2021-08-17,12,Brooklyn,GOWANUS EP WB EN HUGH CAREY TNNL,Dead End,Dead end,EB,365,79.97,0.0
2021-08-17,12,Brooklyn,GOWANUS EP WB EN HUGH CAREY TNNL,Dead End,Dead end,EB,345,79.97,0.0
2021-08-17,12,Brooklyn,GOWANUS EP WB EN HUGH CAREY TNNL,Dead End,Dead end,EB,406,79.97,0.0
2021-08-17,12,Brooklyn,GOWANUS EP WB EN HUGH CAREY TNNL,Dead End,Dead end,EB,472,79.97,0.0
2021-08-17,13,Brooklyn,GOWANUS EP WB EN HUGH CAREY TNNL,Dead End,Dead end,EB,411,80.24,0.0
2021-08-17,13,Brooklyn,GOWANUS EP WB EN HUGH CAREY TNNL,Dead End,Dead end,EB,463,80.24,0.0
2021-08-17,13,Brooklyn,GOWANUS EP WB EN HUGH CAREY TNNL,Dead End,Dead end,EB,444,80.24,0.0
2021-08-17,13,Brooklyn,GOWANUS EP WB EN HUGH CAREY TNNL,Dead End,Dead end,EB,467,80.24,0.0
2021-08-17,14,Brooklyn,GOWANUS EP WB EN HUGH CAREY TNNL,Dead End,Dead end,EB,448,80.51,0.0
2021-08-17,14,Brooklyn,GOWANUS EP WB EN HUGH CAREY TNNL,Dead End,Dead end,EB,563,80.51,0.0
2021-08-17,14,Brooklyn,GOWANUS EP WB EN HUGH CAREY TNNL,Dead End,Dead end,EB,510,80.51,0.0
2021-08-17,14,Brooklyn,GOWANUS EP WB EN HUGH CAREY TNNL,Dead End,Dead end,EB,445,80.51,0.0
2021-08-17,15,Brooklyn,GOWANUS EP WB EN HUGH CAREY TNNL,Dead End,Dead end,EB,501,79.61,0.0
2021-08-17,15,Brooklyn,GOWANUS EP WB EN HUGH CAREY TNNL,Dead End,Dead end,EB,538,79.61,0.0
2021-08-17,15,Brooklyn,GOWANUS EP WB EN HUGH CAREY TNNL,Dead End,Dead end,EB,513,79.61,0.0
2021-08-17,15,Brooklyn,GOWANUS EP WB EN HUGH CAREY TNNL,Dead End,Dead end,EB,519,79.61,0.0
2021-08-17,16,Brooklyn,GOWANUS EP WB EN HUGH CAREY TNNL,Dead End,Dead end,EB,527,78.8,0.0
2021-08-17,16,Brooklyn,GOWANUS EP WB EN HUGH CAREY TNNL,Dead End,Dead end,EB,502,78.8,0.0
2021-08-17,16,Brooklyn,GOWANUS EP WB EN HUGH CAREY TNNL,Dead End,Dead end,EB,496,78.8,0.0
2021-08-17,16,Brooklyn,GOWANUS EP WB EN HUGH CAREY TNNL,Dead End,Dead end,EB,582,78.8,0.0
2021-08-17,17,Brooklyn,GOWANUS EP WB EN HUGH CAREY TNNL,Dead End,Dead end,EB,598,78.44,0.0
2021-08-17,17,Brooklyn,GOWANUS EP WB EN HUGH CAREY TNNL,Dead End,Dead end,EB,572,78.44,0.0
2021-08-17,17,Brooklyn,GOWANUS EP WB EN HUGH CAREY TNNL,Dead End,Dead end,EB,497,78.44,0.0
2021-08-17,17,Brooklyn,GOWANUS EP WB EN HUGH CAREY TNNL,Dead End,Dead end,EB,521,78.44,0.0
2021-08-17,18,Brooklyn,GOWANUS EP WB EN HUGH CAREY TNNL,Dead End,Dead end,EB,558,77.99,0.0
2021-08-17,18,Brooklyn,GOWANUS EP WB EN HUGH CAREY TNNL,Dead End,Dead end,EB,536,77.99,0.0
2021-08-17,18,Brooklyn,GOWANUS EP WB EN HUGH CAREY TNNL,Dead End,Dead end,EB,402,77.99,0.0
2021-08-17,18,Brooklyn,GOWANUS EP WB EN HUGH CAREY TNNL,Dead End,Dead end,EB,518,77.99,0.0
2021-08-17,19,Brooklyn,GOWANUS EP WB EN HUGH CAREY TNNL,Dead End,Dead end,EB,486,76.73,0.0
2021-08-17,19,Brooklyn,GOWANUS EP WB EN HUGH CAREY TNNL,Dead End,Dead end,EB,460,76.73,0.0
2021-08-17,19,Brooklyn,GOWANUS EP WB EN HUGH CAREY TNNL,Dead End,Dead end,EB,389,76.73,0.0
2021-08-17,19,Brooklyn,GOWANUS EP WB EN HUGH CAREY TNNL,Dead End,Dead end,EB,358,76.73,0.0
2021-08-17,20,Brooklyn,GOWANUS EP WB EN HUGH CAREY TNNL,Dead End,Dead end,EB,376,74.84,0.0
2021-08-17,20,Brooklyn,GOWANUS EP WB EN HUGH CAREY TNNL,Dead End,Dead end,EB,400,74.84,0.0
2021-08-17,20,Brooklyn,GOWANUS EP WB EN HUGH CAREY TNNL,Dead End,Dead end,EB,269,74.84,0.0
2021-08-17,20,Brooklyn,GOWANUS EP WB EN HUGH CAREY TNNL,Dead End,Dead end,EB,289,74.84,0.0
2021-08-17,21,Brooklyn,GOWANUS EP WB EN HUGH CAREY TNNL,Dead End,Dead end,EB,301,74.3,0.0
2021-08-17,21,Brooklyn,GOWANUS EP WB EN HUGH CAREY TNNL,Dead End,Dead end,EB,298,74.3,0.0
2021-08-17,21,Brooklyn,GOWANUS EP WB EN HUGH CAREY TNNL,Dead End,Dead end,EB,271,74.3,0.0
2021-08-17,21,Brooklyn,GOWANUS EP WB EN HUGH CAREY TNNL,Dead End,Dead end,EB,245,74.3,0.0
2021-08-17,22,Brooklyn,GOWANUS EP WB EN HUGH CAREY TNNL,Dead End,Dead end,EB,274,74.119995,0.0
2021-08-17,22,Brooklyn,GOWANUS EP WB EN HUGH CAREY TNNL,Dead End,Dead end,EB,269,74.119995,0.0
2021-08-17,22,Brooklyn,GOWANUS EP WB EN HUGH CAREY TNNL,Dead End,Dead end,EB,313,74.119995,0.0
2021-08-17,22,Brooklyn,GOWANUS EP WB EN HUGH CAREY TNNL,Dead End,Dead end,EB,374,74.119995,0.0
2021-08-17,23,Brooklyn,GOWANUS EP WB EN HUGH CAREY TNNL,Dead End,Dead end,EB,378,73.67,0.0
2021-08-17,23,Brooklyn,GOWANUS EP WB EN HUGH CAREY TNNL,Dead End,Dead end,EB,321,73.67,0.0
2021-08-17,23,Brooklyn,GOWANUS EP WB EN HUGH CAREY TNNL,Dead End,Dead end,EB,241,73.67,0.0
2021-08-17,23,Brooklyn,GOWANUS EP WB EN HUGH CAREY TNNL,Dead End,Dead end,EB,167,73.67,0.0
2021-08-18,0,Brooklyn,GOWANUS EP WB EN HUGH CAREY TNNL,Dead End,Dead end,EB,138,73.31,0.0
2021-08-18,0,Brooklyn,GOWANUS EP WB EN HUGH CAREY TNNL,Dead End,Dead end,EB,147,73.31,0.0
2021-08-18,0,Brooklyn,GOWANUS EP WB EN HUGH CAREY TNNL,Dead End,Dead end,EB,117,73.31,0.0
2021-08-18,0,Brooklyn,GOWANUS EP WB EN HUGH CAREY TNNL,Dead End,Dead end,EB,84,73.31,0.0
2021-08-18,1,Brooklyn,GOWANUS EP WB EN HUGH CAREY TNNL,Dead End,Dead end,EB,73,73.22,0.0
2021-08-18,1,Brooklyn,GOWANUS EP WB EN HUGH CAREY TNNL,Dead End,Dead end,EB,63,73.22,0.0
2021-08-18,1,Brooklyn,GOWANUS EP WB EN HUGH CAREY TNNL,Dead End,Dead end,EB,46,73.22,0.0
2021-08-18,1,Brooklyn,GOWANUS EP WB EN HUGH CAREY TNNL,Dead End,Dead end,EB,44,73.22,0.0
2021-08-18,2,Brooklyn,GOWANUS EP WB EN HUGH CAREY TNNL,Dead End,Dead end,EB,32,73.04,0.0
2021-08-18,2,Brooklyn,GOWANUS EP WB EN HUGH CAREY TNNL,Dead End,Dead end,EB,21,73.04,0.0
2021-08-18,2,Brooklyn,GOWANUS EP WB EN HUGH CAREY TNNL,Dead End,Dead end,EB,29,73.04,0.0
2021-08-18,2,Brooklyn,GOWANUS EP WB EN HUGH CAREY TNNL,Dead End,Dead end,EB,24,73.04,0.0
2021-08-18,3,Brooklyn,GOWANUS EP WB EN HUGH CAREY TNNL,Dead End,Dead end,EB,16,72.68,0.0
2021-08-18,3,Brooklyn,GOWANUS EP WB EN HUGH CAREY TNNL,Dead End,Dead end,EB,14,72.68,0.0
2021-08-18,3,Brooklyn,GOWANUS EP WB EN HUGH CAREY TNNL,Dead End,Dead end,EB,8,72.68,0.0
2021-08-18,3,Brooklyn,GOWANUS EP WB EN HUGH CAREY TNNL,Dead End,Dead end,EB,13,72.68,0.0
2021-08-18,4,Brooklyn,GOWANUS EP WB EN HUGH CAREY TNNL,Dead End,Dead end,EB,6,72.14,0.0
2021-08-18,4,Brooklyn,GOWANUS EP WB EN HUGH CAREY TNNL,Dead End,Dead end,EB,13,72.14,0.0
2021-08-18,4,Brooklyn,GOWANUS EP WB EN HUGH CAREY TNNL,Dead End,Dead end,EB,19,72.14,0.0
2021-08-18,4,Brooklyn,GOWANUS EP WB EN HUGH CAREY TNNL,Dead End,Dead end,EB,16,72.14,0.0
2021-08-18,5,Brooklyn,GOWANUS EP WB EN HUGH CAREY TNNL,Dead End,Dead end,EB,20,71.6,0.0
2021-08-18,5,Brooklyn,GOWANUS EP WB EN HUGH CAREY TNNL,Dead End,Dead end,EB,32,71.6,0.0
2021-08-18,5,Brooklyn,GOWANUS EP WB EN HUGH CAREY TNNL,Dead End,Dead end,EB,36,71.6,0.0
2021-08-18,5,Brooklyn,GOWANUS EP WB EN HUGH CAREY TNNL,Dead End,Dead end,EB,58,71.6,0.0
2021-08-18,6,Brooklyn,GOWANUS EP WB EN HUGH CAREY TNNL,Dead End,Dead end,EB,73,71.6,0.0
2021-08-18,6,Brooklyn,GOWANUS EP WB EN HUGH CAREY TNNL,Dead End,Dead end,EB,97,71.6,0.0
2021-08-18,6,Brooklyn,GOWANUS EP WB EN HUGH CAREY TNNL,Dead End,Dead end,EB,114,71.6,0.0
2021-08-18,6,Brooklyn,GOWANUS EP WB EN HUGH CAREY TNNL,Dead End,Dead end,EB,147,71.6,0.0
2021-08-18,7,Brooklyn,GOWANUS EP WB EN HUGH CAREY TNNL,Dead End,Dead end,EB,151,73.31,0.0
2021-08-18,7,Brooklyn,GOWANUS EP WB EN HUGH CAREY TNNL,Dead End,Dead end,EB,186,73.31,0.0
2021-08-18,7,Brooklyn,GOWANUS EP WB EN HUGH CAREY TNNL,Dead End,Dead end,EB,169,73.31,0.0
2021-08-18,7,Brooklyn,GOWANUS EP WB EN HUGH CAREY TNNL,Dead End,Dead end,EB,182,73.31,0.0
2021-08-18,8,Brooklyn,GOWANUS EP WB EN HUGH CAREY TNNL,Dead End,Dead end,EB,248,76.64,0.0
2021-08-18,8,Brooklyn,GOWANUS EP WB EN HUGH CAREY TNNL,Dead End,Dead end,EB,192,76.64,0.0
2021-08-18,8,Brooklyn,GOWANUS EP WB EN HUGH CAREY TNNL,Dead End,Dead end,EB,225,76.64,0.0
2021-08-18,8,Brooklyn,GOWANUS EP WB EN HUGH CAREY TNNL,Dead End,Dead end,EB,241,76.64,0.0
2021-08-18,9,Brooklyn,GOWANUS EP WB EN HUGH CAREY TNNL,Dead End,Dead end,EB,239,77.81,0.0
2022-04-04,0,Brooklyn,FLATBUSH AVENUE,East 31 Street,Hillel Place,NB,74,38.93,0.0
2022-04-04,0,Brooklyn,FLATBUSH AVENUE,East 31 Street,Hillel Place,NB,86,38.93,0.0
2022-04-04,0,Brooklyn,FLATBUSH AVENUE,East 31 Street,Hillel Place,NB,60,38.93,0.0
2022-04-04,0,Brooklyn,FLATBUSH AVENUE,East 31 Street,Hillel Place,NB,59,38.93,0.0
2022-04-04,1,Brooklyn,FLATBUSH AVENUE,East 31 Street,Hillel Place,NB,56,39.29,0.0
2022-04-04,1,Brooklyn,FLATBUSH AVENUE,East 31 Street,Hillel Place,NB,36,39.29,0.0
2022-04-04,1,Brooklyn,FLATBUSH AVENUE,East 31 Street,Hillel Place,NB,46,39.29,0.0
2022-04-04,1,Brooklyn,FLATBUSH AVENUE,East 31 Street,Hillel Place,NB,50,39.29,0.0
2022-04-04,2,Brooklyn,FLATBUSH AVENUE,East 31 Street,Hillel Place,NB,50,39.02,0.0
2022-04-04,2,Brooklyn,FLATBUSH AVENUE,East 31 Street,Hillel Place,NB,34,39.02,0.0
2022-04-04,2,Brooklyn,FLATBUSH AVENUE,East 31 Street,Hillel Place,NB,39,39.02,0.0
2022-04-04,2,Brooklyn,FLATBUSH AVENUE,East 31 Street,Hillel Place,NB,40,39.02,0.0
2022-04-04,3,Brooklyn,FLATBUSH AVENUE,East 31 Street,Hillel Place,NB,46,38.39,0.0
2022-04-04,3,Brooklyn,FLATBUSH AVENUE,East 31 Street,Hillel Place,NB,32,38.39,0.0
2022-04-04,3,Brooklyn,FLATBUSH AVENUE,East 31 Street,Hillel Place,NB,37,38.39,0.0
2022-04-04,3,Brooklyn,FLATBUSH AVENUE,East 31 Street,Hillel Place,NB,40,38.39,0.0
2022-04-04,4,Brooklyn,FLATBUSH AVENUE,East 31 Street,Hillel Place,NB,35,38.75,0.0
2022-04-04,4,Brooklyn,FLATBUSH AVENUE,East 31 Street,Hillel Place,NB,53,38.75,0.0
2022-04-04,4,Brooklyn,FLATBUSH AVENUE,East 31 Street,Hillel Place,NB,69,38.75,0.0
2022-04-04,4,Brooklyn,FLATBUSH AVENUE,East 31 Street,Hillel Place,NB,89,38.75,0.0
2022-04-04,5,Brooklyn,FLATBUSH AVENUE,East 31 Street,Hillel Place,NB,118,37.94,0.0
2022-04-04,5,Brooklyn,FLATBUSH AVENUE,East 31 Street,Hillel Place,NB,148,37.94,0.0
2022-04-04,5,Brooklyn,FLATBUSH AVENUE,East 31 Street,Hillel Place,NB,190,37.94,0.0
2022-04-04,5,Brooklyn,FLATBUSH AVENUE,East 31 Street,Hillel Place,NB,192,37.94,0.0
2022-04-04,6,Brooklyn,FLATBUSH AVENUE,East 31 Street,Hillel Place,NB,261,37.04,0.0
2022-04-04,6,Brooklyn,FLATBUSH AVENUE,East 31 Street,Hillel Place,NB,233,37.04,0.0
2022-04-04,6,Brooklyn,FLATBUSH AVENUE,East 31 Street,Hillel Place,NB,246,37.04,0.0
2022-04-04,6,Brooklyn,FLATBUSH AVENUE,East 31 Street,Hillel Place,NB,223,37.04,0.0
2022-04-04,7,Brooklyn,FLATBUSH AVENUE,East 31 Street,Hillel Place,NB,259,36.86,0.0
2022-04-04,7,Brooklyn,FLATBUSH AVENUE,East 31 Street,Hillel Place,NB,258,36.86,0.0
2022-04-04,7,Brooklyn,FLATBUSH AVENUE,East 31 Street,Hillel Place,NB,242,36.86,0.0
2022-04-04,7,Brooklyn,FLATBUSH AVENUE,East 31 Street,Hillel Place,NB,241,36.86,0.0
2022-04-04,8,Brooklyn,FLATBUSH AVENUE,East 31 Street,Hillel Place,NB,232,40.73,0.0
2022-04-04,8,Brooklyn,FLATBUSH AVENUE,East 31 Street,Hillel Place,NB,227,40.73,0.0
2022-04-04,8,Brooklyn,FLATBUSH AVENUE,East 31 Street,Hillel Place,NB,233,40.73,0.0
2022-04-04,8,Brooklyn,FLATBUSH AVENUE,East 31 Street,Hillel Place,NB,225,40.73,0.0
2022-04-04,9,Brooklyn,FLATBUSH AVENUE,East 31 Street,Hillel Place,NB,220,43.7,0.0
2022-04-04,9,Brooklyn,FLATBUSH AVENUE,East 31 Street,Hillel Place,NB,195,43.7,0.0
2022-04-04,9,Brooklyn,FLATBUSH AVENUE,East 31 Street,Hillel Place,NB,199,43.7,0.0
2022-04-04,9,Brooklyn,FLATBUSH AVENUE,East 31 Street,Hillel Place,NB,187,43.7,0.0
2022-04-04,10,Brooklyn,FLATBUSH AVENUE,East 31 Street,Hillel Place,NB,192,46.49,0.0
2022-04-04,10,Brooklyn,FLATBUSH AVENUE,East 31 Street,Hillel Place,NB,198,46.49,0.0
2022-04-04,10,Brooklyn,FLATBUSH AVENUE,East 31 Street,Hillel Place,NB,176,46.49,0.0
2022-04-04,10,Brooklyn,FLATBUSH AVENUE,East 31 Street,Hillel Place,NB,170,46.49,0.0
2022-04-04,11,Brooklyn,FLATBUSH AVENUE,East 31 Street,Hillel Place,NB,165,47.39,0.0
2022-04-04,11,Brooklyn,FLATBUSH AVENUE,East 31 Street,Hillel Place,NB,143,47.39,0.0
2022-04-04,11,Brooklyn,FLATBUSH AVENUE,East 31 Street,Hillel Place,NB,140,47.39,0.0
2022-04-04,11,Brooklyn,FLATBUSH AVENUE,East 31 Street,Hillel Place,NB,135,47.39,0.0
2022-04-04,12,Brooklyn,FLATBUSH AVENUE,East 31 Street,Hillel Place,NB,98,50.0,0.0
2022-04-04,12,Brooklyn,FLATBUSH AVENUE,East 31 Street,Hillel Place,NB,125,50.0,0.0
2022-04-04,12,Brooklyn,FLATBUSH AVENUE,East 31 Street,Hillel Place,NB,166,50.0,0.0
2022-04-04,12,Brooklyn,FLATBUSH AVENUE,East 31 Street,Hillel Place,NB,164,50.0,0.0
2022-04-04,13,Brooklyn,FLATBUSH AVENUE,East 31 Street,Hillel Place,NB,137,52.43,0.0
2022-04-04,13,Brooklyn,FLATBUSH AVENUE,East 31 Street,Hillel Place,NB,196,52.43,0.0
2022-04-04,13,Brooklyn,FLATBUSH AVENUE,East 31 Street,Hillel Place,NB,183,52.43,0.0
2022-04-04,13,Brooklyn,FLATBUSH AVENUE,East 31 Street,Hillel Place,NB,149,52.43,0.0
2021-08-14,22,Brooklyn,BROOKLYN QUEENS EXPRESSWAY,Dead End,Clark Street Line,NB,777,77.99,0.0
2021-08-14,22,Brooklyn,BROOKLYN QUEENS EXPRESSWAY,Dead End,Clark Street Line,NB,630,77.99,0.0
2021-08-14,23,Brooklyn,BROOKLYN QUEENS EXPRESSWAY,Dead End,Clark Street Line,NB,859,76.91,0.0
2021-08-14,23,Brooklyn,BROOKLYN QUEENS EXPRESSWAY,Dead End,Clark Street Line,NB,757,76.91,0.0
2021-08-14,23,Brooklyn,BROOKLYN QUEENS EXPRESSWAY,Dead End,Clark Street Line,NB,724,76.91,0.0
2021-08-14,23,Brooklyn,BROOKLYN QUEENS EXPRESSWAY,Dead End,Clark Street Line,NB,656,76.91,0.0
2021-08-17,0,Brooklyn,BROOKLYN QUEENS EXPRESSWAY,Dead End,Clark Street Line,NB,485,73.4,0.0
2021-08-17,0,Brooklyn,BROOKLYN QUEENS EXPRESSWAY,Dead End,Clark Street Line,NB,443,73.4,0.0
2021-08-17,0,Brooklyn,BROOKLYN QUEENS EXPRESSWAY,Dead End,Clark Street Line,NB,358,73.4,0.0
2021-08-17,0,Brooklyn,BROOKLYN QUEENS EXPRESSWAY,Dead End,Clark Street Line,NB,356,73.4,0.0
2021-08-17,1,Brooklyn,BROOKLYN QUEENS EXPRESSWAY,Dead End,Clark Street Line,NB,353,73.58,0.003937008
2021-08-17,1,Brooklyn,BROOKLYN QUEENS EXPRESSWAY,Dead End,Clark Street Line,NB,297,73.58,0.003937008
2021-08-17,1,Brooklyn,BROOKLYN QUEENS EXPRESSWAY,Dead End,Clark Street Line,NB,252,73.58,0.003937008
2021-08-17,1,Brooklyn,BROOKLYN QUEENS EXPRESSWAY,Dead End,Clark Street Line,NB,257,73.58,0.003937008
2021-08-17,2,Brooklyn,BROOKLYN QUEENS EXPRESSWAY,Dead End,Clark Street Line,NB,265,73.130005,0.0
2021-08-17,2,Brooklyn,BROOKLYN QUEENS EXPRESSWAY,Dead End,Clark Street Line,NB,238,73.130005,0.0
2021-08-17,2,Brooklyn,BROOKLYN QUEENS EXPRESSWAY,Dead End,Clark Street Line,NB,247,73.130005,0.0
2021-08-17,2,Brooklyn,BROOKLYN QUEENS EXPRESSWAY,Dead End,Clark Street Line,NB,238,73.130005,0.0
2021-08-17,3,Brooklyn,BROOKLYN QUEENS EXPRESSWAY,Dead End,Clark Street Line,NB,199,73.04,0.0
2021-08-17,3,Brooklyn,BROOKLYN QUEENS EXPRESSWAY,Dead End,Clark Street Line,NB,234,73.04,0.0
2021-08-17,3,Brooklyn,BROOKLYN QUEENS EXPRESSWAY,Dead End,Clark Street Line,NB,236,73.04,0.0
2021-08-17,3,Brooklyn,BROOKLYN QUEENS EXPRESSWAY,Dead End,Clark Street Line,NB,280,73.04,0.0
2021-08-17,4,Brooklyn,BROOKLYN QUEENS EXPRESSWAY,Dead End,Clark Street Line,NB,319,72.95,0.0
2021-08-17,4,Brooklyn,BROOKLYN QUEENS EXPRESSWAY,Dead End,Clark Street Line,NB,464,72.95,0.0
2021-08-17,4,Brooklyn,BROOKLYN QUEENS EXPRESSWAY,Dead End,Clark Street Line,NB,559,72.95,0.0
2021-08-17,4,Brooklyn,BROOKLYN QUEENS EXPRESSWAY,Dead End,Clark Street Line,NB,667,72.95,0.0
2021-08-17,5,Brooklyn,BROOKLYN QUEENS EXPRESSWAY,Dead End,Clark Street Line,NB,807,72.77,0.0
2021-08-17,5,Brooklyn,BROOKLYN QUEENS EXPRESSWAY,Dead End,Clark Street Line,NB,951,72.77,0.0
2021-08-17,5,Brooklyn,BROOKLYN QUEENS EXPRESSWAY,Dead End,Clark Street Line,NB,1034,72.77,0.0
2021-08-17,5,Brooklyn,BROOKLYN QUEENS EXPRESSWAY,Dead End,Clark Street Line,NB,1059,72.77,0.0
2021-08-17,6,Brooklyn,BROOKLYN QUEENS EXPRESSWAY,Dead End,Clark Street Line,NB,1066,72.59,0.0
2021-08-17,6,Brooklyn,BROOKLYN QUEENS EXPRESSWAY,Dead End,Clark Street Line,NB,977,72.59,0.0
2021-08-17,6,Brooklyn,BROOKLYN QUEENS EXPRESSWAY,Dead End,Clark Street Line,NB,956,72.59,0.0
2021-08-17,6,Brooklyn,BROOKLYN QUEENS EXPRESSWAY,Dead End,Clark Street Line,NB,906,72.59,0.0
2021-08-17,7,Brooklyn,BROOKLYN QUEENS EXPRESSWAY,Dead End,Clark Street Line,NB,851,72.32,0.007874016
2021-08-17,7,Brooklyn,BROOKLYN QUEENS EXPRESSWAY,Dead End,Clark Street Line,NB,808,72.32,0.007874016
2021-08-17,7,Brooklyn,BROOKLYN QUEENS EXPRESSWAY,Dead End,Clark Street Line,NB,794,72.32,0.007874016
2021-08-17,7,Brooklyn,BROOKLYN QUEENS EXPRESSWAY,Dead End,Clark Street Line,NB,775,72.32,0.007874016
2021-08-17,8,Brooklyn,BROOKLYN QUEENS EXPRESSWAY,Dead End,Clark Street Line,NB,903,74.66,0.03937008
2021-08-17,8,Brooklyn,BROOKLYN QUEENS EXPRESSWAY,Dead End,Clark Street Line,NB,810,74.66,0.03937008
2021-08-17,8,Brooklyn,BROOKLYN QUEENS EXPRESSWAY,Dead End,Clark Street Line,NB,869,74.66,0.03937008
2021-08-17,8,Brooklyn,BROOKLYN QUEENS EXPRESSWAY,Dead End,Clark Street Line,NB,792,74.66,0.03937008
2021-08-17,9,Brooklyn,BROOKLYN QUEENS EXPRESSWAY,Dead End,Clark Street Line,NB,830,76.64,0.0
2021-08-17,9,Brooklyn,BROOKLYN QUEENS EXPRESSWAY,Dead End,Clark Street Line,NB,893,76.64,0.0
2021-08-17,9,Brooklyn,BROOKLYN QUEENS EXPRESSWAY,Dead End,Clark Street Line,NB,889,76.64,0.0
2021-08-17,9,Brooklyn,BROOKLYN QUEENS EXPRESSWAY,Dead End,Clark Street Line,NB,786,76.64,0.0
2021-08-17,10,Brooklyn,BROOKLYN QUEENS EXPRESSWAY,Dead End,Clark Street Line,NB,770,77.18,0.0
2021-08-17,10,Brooklyn,BROOKLYN QUEENS EXPRESSWAY,Dead End,Clark Street Line,NB,817,77.18,0.0
2021-08-17,10,Brooklyn,BROOKLYN QUEENS EXPRESSWAY,Dead End,Clark Street Line,NB,885,77.18,0.0
2021-08-17,10,Brooklyn,BROOKLYN QUEENS EXPRESSWAY,Dead End,Clark Street Line,NB,887,77.18,0.0
2021-08-17,11,Brooklyn,BROOKLYN QUEENS EXPRESSWAY,Dead End,Clark Street Line,NB,905,78.26,0.0
2021-08-17,11,Brooklyn,BROOKLYN QUEENS EXPRESSWAY,Dead End,Clark Street Line,NB,955,78.26,0.0
2021-08-17,11,Brooklyn,BROOKLYN QUEENS EXPRESSWAY,Dead End,Clark Street Line,NB,907,78.26,0.0
2021-08-17,11,Brooklyn,BROOKLYN QUEENS EXPRESSWAY,Dead End,Clark Street Line,NB,892,78.26,0.0
2021-08-17,12,Brooklyn,BROOKLYN QUEENS EXPRESSWAY,Dead End,Clark Street Line,NB,928,79.97,0.0
2021-08-17,12,Brooklyn,BROOKLYN QUEENS EXPRESSWAY,Dead End,Clark Street Line,NB,1012,79.97,0.0
2021-08-17,12,Brooklyn,BROOKLYN QUEENS EXPRESSWAY,Dead End,Clark Street Line,NB,923,79.97,0.0
2021-08-17,12,Brooklyn,BROOKLYN QUEENS EXPRESSWAY,Dead End,Clark Street Line,NB,885,79.97,0.0
2021-08-17,13,Brooklyn,BROOKLYN QUEENS EXPRESSWAY,Dead End,Clark Street Line,NB,936,80.24,0.0
2021-08-17,13,Brooklyn,BROOKLYN QUEENS EXPRESSWAY,Dead End,Clark Street Line,NB,931,80.24,0.0
2021-08-17,13,Brooklyn,BROOKLYN QUEENS EXPRESSWAY,Dead End,Clark Street Line,NB,877,80.24,0.0
2021-08-17,13,Brooklyn,BROOKLYN QUEENS EXPRESSWAY,Dead End,Clark Street Line,NB,880,80.24,0.0
2021-08-17,14,Brooklyn,BROOKLYN QUEENS EXPRESSWAY,Dead End,Clark Street Line,NB,975,80.51,0.0
2021-08-17,14,Brooklyn,BROOKLYN QUEENS EXPRESSWAY,Dead End,Clark Street Line,NB,960,80.51,0.0
2021-08-17,14,Brooklyn,BROOKLYN QUEENS EXPRESSWAY,Dead End,Clark Street Line,NB,839,80.51,0.0
2021-08-17,14,Brooklyn,BROOKLYN QUEENS EXPRESSWAY,Dead End,Clark Street Line,NB,938,80.51,0.0
2021-08-17,15,Brooklyn,BROOKLYN QUEENS EXPRESSWAY,Dead End,Clark Street Line,NB,943,79.61,0.0
2021-08-17,15,Brooklyn,BROOKLYN QUEENS EXPRESSWAY,Dead End,Clark Street Line,NB,921,79.61,0.0
2021-08-17,15,Brooklyn,BROOKLYN QUEENS EXPRESSWAY,Dead End,Clark Street Line,NB,901,79.61,0.0
2021-08-17,15,Brooklyn,BROOKLYN QUEENS EXPRESSWAY,Dead End,Clark Street Line,NB,902,79.61,0.0
2021-08-17,16,Brooklyn,BROOKLYN QUEENS EXPRESSWAY,Dead End,Clark Street Line,NB,757,78.8,0.0
2021-08-17,16,Brooklyn,BROOKLYN QUEENS EXPRESSWAY,Dead End,Clark Street Line,NB,779,78.8,0.0
2021-08-17,16,Brooklyn,BROOKLYN QUEENS EXPRESSWAY,Dead End,Clark Street Line,NB,958,78.8,0.0
2021-08-17,16,Brooklyn,BROOKLYN QUEENS EXPRESSWAY,Dead End,Clark Street Line,NB,872,78.8,0.0
2021-08-17,17,Brooklyn,BROOKLYN QUEENS EXPRESSWAY,Dead End,Clark Street Line,NB,806,78.44,0.0
2021-08-17,17,Brooklyn,BROOKLYN QUEENS EXPRESSWAY,Dead End,Clark Street Line,NB,662,78.44,0.0
2021-08-17,17,Brooklyn,BROOKLYN QUEENS EXPRESSWAY,Dead End,Clark Street Line,NB,607,78.44,0.0
2021-08-17,17,Brooklyn,BROOKLYN QUEENS EXPRESSWAY,Dead End,Clark Street Line,NB,956,78.44,0.0
2021-08-17,18,Brooklyn,BROOKLYN QUEENS EXPRESSWAY,Dead End,Clark Street Line,NB,832,77.99,0.0
2021-08-17,18,Brooklyn,BROOKLYN QUEENS EXPRESSWAY,Dead End,Clark Street Line,NB,901,77.99,0.0
2021-08-17,18,Brooklyn,BROOKLYN QUEENS EXPRESSWAY,Dead End,Clark Street Line,NB,924,77.99,0.0
2021-08-17,18,Brooklyn,BROOKLYN QUEENS EXPRESSWAY,Dead End,Clark Street Line,NB,861,77.99,0.0
2021-08-17,19,Brooklyn,BROOKLYN QUEENS EXPRESSWAY,Dead End,Clark Street Line,NB,902,76.73,0.0
2021-08-17,19,Brooklyn,BROOKLYN QUEENS EXPRESSWAY,Dead End,Clark Street Line,NB,948,76.73,0.0
2021-08-17,19,Brooklyn,BROOKLYN QUEENS EXPRESSWAY,Dead End,Clark Street Line,NB,973,76.73,0.0
2021-08-17,19,Brooklyn,BROOKLYN QUEENS EXPRESSWAY,Dead End,Clark Street Line,NB,955,76.73,0.0
2021-08-17,20,Brooklyn,BROOKLYN QUEENS EXPRESSWAY,Dead End,Clark Street Line,NB,952,74.84,0.0
2021-08-17,20,Brooklyn,BROOKLYN QUEENS EXPRESSWAY,Dead End,Clark Street Line,NB,882,74.84,0.0
2021-08-17,20,Brooklyn,BROOKLYN QUEENS EXPRESSWAY,Dead End,Clark Street Line,NB,946,74.84,0.0
2021-08-17,20,Brooklyn,BROOKLYN QUEENS EXPRESSWAY,Dead End,Clark Street Line,NB,960,74.84,0.0
2021-08-17,21,Brooklyn,BROOKLYN QUEENS EXPRESSWAY,Dead End,Clark Street Line,NB,887,74.3,0.0
2021-08-17,21,Brooklyn,BROOKLYN QUEENS EXPRESSWAY,Dead End,Clark Street Line,NB,919,74.3,0.0
2021-08-17,21,Brooklyn,BROOKLYN QUEENS EXPRESSWAY,Dead End,Clark Street Line,NB,826,74.3,0.0
2021-08-17,21,Brooklyn,BROOKLYN QUEENS EXPRESSWAY,Dead End,Clark Street Line,NB,857,74.3,0.0
2021-08-17,22,Brooklyn,BROOKLYN QUEENS EXPRESSWAY,Dead End,Clark Street Line,NB,832,74.119995,0.0
2021-08-17,22,Brooklyn,BROOKLYN QUEENS EXPRESSWAY,Dead End,Clark Street Line,NB,810,74.119995,0.0
2021-08-17,22,Brooklyn,BROOKLYN QUEENS EXPRESSWAY,Dead End,Clark Street Line,NB,845,74.119995,0.0
2021-08-17,22,Brooklyn,BROOKLYN QUEENS EXPRESSWAY,Dead End,Clark Street Line,NB,690,74.119995,0.0
2021-08-17,23,Brooklyn,BROOKLYN QUEENS EXPRESSWAY,Dead End,Clark Street Line,NB,724,73.67,0.0
2021-08-17,23,Brooklyn,BROOKLYN QUEENS EXPRESSWAY,Dead End,Clark Street Line,NB,698,73.67,0.0
2021-08-17,23,Brooklyn,BROOKLYN QUEENS EXPRESSWAY,Dead End,Clark Street Line,NB,649,73.67,0.0
2021-08-17,23,Brooklyn,BROOKLYN QUEENS EXPRESSWAY,Dead End,Clark Street Line,NB,602,73.67,0.0
2021-08-18,0,Brooklyn,BROOKLYN QUEENS EXPRESSWAY,Dead End,Clark Street Line,NB,563,73.31,0.0
2021-08-18,0,Brooklyn,BROOKLYN QUEENS EXPRESSWAY,Dead End,Clark Street Line,NB,505,73.31,0.0
2021-08-18,0,Brooklyn,BROOKLYN QUEENS EXPRESSWAY,Dead End,Clark Street Line,NB,453,73.31,0.0
2022-06-29,17,Queens,HILLSIDE AVENUE,268 Street,Langdale Street,WB,243,81.59,0.0
2022-06-29,17,Queens,HILLSIDE AVENUE,268 Street,Langdale Street,WB,257,81.59,0.0
2022-06-29,17,Queens,HILLSIDE AVENUE,268 Street,Langdale Street,WB,233,81.59,0.0
2022-06-29,18,Queens,HILLSIDE AVENUE,268 Street,Langdale Street,WB,248,78.71,0.0
2022-06-29,18,Queens,HILLSIDE AVENUE,268 Street,Langdale Street,WB,229,78.71,0.0
2022-06-29,18,Queens,HILLSIDE AVENUE,268 Street,Langdale Street,WB,191,78.71,0.0
2022-06-29,18,Queens,HILLSIDE AVENUE,268 Street,Langdale Street,WB,225,78.71,0.0
2022-06-29,19,Queens,HILLSIDE AVENUE,268 Street,Langdale Street,WB,196,76.73,0.0
2022-06-29,19,Queens,HILLSIDE AVENUE,268 Street,Langdale Street,WB,164,76.73,0.0
2022-06-29,19,Queens,HILLSIDE AVENUE,268 Street,Langdale Street,WB,165,76.73,0.0
2022-06-29,19,Queens,HILLSIDE AVENUE,268 Street,Langdale Street,WB,154,76.73,0.0
2022-06-29,20,Queens,HILLSIDE AVENUE,268 Street,Langdale Street,WB,136,76.46,0.0
2022-06-29,20,Queens,HILLSIDE AVENUE,268 Street,Langdale Street,WB,174,76.46,0.0
2022-06-29,20,Queens,HILLSIDE AVENUE,268 Street,Langdale Street,WB,127,76.46,0.0
2022-06-29,20,Queens,HILLSIDE AVENUE,268 Street,Langdale Street,WB,125,76.46,0.0
2022-06-29,21,Queens,HILLSIDE AVENUE,268 Street,Langdale Street,WB,126,74.03,0.0
2022-06-29,21,Queens,HILLSIDE AVENUE,268 Street,Langdale Street,WB,121,74.03,0.0
2022-06-29,21,Queens,HILLSIDE AVENUE,268 Street,Langdale Street,WB,100,74.03,0.0
2022-06-29,21,Queens,HILLSIDE AVENUE,268 Street,Langdale Street,WB,102,74.03,0.0
2022-06-29,22,Queens,HILLSIDE AVENUE,268 Street,Langdale Street,WB,88,72.32,0.0
2022-06-29,22,Queens,HILLSIDE AVENUE,268 Street,Langdale Street,WB,67,72.32,0.0
2022-06-29,22,Queens,HILLSIDE AVENUE,268 Street,Langdale Street,WB,81,72.32,0.0
2022-06-29,22,Queens,HILLSIDE AVENUE,268 Street,Langdale Street,WB,60,72.32,0.0
2022-06-29,23,Queens,HILLSIDE AVENUE,268 Street,Langdale Street,WB,54,72.5,0.0
2022-06-29,23,Queens,HILLSIDE AVENUE,268 Street,Langdale Street,WB,44,72.5,0.0
2022-06-29,23,Queens,HILLSIDE AVENUE,268 Street,Langdale Street,WB,44,72.5,0.0
2022-06-29,23,Queens,HILLSIDE AVENUE,268 Street,Langdale Street,WB,25,72.5,0.0
2022-06-30,0,Queens,HILLSIDE AVENUE,268 Street,Langdale Street,WB,28,72.59,0.0
2022-06-30,0,Queens,HILLSIDE AVENUE,268 Street,Langdale Street,WB,22,72.59,0.0
2022-06-30,0,Queens,HILLSIDE AVENUE,268 Street,Langdale Street,WB,18,72.59,0.0
2022-06-30,0,Queens,HILLSIDE AVENUE,268 Street,Langdale Street,WB,17,72.59,0.0
2022-06-30,1,Queens,HILLSIDE AVENUE,268 Street,Langdale Street,WB,12,71.24,0.0
2022-06-30,1,Queens,HILLSIDE AVENUE,268 Street,Langdale Street,WB,12,71.24,0.0
2022-06-30,1,Queens,HILLSIDE AVENUE,268 Street,Langdale Street,WB,9,71.24,0.0
2022-06-30,1,Queens,HILLSIDE AVENUE,268 Street,Langdale Street,WB,10,71.24,0.0
2022-06-30,2,Queens,HILLSIDE AVENUE,268 Street,Langdale Street,WB,12,68.99,0.0
2022-06-30,2,Queens,HILLSIDE AVENUE,268 Street,Langdale Street,WB,4,68.99,0.0
2022-06-30,2,Queens,HILLSIDE AVENUE,268 Street,Langdale Street,WB,2,68.99,0.0
2022-06-30,2,Queens,HILLSIDE AVENUE,268 Street,Langdale Street,WB,2,68.99,0.0
2022-06-30,3,Queens,HILLSIDE AVENUE,268 Street,Langdale Street,WB,6,67.19,0.0
2022-06-30,3,Queens,HILLSIDE AVENUE,268 Street,Langdale Street,WB,8,67.19,0.0
2022-06-30,3,Queens,HILLSIDE AVENUE,268 Street,Langdale Street,WB,4,67.19,0.0
2022-06-30,3,Queens,HILLSIDE AVENUE,268 Street,Langdale Street,WB,6,67.19,0.0
2022-06-30,4,Queens,HILLSIDE AVENUE,268 Street,Langdale Street,WB,7,66.2,0.0
2022-06-30,4,Queens,HILLSIDE AVENUE,268 Street,Langdale Street,WB,15,66.2,0.0
2022-06-30,4,Queens,HILLSIDE AVENUE,268 Street,Langdale Street,WB,22,66.2,0.0
2022-06-30,4,Queens,HILLSIDE AVENUE,268 Street,Langdale Street,WB,13,66.2,0.0
2022-06-30,5,Queens,HILLSIDE AVENUE,268 Street,Langdale Street,WB,16,65.119995,0.0
2022-06-30,5,Queens,HILLSIDE AVENUE,268 Street,Langdale Street,WB,22,65.119995,0.0
2022-06-30,5,Queens,HILLSIDE AVENUE,268 Street,Langdale Street,WB,23,65.119995,0.0
2022-06-30,5,Queens,HILLSIDE AVENUE,268 Street,Langdale Street,WB,37,65.119995,0.0
2022-06-30,6,Queens,HILLSIDE AVENUE,268 Street,Langdale Street,WB,60,64.85,0.0
2022-06-30,6,Queens,HILLSIDE AVENUE,268 Street,Langdale Street,WB,106,64.85,0.0
2022-06-30,6,Queens,HILLSIDE AVENUE,268 Street,Langdale Street,WB,88,64.85,0.0
2022-06-30,6,Queens,HILLSIDE AVENUE,268 Street,Langdale Street,WB,94,64.85,0.0
2022-06-30,7,Queens,HILLSIDE AVENUE,268 Street,Langdale Street,WB,101,67.369995,0.0
2022-06-30,7,Queens,HILLSIDE AVENUE,268 Street,Langdale Street,WB,96,67.369995,0.0
2023-03-16,3,Bronx,EAST 179 STREET,Bronx Street,Boston Road,WB,2,29.93,0.0
2023-03-16,4,Bronx,EAST 179 STREET,Bronx Street,Boston Road,WB,1,29.21,0.0
2023-03-16,4,Bronx,EAST 179 STREET,Bronx Street,Boston Road,WB,2,29.21,0.0
2023-03-16,4,Bronx,EAST 179 STREET,Bronx Street,Boston Road,WB,0,29.21,0.0
2023-03-16,4,Bronx,EAST 179 STREET,Bronx Street,Boston Road,WB,3,29.21,0.0
2023-03-16,5,Bronx,EAST 179 STREET,Bronx Street,Boston Road,WB,1,29.03,0.0
2023-03-16,5,Bronx,EAST 179 STREET,Bronx Street,Boston Road,WB,3,29.03,0.0
2023-03-16,5,Bronx,EAST 179 STREET,Bronx Street,Boston Road,WB,2,29.03,0.0
2023-03-16,5,Bronx,EAST 179 STREET,Bronx Street,Boston Road,WB,4,29.03,0.0
2023-03-16,6,Bronx,EAST 179 STREET,Bronx Street,Boston Road,WB,5,28.94,0.0
2023-03-16,6,Bronx,EAST 179 STREET,Bronx Street,Boston Road,WB,7,28.94,0.0
2023-03-16,6,Bronx,EAST 179 STREET,Bronx Street,Boston Road,WB,3,28.94,0.0
2023-03-16,6,Bronx,EAST 179 STREET,Bronx Street,Boston Road,WB,8,28.94,0.0
2023-03-16,7,Bronx,EAST 179 STREET,Bronx Street,Boston Road,WB,6,29.75,0.0
2023-03-16,7,Bronx,EAST 179 STREET,Bronx Street,Boston Road,WB,13,29.75,0.0
2023-03-16,7,Bronx,EAST 179 STREET,Bronx Street,Boston Road,WB,7,29.75,0.0
2023-03-16,7,Bronx,EAST 179 STREET,Bronx Street,Boston Road,WB,7,29.75,0.0
2023-03-16,8,Bronx,EAST 179 STREET,Bronx Street,Boston Road,WB,11,33.62,0.0
2023-03-16,8,Bronx,EAST 179 STREET,Bronx Street,Boston Road,WB,4,33.62,0.0
2023-03-16,8,Bronx,EAST 179 STREET,Bronx Street,Boston Road,WB,8,33.62,0.0
2023-03-16,8,Bronx,EAST 179 STREET,Bronx Street,Boston Road,WB,4,33.62,0.0
2023-03-16,9,Bronx,EAST 179 STREET,Bronx Street,Boston Road,WB,7,36.68,0.0
2023-03-16,9,Bronx,EAST 179 STREET,Bronx Street,Boston Road,WB,6,36.68,0.0
2023-03-16,9,Bronx,EAST 179 STREET,Bronx Street,Boston Road,WB,5,36.68,0.0
2023-03-16,9,Bronx,EAST 179 STREET,Bronx Street,Boston Road,WB,8,36.68,0.0
2023-03-16,10,Bronx,EAST 179 STREET,Bronx Street,Boston Road,WB,5,39.56,0.0
2023-03-16,10,Bronx,EAST 179 STREET,Bronx Street,Boston Road,WB,6,39.56,0.0
2023-03-16,10,Bronx,EAST 179 STREET,Bronx Street,Boston Road,WB,7,39.56,0.0
2023-03-16,10,Bronx,EAST 179 STREET,Bronx Street,Boston Road,WB,7,39.56,0.0
2023-03-16,11,Bronx,EAST 179 STREET,Bronx Street,Boston Road,WB,5,42.98,0.0
2023-03-16,11,Bronx,EAST 179 STREET,Bronx Street,Boston Road,WB,7,42.98,0.0
2023-03-16,11,Bronx,EAST 179 STREET,Bronx Street,Boston Road,WB,6,42.98,0.0
2023-03-16,11,Bronx,EAST 179 STREET,Bronx Street,Boston Road,WB,8,42.98,0.0
2023-03-16,12,Bronx,EAST 179 STREET,Bronx Street,Boston Road,WB,5,46.85,0.0
2023-03-16,12,Bronx,EAST 179 STREET,Bronx Street,Boston Road,WB,4,46.85,0.0
2023-03-16,12,Bronx,EAST 179 STREET,Bronx Street,Boston Road,WB,11,46.85,0.0
2023-03-16,12,Bronx,EAST 179 STREET,Bronx Street,Boston Road,WB,7,46.85,0.0
2023-03-16,13,Bronx,EAST 179 STREET,Bronx Street,Boston Road,WB,8,50.36,0.0
2023-03-16,13,Bronx,EAST 179 STREET,Bronx Street,Boston Road,WB,0,50.36,0.0
2023-03-16,13,Bronx,EAST 179 STREET,Bronx Street,Boston Road,WB,6,50.36,0.0
2023-03-16,13,Bronx,EAST 179 STREET,Bronx Street,Boston Road,WB,10,50.36,0.0
2023-03-16,14,Bronx,EAST 179 STREET,Bronx Street,Boston Road,WB,6,52.79,0.0
2023-03-16,14,Bronx,EAST 179 STREET,Bronx Street,Boston Road,WB,9,52.79,0.0
2023-03-16,14,Bronx,EAST 179 STREET,Bronx Street,Boston Road,WB,9,52.79,0.0
2023-03-16,14,Bronx,EAST 179 STREET,Bronx Street,Boston Road,WB,8,52.79,0.0
2023-03-16,15,Bronx,EAST 179 STREET,Bronx Street,Boston Road,WB,6,54.41,0.0
2023-03-16,15,Bronx,EAST 179 STREET,Bronx Street,Boston Road,WB,4,54.41,0.0
2023-03-16,15,Bronx,EAST 179 STREET,Bronx Street,Boston Road,WB,10,54.41,0.0
2023-03-16,15,Bronx,EAST 179 STREET,Bronx Street,Boston Road,WB,3,54.41,0.0
2023-03-16,16,Bronx,EAST 179 STREET,Bronx Street,Boston Road,WB,5,55.58,0.0
2023-03-16,16,Bronx,EAST 179 STREET,Bronx Street,Boston Road,WB,4,55.58,0.0
2023-03-16,16,Bronx,EAST 179 STREET,Bronx Street,Boston Road,WB,4,55.58,0.0
2023-03-16,16,Bronx,EAST 179 STREET,Bronx Street,Boston Road,WB,7,55.58,0.0
2023-03-16,17,Bronx,EAST 179 STREET,Bronx Street,Boston Road,WB,3,55.85,0.0
2023-03-16,17,Bronx,EAST 179 STREET,Bronx Street,Boston Road,WB,4,55.85,0.0
2023-03-16,17,Bronx,EAST 179 STREET,Bronx Street,Boston Road,WB,4,55.85,0.0
2023-03-16,17,Bronx,EAST 179 STREET,Bronx Street,Boston Road,WB,2,55.85,0.0
2023-03-16,18,Bronx,EAST 179 STREET,Bronx Street,Boston Road,WB,4,54.23,0.0
2023-03-16,18,Bronx,EAST 179 STREET,Bronx Street,Boston Road,WB,7,54.23,0.0
2023-03-16,18,Bronx,EAST 179 STREET,Bronx Street,Boston Road,WB,1,54.23,0.0
2023-03-16,18,Bronx,EAST 179 STREET,Bronx Street,Boston Road,WB,0,54.23,0.0
2023-03-16,19,Bronx,EAST 179 STREET,Bronx Street,Boston Road,WB,2,48.83,0.0
2023-03-16,19,Bronx,EAST 179 STREET,Bronx Street,Boston Road,WB,1,48.83,0.0
2023-03-16,19,Bronx,EAST 179 STREET,Bronx Street,Boston Road,WB,1,48.83,0.0
2023-03-16,19,Bronx,EAST 179 STREET,Bronx Street,Boston Road,WB,1,48.83,0.0
2023-03-16,20,Bronx,EAST 179 STREET,Bronx Street,Boston Road,WB,2,46.22,0.0
2023-03-16,20,Bronx,EAST 179 STREET,Bronx Street,Boston Road,WB,1,46.22,0.0
2023-03-16,20,Bronx,EAST 179 STREET,Bronx Street,Boston Road,WB,0,46.22,0.0
2023-03-16,20,Bronx,EAST 179 STREET,Bronx Street,Boston Road,WB,3,46.22,0.0
2023-03-16,21,Bronx,EAST 179 STREET,Bronx Street,Boston Road,WB,0,45.41,0.0
2023-03-16,21,Bronx,EAST 179 STREET,Bronx Street,Boston Road,WB,1,45.41,0.0
2023-03-16,21,Bronx,EAST 179 STREET,Bronx Street,Boston Road,WB,0,45.41,0.0
2023-03-16,21,Bronx,EAST 179 STREET,Bronx Street,Boston Road,WB,2,45.41,0.0
2023-03-16,22,Bronx,EAST 179 STREET,Bronx Street,Boston Road,WB,1,43.07,0.0
2023-03-16,22,Bronx,EAST 179 STREET,Bronx Street,Boston Road,WB,0,43.07,0.0
2023-03-16,22,Bronx,EAST 179 STREET,Bronx Street,Boston Road,WB,1,43.07,0.0
2023-03-16,22,Bronx,EAST 179 STREET,Bronx Street,Boston Road,WB,0,43.07,0.0
2023-03-16,23,Bronx,EAST 179 STREET,Bronx Street,Boston Road,WB,2,42.260002,0.0
2023-03-16,23,Bronx,EAST 179 STREET,Bronx Street,Boston Road,WB,4,42.260002,0.0
2023-03-16,23,Bronx,EAST 179 STREET,Bronx Street,Boston Road,WB,1,42.260002,0.0
2023-03-16,23,Bronx,EAST 179 STREET,Bronx Street,Boston Road,WB,0,42.260002,0.0
2023-03-17,0,Bronx,EAST 179 STREET,Bronx Street,Boston Road,WB,3,40.64,0.0
2023-03-17,0,Bronx,EAST 179 STREET,Bronx Street,Boston Road,WB,0,40.64,0.0
2023-03-17,0,Bronx,EAST 179 STREET,Bronx Street,Boston Road,WB,0,40.64,0.0
2023-03-17,0,Bronx,EAST 179 STREET,Bronx Street,Boston Road,WB,1,40.64,0.0
2023-03-17,1,Bronx,EAST 179 STREET,Bronx Street,Boston Road,WB,0,41.629997,0.0
2023-03-17,1,Bronx,EAST 179 STREET,Bronx Street,Boston Road,WB,0,41.629997,0.0
2023-03-17,1,Bronx,EAST 179 STREET,Bronx Street,Boston Road,WB,0,41.629997,0.0
2023-03-17,1,Bronx,EAST 179 STREET,Bronx Street,Boston Road,WB,0,41.629997,0.0
2023-03-17,2,Bronx,EAST 179 STREET,Bronx Street,Boston Road,WB,0,39.920002,0.0
2023-03-17,2,Bronx,EAST 179 STREET,Bronx Street,Boston Road,WB,0,39.920002,0.0
2023-03-17,2,Bronx,EAST 179 STREET,Bronx Street,Boston Road,WB,0,39.920002,0.0
2023-03-17,2,Bronx,EAST 179 STREET,Bronx Street,Boston Road,WB,0,39.920002,0.0
2023-03-17,3,Bronx,EAST 179 STREET,Bronx Street,Boston Road,WB,0,39.02,0.0
2023-03-17,3,Bronx,EAST 179 STREET,Bronx Street,Boston Road,WB,0,39.02,0.0
2023-03-17,3,Bronx,EAST 179 STREET,Bronx Street,Boston Road,WB,0,39.02,0.0
2023-03-17,3,Bronx,EAST 179 STREET,Bronx Street,Boston Road,WB,2,39.02,0.0
2023-03-17,4,Bronx,EAST 179 STREET,Bronx Street,Boston Road,WB,1,36.41,0.0
2023-03-17,4,Bronx,EAST 179 STREET,Bronx Street,Boston Road,WB,0,36.41,0.0
2023-03-17,4,Bronx,EAST 179 STREET,Bronx Street,Boston Road,WB,1,36.41,0.0
2023-03-17,4,Bronx,EAST 179 STREET,Bronx Street,Boston Road,WB,0,36.41,0.0
2023-03-17,5,Bronx,EAST 179 STREET,Bronx Street,Boston Road,WB,3,36.41,0.0
2023-03-17,5,Bronx,EAST 179 STREET,Bronx Street,Boston Road,WB,3,36.41,0.0
2023-03-17,5,Bronx,EAST 179 STREET,Bronx Street,Boston Road,WB,5,36.41,0.0
2023-03-17,5,Bronx,EAST 179 STREET,Bronx Street,Boston Road,WB,3,36.41,0.0
2022-02-12,0,Queens,23 AVENUE,101 Street,100 Street,WB,22,48.38,0.0
2022-02-12,0,Queens,23 AVENUE,101 Street,100 Street,WB,18,48.38,0.0
2022-02-12,0,Queens,23 AVENUE,101 Street,100 Street,WB,11,48.38,0.0
2022-02-12,0,Queens,23 AVENUE,101 Street,100 Street,WB,2,48.38,0.0
2022-02-12,1,Queens,23 AVENUE,101 Street,100 Street,WB,7,48.65,0.0
2022-02-12,1,Queens,23 AVENUE,101 Street,100 Street,WB,11,48.65,0.0
2022-02-12,1,Queens,23 AVENUE,101 Street,100 Street,WB,13,48.65,0.0
2022-02-12,1,Queens,23 AVENUE,101 Street,100 Street,WB,2,48.65,0.0
2022-02-12,2,Queens,23 AVENUE,101 Street,100 Street,WB,11,48.559998,0.0
2022-02-12,2,Queens,23 AVENUE,101 Street,100 Street,WB,1,48.559998,0.0
2022-02-12,2,Queens,23 AVENUE,101 Street,100 Street,WB,4,48.559998,0.0
2022-02-12,2,Queens,23 AVENUE,101 Street,100 Street,WB,1,48.559998,0.0
2022-02-12,3,Queens,23 AVENUE,101 Street,100 Street,WB,3,48.38,0.0
2022-02-12,3,Queens,23 AVENUE,101 Street,100 Street,WB,3,48.38,0.0
2022-02-12,3,Queens,23 AVENUE,101 Street,100 Street,WB,9,48.38,0.0
2022-02-12,3,Queens,23 AVENUE,101 Street,100 Street,WB,11,48.38,0.0
2022-02-12,4,Queens,23 AVENUE,101 Street,100 Street,WB,2,48.11,0.0
2022-02-12,4,Queens,23 AVENUE,101 Street,100 Street,WB,12,48.11,0.0
2022-02-12,4,Queens,23 AVENUE,101 Street,100 Street,WB,9,48.11,0.0
2022-02-12,4,Queens,23 AVENUE,101 Street,100 Street,WB,3,48.11,0.0
2022-02-12,5,Queens,23 AVENUE,101 Street,100 Street,WB,12,47.93,0.0
2022-02-12,5,Queens,23 AVENUE,101 Street,100 Street,WB,11,47.93,0.0
2022-02-12,5,Queens,23 AVENUE,101 Street,100 Street,WB,11,47.93,0.0
2022-02-12,5,Queens,23 AVENUE,101 Street,100 Street,WB,13,47.93,0.0
2022-02-12,6,Queens,23 AVENUE,101 Street,100 Street,WB,15,47.39,0.0
2022-02-12,6,Queens,23 AVENUE,101 Street,100 Street,WB,16,47.39,0.0
2022-02-12,6,Queens,23 AVENUE,101 Street,100 Street,WB,19,47.39,0.0
2022-02-12,6,Queens,23 AVENUE,101 Street,100 Street,WB,26,47.39,0.0
2022-02-12,7,Queens,23 AVENUE,101 Street,100 Street,WB,25,47.12,0.0
2022-02-12,7,Queens,23 AVENUE,101 Street,100 Street,WB,27,47.12,0.0
2022-02-12,7,Queens,23 AVENUE,101 Street,100 Street,WB,29,47.12,0.0
2022-02-12,7,Queens,23 AVENUE,101 Street,100 Street,WB,17,47.12,0.0
2021-09-29,11,Bronx,MARCONI STREET,Dead end,Waters Place,SB,143,62.42,0.0
2021-09-29,12,Bronx,MARCONI STREET,Dead end,Waters Place,SB,155,64.130005,0.0
2021-09-29,12,Bronx,MARCONI STREET,Dead end,Waters Place,SB,139,64.130005,0.0
2021-09-29,12,Bronx,MARCONI STREET,Dead end,Waters Place,SB,134,64.130005,0.0
2021-09-29,12,Bronx,MARCONI STREET,Dead end,Waters Place,SB,142,64.130005,0.0
2021-09-29,13,Bronx,MARCONI STREET,Dead end,Waters Place,SB,109,66.92,0.0
2021-09-29,13,Bronx,MARCONI STREET,Dead end,Waters Place,SB,122,66.92,0.0
2021-09-29,13,Bronx,MARCONI STREET,Dead end,Waters Place,SB,135,66.92,0.0
2021-09-29,13,Bronx,MARCONI STREET,Dead end,Waters Place,SB,116,66.92,0.0
2021-09-29,14,Bronx,MARCONI STREET,Dead end,Waters Place,SB,138,68.09,0.0
2021-09-29,14,Bronx,MARCONI STREET,Dead end,Waters Place,SB,130,68.09,0.0
2021-09-29,14,Bronx,MARCONI STREET,Dead end,Waters Place,SB,140,68.09,0.0
2021-09-29,14,Bronx,MARCONI STREET,Dead end,Waters Place,SB,145,68.09,0.0
2021-09-29,15,Bronx,MARCONI STREET,Dead end,Waters Place,SB,147,68.45,0.0
2021-09-29,15,Bronx,MARCONI STREET,Dead end,Waters Place,SB,144,68.45,0.0
2021-09-29,15,Bronx,MARCONI STREET,Dead end,Waters Place,SB,154,68.45,0.0
2021-09-29,15,Bronx,MARCONI STREET,Dead end,Waters Place,SB,135,68.45,0.0
2021-09-29,16,Bronx,MARCONI STREET,Dead end,Waters Place,SB,169,68.0,0.0
2021-09-29,16,Bronx,MARCONI STREET,Dead end,Waters Place,SB,167,68.0,0.0
2021-09-29,16,Bronx,MARCONI STREET,Dead end,Waters Place,SB,160,68.0,0.0
2021-09-29,16,Bronx,MARCONI STREET,Dead end,Waters Place,SB,158,68.0,0.0
2021-09-29,17,Bronx,MARCONI STREET,Dead end,Waters Place,SB,205,67.55,0.0
2021-09-29,17,Bronx,MARCONI STREET,Dead end,Waters Place,SB,170,67.55,0.0
2021-09-29,17,Bronx,MARCONI STREET,Dead end,Waters Place,SB,121,67.55,0.0
2021-09-29,17,Bronx,MARCONI STREET,Dead end,Waters Place,SB,120,67.55,0.0
2021-09-29,18,Bronx,MARCONI STREET,Dead end,Waters Place,SB,108,65.57,0.0
2021-09-29,18,Bronx,MARCONI STREET,Dead end,Waters Place,SB,88,65.57,0.0
2021-09-29,18,Bronx,MARCONI STREET,Dead end,Waters Place,SB,94,65.57,0.0
2021-09-29,18,Bronx,MARCONI STREET,Dead end,Waters Place,SB,79,65.57,0.0
2021-09-29,19,Bronx,MARCONI STREET,Dead end,Waters Place,SB,70,65.48,0.0
2021-09-29,19,Bronx,MARCONI STREET,Dead end,Waters Place,SB,81,65.48,0.0
2021-09-29,19,Bronx,MARCONI STREET,Dead end,Waters Place,SB,69,65.48,0.0
2021-09-29,19,Bronx,MARCONI STREET,Dead end,Waters Place,SB,65,65.48,0.0
2021-09-29,20,Bronx,MARCONI STREET,Dead end,Waters Place,SB,70,63.5,0.0
2021-09-29,20,Bronx,MARCONI STREET,Dead end,Waters Place,SB,57,63.5,0.0
2021-09-29,20,Bronx,MARCONI STREET,Dead end,Waters Place,SB,46,63.5,0.0
2021-09-29,20,Bronx,MARCONI STREET,Dead end,Waters Place,SB,45,63.5,0.0
2021-09-29,21,Bronx,MARCONI STREET,Dead end,Waters Place,SB,49,60.35,0.0
2021-09-29,21,Bronx,MARCONI STREET,Dead end,Waters Place,SB,28,60.35,0.0
2021-09-29,21,Bronx,MARCONI STREET,Dead end,Waters Place,SB,19,60.35,0.0
2021-09-29,21,Bronx,MARCONI STREET,Dead end,Waters Place,SB,30,60.35,0.0
2021-09-29,22,Bronx,MARCONI STREET,Dead end,Waters Place,SB,32,60.35,0.0
2021-09-29,22,Bronx,MARCONI STREET,Dead end,Waters Place,SB,24,60.35,0.0
2021-09-29,22,Bronx,MARCONI STREET,Dead end,Waters Place,SB,23,60.35,0.0
2021-09-29,22,Bronx,MARCONI STREET,Dead end,Waters Place,SB,21,60.35,0.0
2021-09-29,23,Bronx,MARCONI STREET,Dead end,Waters Place,SB,56,58.010002,0.0
2021-09-29,23,Bronx,MARCONI STREET,Dead end,Waters Place,SB,42,58.010002,0.0
2021-09-29,23,Bronx,MARCONI STREET,Dead end,Waters Place,SB,36,58.010002,0.0
2021-09-29,23,Bronx,MARCONI STREET,Dead end,Waters Place,SB,11,58.010002,0.0
2021-09-30,0,Bronx,MARCONI STREET,Dead end,Waters Place,SB,9,57.38,0.0
2021-09-30,0,Bronx,MARCONI STREET,Dead end,Waters Place,SB,6,57.38,0.0
2021-09-30,0,Bronx,MARCONI STREET,Dead end,Waters Place,SB,7,57.38,0.0
2021-09-30,0,Bronx,MARCONI STREET,Dead end,Waters Place,SB,9,57.38,0.0
2021-09-30,1,Bronx,MARCONI STREET,Dead end,Waters Place,SB,9,57.02,0.0
2021-09-30,1,Bronx,MARCONI STREET,Dead end,Waters Place,SB,4,57.02,0.0
2021-09-30,1,Bronx,MARCONI STREET,Dead end,Waters Place,SB,0,57.02,0.0
2021-09-30,1,Bronx,MARCONI STREET,Dead end,Waters Place,SB,2,57.02,0.0
2021-09-30,2,Bronx,MARCONI STREET,Dead end,Waters Place,SB,1,56.39,0.0
2021-09-30,2,Bronx,MARCONI STREET,Dead end,Waters Place,SB,1,56.39,0.0
2021-09-30,2,Bronx,MARCONI STREET,Dead end,Waters Place,SB,6,56.39,0.0
2021-09-30,2,Bronx,MARCONI STREET,Dead end,Waters Place,SB,2,56.39,0.0
2021-09-30,3,Bronx,MARCONI STREET,Dead end,Waters Place,SB,1,55.67,0.0
2021-09-30,3,Bronx,MARCONI STREET,Dead end,Waters Place,SB,0,55.67,0.0
2021-09-30,3,Bronx,MARCONI STREET,Dead end,Waters Place,SB,9,55.67,0.0
2021-09-30,3,Bronx,MARCONI STREET,Dead end,Waters Place,SB,2,55.67,0.0
2021-09-30,4,Bronx,MARCONI STREET,Dead end,Waters Place,SB,3,55.49,0.0
2021-09-30,4,Bronx,MARCONI STREET,Dead end,Waters Place,SB,3,55.49,0.0
2021-09-30,4,Bronx,MARCONI STREET,Dead end,Waters Place,SB,5,55.49,0.0
2021-09-30,4,Bronx,MARCONI STREET,Dead end,Waters Place,SB,9,55.49,0.0
2021-09-30,5,Bronx,MARCONI STREET,Dead end,Waters Place,SB,6,55.67,0.0
2021-09-30,5,Bronx,MARCONI STREET,Dead end,Waters Place,SB,7,55.67,0.0
2021-09-30,5,Bronx,MARCONI STREET,Dead end,Waters Place,SB,17,55.67,0.0
2021-09-30,5,Bronx,MARCONI STREET,Dead end,Waters Place,SB,20,55.67,0.0
2021-09-30,6,Bronx,MARCONI STREET,Dead end,Waters Place,SB,33,56.39,0.0
2021-09-30,6,Bronx,MARCONI STREET,Dead end,Waters Place,SB,27,56.39,0.0
2021-09-30,6,Bronx,MARCONI STREET,Dead end,Waters Place,SB,53,56.39,0.0
2021-09-30,6,Bronx,MARCONI STREET,Dead end,Waters Place,SB,44,56.39,0.0
2021-09-30,7,Bronx,MARCONI STREET,Dead end,Waters Place,SB,68,57.11,0.0
2021-09-30,7,Bronx,MARCONI STREET,Dead end,Waters Place,SB,55,57.11,0.0
2021-09-30,7,Bronx,MARCONI STREET,Dead end,Waters Place,SB,61,57.11,0.0
2021-09-30,7,Bronx,MARCONI STREET,Dead end,Waters Place,SB,53,57.11,0.0
2021-09-30,8,Bronx,MARCONI STREET,Dead end,Waters Place,SB,61,57.29,0.0
2021-09-30,8,Bronx,MARCONI STREET,Dead end,Waters Place,SB,74,57.29,0.0
2021-09-30,8,Bronx,MARCONI STREET,Dead end,Waters Place,SB,85,57.29,0.0
2021-09-30,8,Bronx,MARCONI STREET,Dead end,Waters Place,SB,96,57.29,0.0
2021-09-30,9,Bronx,MARCONI STREET,Dead end,Waters Place,SB,93,58.46,0.0
2021-09-30,9,Bronx,MARCONI STREET,Dead end,Waters Place,SB,96,58.46,0.0
2021-09-30,9,Bronx,MARCONI STREET,Dead end,Waters Place,SB,117,58.46,0.0
2021-09-30,9,Bronx,MARCONI STREET,Dead end,Waters Place,SB,137,58.46,0.0
2021-09-30,10,Bronx,MARCONI STREET,Dead end,Waters Place,SB,129,60.44,0.0
2021-09-30,10,Bronx,MARCONI STREET,Dead end,Waters Place,SB,132,60.44,0.0
2021-09-30,10,Bronx,MARCONI STREET,Dead end,Waters Place,SB,162,60.44,0.0
2021-09-30,10,Bronx,MARCONI STREET,Dead end,Waters Place,SB,148,60.44,0.0
2021-09-30,11,Bronx,MARCONI STREET,Dead end,Waters Place,SB,150,61.79,0.0
2021-09-30,11,Bronx,MARCONI STREET,Dead end,Waters Place,SB,137,61.79,0.0
2021-09-30,11,Bronx,MARCONI STREET,Dead end,Waters Place,SB,158,61.79,0.0
2021-09-30,11,Bronx,MARCONI STREET,Dead end,Waters Place,SB,137,61.79,0.0
2021-09-30,12,Bronx,MARCONI STREET,Dead end,Waters Place,SB,158,63.32,0.0
2021-09-30,12,Bronx,MARCONI STREET,Dead end,Waters Place,SB,142,63.32,0.0
2021-09-30,12,Bronx,MARCONI STREET,Dead end,Waters Place,SB,148,63.32,0.0
2021-09-30,12,Bronx,MARCONI STREET,Dead end,Waters Place,SB,135,63.32,0.0
2021-09-30,13,Bronx,MARCONI STREET,Dead end,Waters Place,SB,146,64.58,0.0
2021-09-30,13,Bronx,MARCONI STREET,Dead end,Waters Place,SB,134,64.58,0.0
2021-09-30,13,Bronx,MARCONI STREET,Dead end,Waters Place,SB,133,64.58,0.0
2021-09-30,13,Bronx,MARCONI STREET,Dead end,Waters Place,SB,143,64.58,0.0
2023-06-19,10,Queens,HOOK CREEK BRIDGE,Hook Creek Shoreline,Dead end,SB,476,72.77,0.0
2023-06-19,11,Queens,HOOK CREEK BRIDGE,Hook Creek Shoreline,Dead end,SB,480,74.84,0.0
2023-06-19,11,Queens,HOOK CREEK BRIDGE,Hook Creek Shoreline,Dead end,SB,398,74.84,0.0
2023-06-19,11,Queens,HOOK CREEK BRIDGE,Hook Creek Shoreline,Dead end,SB,501,74.84,0.0
2023-06-19,11,Queens,HOOK CREEK BRIDGE,Hook Creek Shoreline,Dead end,SB,504,74.84,0.0
2023-06-19,12,Queens,HOOK CREEK BRIDGE,Hook Creek Shoreline,Dead end,SB,490,76.82,0.0
2023-06-19,12,Queens,HOOK CREEK BRIDGE,Hook Creek Shoreline,Dead end,SB,461,76.82,0.0
2023-06-19,12,Queens,HOOK CREEK BRIDGE,Hook Creek Shoreline,Dead end,SB,458,76.82,0.0
2023-06-19,12,Queens,HOOK CREEK BRIDGE,Hook Creek Shoreline,Dead end,SB,494,76.82,0.0
2023-06-19,13,Queens,HOOK CREEK BRIDGE,Hook Creek Shoreline,Dead end,SB,444,77.81,0.0
2023-06-19,13,Queens,HOOK CREEK BRIDGE,Hook Creek Shoreline,Dead end,SB,500,77.81,0.0
2023-06-19,13,Queens,HOOK CREEK BRIDGE,Hook Creek Shoreline,Dead end,SB,546,77.81,0.0
2023-06-19,13,Queens,HOOK CREEK BRIDGE,Hook Creek Shoreline,Dead end,SB,523,77.81,0.0
2023-06-19,14,Queens,HOOK CREEK BRIDGE,Hook Creek Shoreline,Dead end,SB,498,77.27,0.0118110245
2023-06-19,14,Queens,HOOK CREEK BRIDGE,Hook Creek Shoreline,Dead end,SB,556,77.27,0.0118110245
2023-06-19,14,Queens,HOOK CREEK BRIDGE,Hook Creek Shoreline,Dead end,SB,532,77.27,0.0118110245
2023-06-19,14,Queens,HOOK CREEK BRIDGE,Hook Creek Shoreline,Dead end,SB,545,77.27,0.0118110245
2023-06-19,15,Queens,HOOK CREEK BRIDGE,Hook Creek Shoreline,Dead end,SB,502,76.28,0.03543307
2023-06-19,15,Queens,HOOK CREEK BRIDGE,Hook Creek Shoreline,Dead end,SB,546,76.28,0.03543307
2023-06-19,15,Queens,HOOK CREEK BRIDGE,Hook Creek Shoreline,Dead end,SB,509,76.28,0.03543307
2023-06-19,15,Queens,HOOK CREEK BRIDGE,Hook Creek Shoreline,Dead end,SB,586,76.28,0.03543307
2023-06-19,16,Queens,HOOK CREEK BRIDGE,Hook Creek Shoreline,Dead end,SB,544,75.92,0.0
2023-06-19,16,Queens,HOOK CREEK BRIDGE,Hook Creek Shoreline,Dead end,SB,604,75.92,0.0
2023-06-19,16,Queens,HOOK CREEK BRIDGE,Hook Creek Shoreline,Dead end,SB,596,75.92,0.0
2023-06-19,16,Queens,HOOK CREEK BRIDGE,Hook Creek Shoreline,Dead end,SB,590,75.92,0.0
2023-06-19,17,Queens,HOOK CREEK BRIDGE,Hook Creek Shoreline,Dead end,SB,530,75.380005,0.0
2023-06-19,17,Queens,HOOK CREEK BRIDGE,Hook Creek Shoreline,Dead end,SB,554,75.380005,0.0
2023-06-19,17,Queens,HOOK CREEK BRIDGE,Hook Creek Shoreline,Dead end,SB,551,75.380005,0.0
2023-06-19,17,Queens,HOOK CREEK BRIDGE,Hook Creek Shoreline,Dead end,SB,528,75.380005,0.0
2023-06-19,18,Queens,HOOK CREEK BRIDGE,Hook Creek Shoreline,Dead end,SB,550,73.85,0.0
2023-06-19,18,Queens,HOOK CREEK BRIDGE,Hook Creek Shoreline,Dead end,SB,448,73.85,0.0
2023-06-19,18,Queens,HOOK CREEK BRIDGE,Hook Creek Shoreline,Dead end,SB,610,73.85,0.0
2023-06-19,18,Queens,HOOK CREEK BRIDGE,Hook Creek Shoreline,Dead end,SB,592,73.85,0.0
2023-06-19,19,Queens,HOOK CREEK BRIDGE,Hook Creek Shoreline,Dead end,SB,602,70.880005,0.0
2023-06-19,19,Queens,HOOK CREEK BRIDGE,Hook Creek Shoreline,Dead end,SB,525,70.880005,0.0
2023-06-19,19,Queens,HOOK CREEK BRIDGE,Hook Creek Shoreline,Dead end,SB,502,70.880005,0.0
2023-06-19,19,Queens,HOOK CREEK BRIDGE,Hook Creek Shoreline,Dead end,SB,496,70.880005,0.0
2023-06-19,20,Queens,HOOK CREEK BRIDGE,Hook Creek Shoreline,Dead end,SB,436,69.17,0.0
2023-06-19,20,Queens,HOOK CREEK BRIDGE,Hook Creek Shoreline,Dead end,SB,398,69.17,0.0
2023-06-19,20,Queens,HOOK CREEK BRIDGE,Hook Creek Shoreline,Dead end,SB,396,69.17,0.0
2023-06-19,20,Queens,HOOK CREEK BRIDGE,Hook Creek Shoreline,Dead end,SB,350,69.17,0.0
2023-06-19,21,Queens,HOOK CREEK BRIDGE,Hook Creek Shoreline,Dead end,SB,345,67.46,0.0
2023-06-19,21,Queens,HOOK CREEK BRIDGE,Hook Creek Shoreline,Dead end,SB,311,67.46,0.0
2023-06-19,21,Queens,HOOK CREEK BRIDGE,Hook Creek Shoreline,Dead end,SB,330,67.46,0.0
2023-06-19,21,Queens,HOOK CREEK BRIDGE,Hook Creek Shoreline,Dead end,SB,291,67.46,0.0
2023-06-19,22,Queens,HOOK CREEK BRIDGE,Hook Creek Shoreline,Dead end,SB,287,66.11,0.0
2023-06-19,22,Queens,HOOK CREEK BRIDGE,Hook Creek Shoreline,Dead end,SB,348,66.11,0.0
2023-06-19,22,Queens,HOOK CREEK BRIDGE,Hook Creek Shoreline,Dead end,SB,321,66.11,0.0
2023-06-19,22,Queens,HOOK CREEK BRIDGE,Hook Creek Shoreline,Dead end,SB,248,66.11,0.0
2023-06-19,23,Queens,HOOK CREEK BRIDGE,Hook Creek Shoreline,Dead end,SB,256,65.66,0.0
2023-06-19,23,Queens,HOOK CREEK BRIDGE,Hook Creek Shoreline,Dead end,SB,278,65.66,0.0
2023-06-19,23,Queens,HOOK CREEK BRIDGE,Hook Creek Shoreline,Dead end,SB,216,65.66,0.0
2023-06-19,23,Queens,HOOK CREEK BRIDGE,Hook Creek Shoreline,Dead end,SB,212,65.66,0.0
2023-06-20,0,Queens,HOOK CREEK BRIDGE,Hook Creek Shoreline,Dead end,SB,198,65.03,0.0
2023-06-20,0,Queens,HOOK CREEK BRIDGE,Hook Creek Shoreline,Dead end,SB,173,65.03,0.0
2023-06-20,0,Queens,HOOK CREEK BRIDGE,Hook Creek Shoreline,Dead end,SB,146,65.03,0.0
2023-06-20,0,Queens,HOOK CREEK BRIDGE,Hook Creek Shoreline,Dead end,SB,126,65.03,0.0
2023-06-20,1,Queens,HOOK CREEK BRIDGE,Hook Creek Shoreline,Dead end,SB,124,64.76,0.0
2023-06-20,1,Queens,HOOK CREEK BRIDGE,Hook Creek Shoreline,Dead end,SB,113,64.76,0.0
2023-06-20,1,Queens,HOOK CREEK BRIDGE,Hook Creek Shoreline,Dead end,SB,102,64.76,0.0
2023-06-20,1,Queens,HOOK CREEK BRIDGE,Hook Creek Shoreline,Dead end,SB,98,64.76,0.0
2023-06-20,2,Queens,HOOK CREEK BRIDGE,Hook Creek Shoreline,Dead end,SB,78,64.130005,0.0
2023-06-20,2,Queens,HOOK CREEK BRIDGE,Hook Creek Shoreline,Dead end,SB,84,64.130005,0.0
2023-06-20,2,Queens,HOOK CREEK BRIDGE,Hook Creek Shoreline,Dead end,SB,66,64.130005,0.0
2023-06-20,2,Queens,HOOK CREEK BRIDGE,Hook Creek Shoreline,Dead end,SB,67,64.130005,0.0
2023-06-20,3,Queens,HOOK CREEK BRIDGE,Hook Creek Shoreline,Dead end,SB,72,63.230003,0.0
2023-06-20,3,Queens,HOOK CREEK BRIDGE,Hook Creek Shoreline,Dead end,SB,50,63.230003,0.0
2023-06-20,3,Queens,HOOK CREEK BRIDGE,Hook Creek Shoreline,Dead end,SB,66,63.230003,0.0
2023-06-20,3,Queens,HOOK CREEK BRIDGE,Hook Creek Shoreline,Dead end,SB,72,63.230003,0.0
2023-06-20,4,Queens,HOOK CREEK BRIDGE,Hook Creek Shoreline,Dead end,SB,90,62.69,0.0
2023-06-20,4,Queens,HOOK CREEK BRIDGE,Hook Creek Shoreline,Dead end,SB,86,62.69,0.0
2023-06-20,4,Queens,HOOK CREEK BRIDGE,Hook Creek Shoreline,Dead end,SB,100,62.69,0.0
2023-06-20,4,Queens,HOOK CREEK BRIDGE,Hook Creek Shoreline,Dead end,SB,142,62.69,0.0
2023-06-20,5,Queens,HOOK CREEK BRIDGE,Hook Creek Shoreline,Dead end,SB,106,61.79,0.0
2023-06-20,5,Queens,HOOK CREEK BRIDGE,Hook Creek Shoreline,Dead end,SB,136,61.79,0.0
2023-06-20,5,Queens,HOOK CREEK BRIDGE,Hook Creek Shoreline,Dead end,SB,182,61.79,0.0
2023-06-20,5,Queens,HOOK CREEK BRIDGE,Hook Creek Shoreline,Dead end,SB,244,61.79,0.0
2023-06-20,6,Queens,HOOK CREEK BRIDGE,Hook Creek Shoreline,Dead end,SB,274,61.519997,0.0
2023-06-20,6,Queens,HOOK CREEK BRIDGE,Hook Creek Shoreline,Dead end,SB,322,61.519997,0.0
2023-06-20,6,Queens,HOOK CREEK BRIDGE,Hook Creek Shoreline,Dead end,SB,360,61.519997,0.0
2023-06-20,6,Queens,HOOK CREEK BRIDGE,Hook Creek Shoreline,Dead end,SB,426,61.519997,0.0
2023-06-20,7,Queens,HOOK CREEK BRIDGE,Hook Creek Shoreline,Dead end,SB,390,63.32,0.0
2023-06-20,7,Queens,HOOK CREEK BRIDGE,Hook Creek Shoreline,Dead end,SB,426,63.32,0.0
2023-06-20,7,Queens,HOOK CREEK BRIDGE,Hook Creek Shoreline,Dead end,SB,454,63.32,0.0
2023-06-20,7,Queens,HOOK CREEK BRIDGE,Hook Creek Shoreline,Dead end,SB,448,63.32,0.0
2023-06-20,8,Queens,HOOK CREEK BRIDGE,Hook Creek Shoreline,Dead end,SB,519,63.59,0.0
2023-06-20,8,Queens,HOOK CREEK BRIDGE,Hook Creek Shoreline,Dead end,SB,490,63.59,0.0
2023-06-20,8,Queens,HOOK CREEK BRIDGE,Hook Creek Shoreline,Dead end,SB,464,63.59,0.0
2023-06-20,8,Queens,HOOK CREEK BRIDGE,Hook Creek Shoreline,Dead end,SB,508,63.59,0.0
2023-06-20,9,Queens,HOOK CREEK BRIDGE,Hook Creek Shoreline,Dead end,SB,446,65.48,0.0
2023-06-20,9,Queens,HOOK CREEK BRIDGE,Hook Creek Shoreline,Dead end,SB,433,65.48,0.0
2023-06-20,9,Queens,HOOK CREEK BRIDGE,Hook Creek Shoreline,Dead end,SB,461,65.48,0.0
2023-06-20,9,Queens,HOOK CREEK BRIDGE,Hook Creek Shoreline,Dead end,SB,506,65.48,0.0
2023-06-20,10,Queens,HOOK CREEK BRIDGE,Hook Creek Shoreline,Dead end,SB,462,67.1,0.0
2023-06-20,10,Queens,HOOK CREEK BRIDGE,Hook Creek Shoreline,Dead end,SB,518,67.1,0.0
2023-06-20,10,Queens,HOOK CREEK BRIDGE,Hook Creek Shoreline,Dead end,SB,519,67.1,0.0
2023-06-20,10,Queens,HOOK CREEK BRIDGE,Hook Creek Shoreline,Dead end,SB,515,67.1,0.0
2023-06-20,11,Queens,HOOK CREEK BRIDGE,Hook Creek Shoreline,Dead end,SB,501,70.79,0.0
2023-06-20,11,Queens,HOOK CREEK BRIDGE,Hook Creek Shoreline,Dead end,SB,452,70.79,0.0
2023-06-20,11,Queens,HOOK CREEK BRIDGE,Hook Creek Shoreline,Dead end,SB,483,70.79,0.0
2023-06-20,11,Queens,HOOK CREEK BRIDGE,Hook Creek Shoreline,Dead end,SB,495,70.79,0.0
2023-06-20,12,Queens,HOOK CREEK BRIDGE,Hook Creek Shoreline,Dead end,SB,522,73.49,0.0
2023-06-20,12,Queens,HOOK CREEK BRIDGE,Hook Creek Shoreline,Dead end,SB,512,73.49,0.0
2023-06-20,12,Queens,HOOK CREEK BRIDGE,Hook Creek Shoreline,Dead end,SB,534,73.49,0.0
2023-06-20,12,Queens,HOOK CREEK BRIDGE,Hook Creek Shoreline,Dead end,SB,478,73.49,0.0
2020-01-26,9,Staten Island,RICHMOND ROAD,Nadine Street,Bishop Street,WB,58,35.510002,0.0
2020-01-26,9,Staten Island,RICHMOND ROAD,Nadine Street,Bishop Street,WB,83,35.510002,0.0
2020-01-26,9,Staten Island,RICHMOND ROAD,Nadine Street,Bishop Street,WB,73,35.510002,0.0
2020-01-26,9,Staten Island,RICHMOND ROAD,Nadine Street,Bishop Street,WB,146,35.510002,0.0
2020-01-26,10,Staten Island,RICHMOND ROAD,Nadine Street,Bishop Street,WB,124,38.48,0.0
2020-01-26,10,Staten Island,RICHMOND ROAD,Nadine Street,Bishop Street,WB,96,38.48,0.0
2020-01-26,10,Staten Island,RICHMOND ROAD,Nadine Street,Bishop Street,WB,145,38.48,0.0
2020-01-26,10,Staten Island,RICHMOND ROAD,Nadine Street,Bishop Street,WB,183,38.48,0.0
2020-01-26,11,Staten Island,RICHMOND ROAD,Nadine Street,Bishop Street,WB,121,40.73,0.0
2020-01-26,11,Staten Island,RICHMOND ROAD,Nadine Street,Bishop Street,WB,174,40.73,0.0
2020-01-26,11,Staten Island,RICHMOND ROAD,Nadine Street,Bishop Street,WB,195,40.73,0.0
2020-01-26,11,Staten Island,RICHMOND ROAD,Nadine Street,Bishop Street,WB,190,40.73,0.0
2020-01-26,12,Staten Island,RICHMOND ROAD,Nadine Street,Bishop Street,WB,192,43.16,0.0
2020-01-26,12,Staten Island,RICHMOND ROAD,Nadine Street,Bishop Street,WB,206,43.16,0.0
2020-01-26,12,Staten Island,RICHMOND ROAD,Nadine Street,Bishop Street,WB,259,43.16,0.0
2020-01-26,12,Staten Island,RICHMOND ROAD,Nadine Street,Bishop Street,WB,239,43.16,0.0
2020-01-26,13,Staten Island,RICHMOND ROAD,Nadine Street,Bishop Street,WB,222,45.23,0.0
2020-01-26,13,Staten Island,RICHMOND ROAD,Nadine Street,Bishop Street,WB,260,45.23,0.0
2020-01-26,13,Staten Island,RICHMOND ROAD,Nadine Street,Bishop Street,WB,279,45.23,0.0
2020-01-26,13,Staten Island,RICHMOND ROAD,Nadine Street,Bishop Street,WB,280,45.23,0.0
2020-01-26,14,Staten Island,RICHMOND ROAD,Nadine Street,Bishop Street,WB,286,45.77,0.0
2020-01-26,14,Staten Island,RICHMOND ROAD,Nadine Street,Bishop Street,WB,311,45.77,0.0
2020-01-26,14,Staten Island,RICHMOND ROAD,Nadine Street,Bishop Street,WB,235,45.77,0.0
2020-01-26,14,Staten Island,RICHMOND ROAD,Nadine Street,Bishop Street,WB,206,45.77,0.0
2020-01-26,15,Staten Island,RICHMOND ROAD,Nadine Street,Bishop Street,WB,244,45.86,0.0
2020-01-26,15,Staten Island,RICHMOND ROAD,Nadine Street,Bishop Street,WB,265,45.86,0.0
2020-01-26,15,Staten Island,RICHMOND ROAD,Nadine Street,Bishop Street,WB,261,45.86,0.0
2020-01-26,15,Staten Island,RICHMOND ROAD,Nadine Street,Bishop Street,WB,250,45.86,0.0
2020-01-26,16,Staten Island,RICHMOND ROAD,Nadine Street,Bishop Street,WB,245,45.23,0.0
2020-01-26,16,Staten Island,RICHMOND ROAD,Nadine Street,Bishop Street,WB,269,45.23,0.0
2020-01-26,16,Staten Island,RICHMOND ROAD,Nadine Street,Bishop Street,WB,231,45.23,0.0
2020-01-26,16,Staten Island,RICHMOND ROAD,Nadine Street,Bishop Street,WB,212,45.23,0.0
2020-01-26,17,Staten Island,RICHMOND ROAD,Nadine Street,Bishop Street,WB,208,44.15,0.0
2020-01-26,17,Staten Island,RICHMOND ROAD,Nadine Street,Bishop Street,WB,239,44.15,0.0
2020-01-26,17,Staten Island,RICHMOND ROAD,Nadine Street,Bishop Street,WB,255,44.15,0.0
2020-01-26,17,Staten Island,RICHMOND ROAD,Nadine Street,Bishop Street,WB,166,44.15,0.0
2020-01-26,18,Staten Island,RICHMOND ROAD,Nadine Street,Bishop Street,WB,166,42.17,0.0
2020-01-26,18,Staten Island,RICHMOND ROAD,Nadine Street,Bishop Street,WB,212,42.17,0.0
2020-01-26,18,Staten Island,RICHMOND ROAD,Nadine Street,Bishop Street,WB,146,42.17,0.0
2020-01-26,18,Staten Island,RICHMOND ROAD,Nadine Street,Bishop Street,WB,129,42.17,0.0
2020-01-26,19,Staten Island,RICHMOND ROAD,Nadine Street,Bishop Street,WB,193,40.73,0.0
2020-01-26,19,Staten Island,RICHMOND ROAD,Nadine Street,Bishop Street,WB,134,40.73,0.0
2020-01-26,19,Staten Island,RICHMOND ROAD,Nadine Street,Bishop Street,WB,230,40.73,0.0
2020-01-26,19,Staten Island,RICHMOND ROAD,Nadine Street,Bishop Street,WB,187,40.73,0.0
2020-01-26,20,Staten Island,RICHMOND ROAD,Nadine Street,Bishop Street,WB,152,37.85,0.0
2020-01-26,20,Staten Island,RICHMOND ROAD,Nadine Street,Bishop Street,WB,133,37.85,0.0
2020-01-26,20,Staten Island,RICHMOND ROAD,Nadine Street,Bishop Street,WB,155,37.85,0.0
2020-01-26,20,Staten Island,RICHMOND ROAD,Nadine Street,Bishop Street,WB,120,37.85,0.0
2020-01-26,21,Staten Island,RICHMOND ROAD,Nadine Street,Bishop Street,WB,116,37.94,0.0
2020-01-26,21,Staten Island,RICHMOND ROAD,Nadine Street,Bishop Street,WB,104,37.94,0.0
2020-01-26,21,Staten Island,RICHMOND ROAD,Nadine Street,Bishop Street,WB,103,37.94,0.0
2020-01-26,21,Staten Island,RICHMOND ROAD,Nadine Street,Bishop Street,WB,117,37.94,0.0
2020-01-26,22,Staten Island,RICHMOND ROAD,Nadine Street,Bishop Street,WB,75,37.4,0.0
2020-01-26,22,Staten Island,RICHMOND ROAD,Nadine Street,Bishop Street,WB,98,37.4,0.0
2020-01-26,22,Staten Island,RICHMOND ROAD,Nadine Street,Bishop Street,WB,69,37.4,0.0
2020-01-26,22,Staten Island,RICHMOND ROAD,Nadine Street,Bishop Street,WB,30,37.4,0.0
2020-01-26,23,Staten Island,RICHMOND ROAD,Nadine Street,Bishop Street,WB,53,36.05,0.0
2020-01-26,23,Staten Island,RICHMOND ROAD,Nadine Street,Bishop Street,WB,66,36.05,0.0
2020-01-26,23,Staten Island,RICHMOND ROAD,Nadine Street,Bishop Street,WB,67,36.05,0.0
2020-01-26,23,Staten Island,RICHMOND ROAD,Nadine Street,Bishop Street,WB,66,36.05,0.0
2020-01-27,0,Staten Island,RICHMOND ROAD,Nadine Street,Bishop Street,WB,59,35.06,0.0
2020-01-27,0,Staten Island,RICHMOND ROAD,Nadine Street,Bishop Street,WB,56,35.06,0.0
2020-01-27,0,Staten Island,RICHMOND ROAD,Nadine Street,Bishop Street,WB,51,35.06,0.0
2020-01-27,0,Staten Island,RICHMOND ROAD,Nadine Street,Bishop Street,WB,38,35.06,0.0
2020-01-27,1,Staten Island,RICHMOND ROAD,Nadine Street,Bishop Street,WB,28,34.07,0.0
2020-01-27,1,Staten Island,RICHMOND ROAD,Nadine Street,Bishop Street,WB,21,34.07,0.0
2020-01-27,1,Staten Island,RICHMOND ROAD,Nadine Street,Bishop Street,WB,20,34.07,0.0
2020-01-27,1,Staten Island,RICHMOND ROAD,Nadine Street,Bishop Street,WB,7,34.07,0.0
2020-01-27,2,Staten Island,RICHMOND ROAD,Nadine Street,Bishop Street,WB,11,32.9,0.0
2020-01-27,2,Staten Island,RICHMOND ROAD,Nadine Street,Bishop Street,WB,16,32.9,0.0
2020-01-27,2,Staten Island,RICHMOND ROAD,Nadine Street,Bishop Street,WB,14,32.9,0.0
2020-01-27,2,Staten Island,RICHMOND ROAD,Nadine Street,Bishop Street,WB,14,32.9,0.0
2020-01-27,3,Staten Island,RICHMOND ROAD,Nadine Street,Bishop Street,WB,8,32.45,0.0
2020-01-27,3,Staten Island,RICHMOND ROAD,Nadine Street,Bishop Street,WB,14,32.45,0.0
2020-01-27,3,Staten Island,RICHMOND ROAD,Nadine Street,Bishop Street,WB,12,32.45,0.0
2020-01-27,3,Staten Island,RICHMOND ROAD,Nadine Street,Bishop Street,WB,5,32.45,0.0
2020-01-27,4,Staten Island,RICHMOND ROAD,Nadine Street,Bishop Street,WB,6,32.36,0.0
2020-01-27,4,Staten Island,RICHMOND ROAD,Nadine Street,Bishop Street,WB,9,32.36,0.0
2020-01-27,4,Staten Island,RICHMOND ROAD,Nadine Street,Bishop Street,WB,10,32.36,0.0
2020-01-27,4,Staten Island,RICHMOND ROAD,Nadine Street,Bishop Street,WB,13,32.36,0.0
2020-01-27,5,Staten Island,RICHMOND ROAD,Nadine Street,Bishop Street,WB,11,32.18,0.0
2020-01-27,5,Staten Island,RICHMOND ROAD,Nadine Street,Bishop Street,WB,17,32.18,0.0
2020-01-27,5,Staten Island,RICHMOND ROAD,Nadine Street,Bishop Street,WB,29,32.18,0.0
2020-01-27,5,Staten Island,RICHMOND ROAD,Nadine Street,Bishop Street,WB,42,32.18,0.0
2020-01-27,6,Staten Island,RICHMOND ROAD,Nadine Street,Bishop Street,WB,43,32.0,0.0
2020-01-27,6,Staten Island,RICHMOND ROAD,Nadine Street,Bishop Street,WB,69,32.0,0.0
2020-01-27,6,Staten Island,RICHMOND ROAD,Nadine Street,Bishop Street,WB,107,32.0,0.0
2020-01-27,6,Staten Island,RICHMOND ROAD,Nadine Street,Bishop Street,WB,122,32.0,0.0
2020-01-27,7,Staten Island,RICHMOND ROAD,Nadine Street,Bishop Street,WB,195,31.55,0.0
2020-01-27,7,Staten Island,RICHMOND ROAD,Nadine Street,Bishop Street,WB,255,31.55,0.0
2020-01-27,7,Staten Island,RICHMOND ROAD,Nadine Street,Bishop Street,WB,362,31.55,0.0
2020-01-27,7,Staten Island,RICHMOND ROAD,Nadine Street,Bishop Street,WB,266,31.55,0.0
2020-01-27,8,Staten Island,RICHMOND ROAD,Nadine Street,Bishop Street,WB,355,34.7,0.0
2020-01-27,8,Staten Island,RICHMOND ROAD,Nadine Street,Bishop Street,WB,302,34.7,0.0
2020-01-27,8,Staten Island,RICHMOND ROAD,Nadine Street,Bishop Street,WB,282,34.7,0.0
2020-01-27,8,Staten Island,RICHMOND ROAD,Nadine Street,Bishop Street,WB,323,34.7,0.0
2020-01-27,9,Staten Island,RICHMOND ROAD,Nadine Street,Bishop Street,WB,352,35.510002,0.0
2020-01-27,9,Staten Island,RICHMOND ROAD,Nadine Street,Bishop Street,WB,221,35.510002,0.0
2020-01-27,9,Staten Island,RICHMOND ROAD,Nadine Street,Bishop Street,WB,258,35.510002,0.0
2020-01-27,9,Staten Island,RICHMOND ROAD,Nadine Street,Bishop Street,WB,298,35.510002,0.0
2020-01-27,10,Staten Island,RICHMOND ROAD,Nadine Street,Bishop Street,WB,251,37.4,0.0
2020-01-27,10,Staten Island,RICHMOND ROAD,Nadine Street,Bishop Street,WB,202,37.4,0.0
2020-01-27,10,Staten Island,RICHMOND ROAD,Nadine Street,Bishop Street,WB,218,37.4,0.0
2020-01-27,10,Staten Island,RICHMOND ROAD,Nadine Street,Bishop Street,WB,218,37.4,0.0
2020-01-27,11,Staten Island,RICHMOND ROAD,Nadine Street,Bishop Street,WB,196,39.920002,0.0
2022-05-14,11,Queens,RIKERS ISLAND BRIDGE,Rikers Is Bridge,Dead end,SB,28,68.0,0.003937008
2022-05-14,12,Queens,RIKERS ISLAND BRIDGE,Rikers Is Bridge,Dead end,SB,58,69.8,0.0
2022-05-14,12,Queens,RIKERS ISLAND BRIDGE,Rikers Is Bridge,Dead end,SB,57,69.8,0.0
2022-05-14,12,Queens,RIKERS ISLAND BRIDGE,Rikers Is Bridge,Dead end,SB,36,69.8,0.0
2022-05-14,12,Queens,RIKERS ISLAND BRIDGE,Rikers Is Bridge,Dead end,SB,37,69.8,0.0
2022-05-14,13,Queens,RIKERS ISLAND BRIDGE,Rikers Is Bridge,Dead end,SB,47,70.7,0.0
2022-05-14,13,Queens,RIKERS ISLAND BRIDGE,Rikers Is Bridge,Dead end,SB,46,70.7,0.0
2022-05-14,13,Queens,RIKERS ISLAND BRIDGE,Rikers Is Bridge,Dead end,SB,24,70.7,0.0
2022-05-14,13,Queens,RIKERS ISLAND BRIDGE,Rikers Is Bridge,Dead end,SB,38,70.7,0.0
2022-05-14,14,Queens,RIKERS ISLAND BRIDGE,Rikers Is Bridge,Dead end,SB,65,69.71,0.0
2022-05-14,14,Queens,RIKERS ISLAND BRIDGE,Rikers Is Bridge,Dead end,SB,49,69.71,0.0
2022-05-14,14,Queens,RIKERS ISLAND BRIDGE,Rikers Is Bridge,Dead end,SB,51,69.71,0.0
2022-05-14,14,Queens,RIKERS ISLAND BRIDGE,Rikers Is Bridge,Dead end,SB,41,69.71,0.0
2022-05-14,15,Queens,RIKERS ISLAND BRIDGE,Rikers Is Bridge,Dead end,SB,43,65.93,0.0
2022-05-14,15,Queens,RIKERS ISLAND BRIDGE,Rikers Is Bridge,Dead end,SB,34,65.93,0.0
2022-05-14,15,Queens,RIKERS ISLAND BRIDGE,Rikers Is Bridge,Dead end,SB,25,65.93,0.0
2022-05-14,15,Queens,RIKERS ISLAND BRIDGE,Rikers Is Bridge,Dead end,SB,16,65.93,0.0
2022-05-14,16,Queens,RIKERS ISLAND BRIDGE,Rikers Is Bridge,Dead end,SB,16,65.21,0.003937008
2022-05-14,16,Queens,RIKERS ISLAND BRIDGE,Rikers Is Bridge,Dead end,SB,29,65.21,0.003937008
2022-05-14,16,Queens,RIKERS ISLAND BRIDGE,Rikers Is Bridge,Dead end,SB,23,65.21,0.003937008
2022-05-14,16,Queens,RIKERS ISLAND BRIDGE,Rikers Is Bridge,Dead end,SB,17,65.21,0.003937008
2022-05-14,17,Queens,RIKERS ISLAND BRIDGE,Rikers Is Bridge,Dead end,SB,46,63.68,0.01968504
2022-05-14,17,Queens,RIKERS ISLAND BRIDGE,Rikers Is Bridge,Dead end,SB,38,63.68,0.01968504
2022-05-14,17,Queens,RIKERS ISLAND BRIDGE,Rikers Is Bridge,Dead end,SB,44,63.68,0.01968504
2022-05-14,17,Queens,RIKERS ISLAND BRIDGE,Rikers Is Bridge,Dead end,SB,70,63.68,0.01968504
2022-05-14,18,Queens,RIKERS ISLAND BRIDGE,Rikers Is Bridge,Dead end,SB,74,62.87,0.031496063
2022-05-14,18,Queens,RIKERS ISLAND BRIDGE,Rikers Is Bridge,Dead end,SB,38,62.87,0.031496063
2022-05-14,18,Queens,RIKERS ISLAND BRIDGE,Rikers Is Bridge,Dead end,SB,35,62.87,0.031496063
2022-05-14,18,Queens,RIKERS ISLAND BRIDGE,Rikers Is Bridge,Dead end,SB,20,62.87,0.031496063
2022-05-14,19,Queens,RIKERS ISLAND BRIDGE,Rikers Is Bridge,Dead end,SB,19,61.61,0.027559055
2022-05-14,19,Queens,RIKERS ISLAND BRIDGE,Rikers Is Bridge,Dead end,SB,21,61.61,0.027559055
2022-05-14,19,Queens,RIKERS ISLAND BRIDGE,Rikers Is Bridge,Dead end,SB,28,61.61,0.027559055
2022-05-14,19,Queens,RIKERS ISLAND BRIDGE,Rikers Is Bridge,Dead end,SB,28,61.61,0.027559055
2022-05-14,20,Queens,RIKERS ISLAND BRIDGE,Rikers Is Bridge,Dead end,SB,37,60.44,0.015748031
2022-05-14,20,Queens,RIKERS ISLAND BRIDGE,Rikers Is Bridge,Dead end,SB,47,60.44,0.015748031
2022-05-14,20,Queens,RIKERS ISLAND BRIDGE,Rikers Is Bridge,Dead end,SB,44,60.44,0.015748031
2022-05-14,20,Queens,RIKERS ISLAND BRIDGE,Rikers Is Bridge,Dead end,SB,21,60.44,0.015748031
2022-05-14,21,Queens,RIKERS ISLAND BRIDGE,Rikers Is Bridge,Dead end,SB,38,59.63,0.04330709
2022-05-14,21,Queens,RIKERS ISLAND BRIDGE,Rikers Is Bridge,Dead end,SB,20,59.63,0.04330709
2022-05-14,21,Queens,RIKERS ISLAND BRIDGE,Rikers Is Bridge,Dead end,SB,26,59.63,0.04330709
2022-05-14,21,Queens,RIKERS ISLAND BRIDGE,Rikers Is Bridge,Dead end,SB,25,59.63,0.04330709
2022-05-14,22,Queens,RIKERS ISLAND BRIDGE,Rikers Is Bridge,Dead end,SB,41,58.37,0.098425195
2022-05-14,22,Queens,RIKERS ISLAND BRIDGE,Rikers Is Bridge,Dead end,SB,40,58.37,0.098425195
2022-05-14,22,Queens,RIKERS ISLAND BRIDGE,Rikers Is Bridge,Dead end,SB,40,58.37,0.098425195
2022-05-14,22,Queens,RIKERS ISLAND BRIDGE,Rikers Is Bridge,Dead end,SB,31,58.37,0.098425195
2022-05-14,23,Queens,RIKERS ISLAND BRIDGE,Rikers Is Bridge,Dead end,SB,48,57.92,0.05511811
2022-05-14,23,Queens,RIKERS ISLAND BRIDGE,Rikers Is Bridge,Dead end,SB,23,57.92,0.05511811
2022-05-14,23,Queens,RIKERS ISLAND BRIDGE,Rikers Is Bridge,Dead end,SB,13,57.92,0.05511811
2022-05-14,23,Queens,RIKERS ISLAND BRIDGE,Rikers Is Bridge,Dead end,SB,24,57.92,0.05511811
2022-05-15,0,Queens,RIKERS ISLAND BRIDGE,Rikers Is Bridge,Dead end,SB,7,58.1,0.0118110245
2022-05-15,0,Queens,RIKERS ISLAND BRIDGE,Rikers Is Bridge,Dead end,SB,13,58.1,0.0118110245
2022-05-15,0,Queens,RIKERS ISLAND BRIDGE,Rikers Is Bridge,Dead end,SB,8,58.1,0.0118110245
2022-05-15,0,Queens,RIKERS ISLAND BRIDGE,Rikers Is Bridge,Dead end,SB,5,58.1,0.0118110245
2022-05-15,1,Queens,RIKERS ISLAND BRIDGE,Rikers Is Bridge,Dead end,SB,10,57.559998,0.0
2022-05-15,1,Queens,RIKERS ISLAND BRIDGE,Rikers Is Bridge,Dead end,SB,8,57.559998,0.0
2022-05-15,1,Queens,RIKERS ISLAND BRIDGE,Rikers Is Bridge,Dead end,SB,11,57.559998,0.0
2022-05-15,1,Queens,RIKERS ISLAND BRIDGE,Rikers Is Bridge,Dead end,SB,5,57.559998,0.0
2022-05-15,2,Queens,RIKERS ISLAND BRIDGE,Rikers Is Bridge,Dead end,SB,2,58.010002,0.0
2022-05-15,2,Queens,RIKERS ISLAND BRIDGE,Rikers Is Bridge,Dead end,SB,2,58.010002,0.0
2022-05-15,2,Queens,RIKERS ISLAND BRIDGE,Rikers Is Bridge,Dead end,SB,6,58.010002,0.0
2022-05-15,2,Queens,RIKERS ISLAND BRIDGE,Rikers Is Bridge,Dead end,SB,3,58.010002,0.0
2022-05-15,3,Queens,RIKERS ISLAND BRIDGE,Rikers Is Bridge,Dead end,SB,5,58.19,0.0
2022-05-15,3,Queens,RIKERS ISLAND BRIDGE,Rikers Is Bridge,Dead end,SB,4,58.19,0.0
2022-05-15,3,Queens,RIKERS ISLAND BRIDGE,Rikers Is Bridge,Dead end,SB,4,58.19,0.0
2022-05-15,3,Queens,RIKERS ISLAND BRIDGE,Rikers Is Bridge,Dead end,SB,7,58.19,0.0
2022-05-15,4,Queens,RIKERS ISLAND BRIDGE,Rikers Is Bridge,Dead end,SB,12,58.64,0.0
2022-05-15,4,Queens,RIKERS ISLAND BRIDGE,Rikers Is Bridge,Dead end,SB,16,58.64,0.0
2022-05-15,4,Queens,RIKERS ISLAND BRIDGE,Rikers Is Bridge,Dead end,SB,15,58.64,0.0
2022-05-15,4,Queens,RIKERS ISLAND BRIDGE,Rikers Is Bridge,Dead end,SB,12,58.64,0.0
2022-05-15,5,Queens,RIKERS ISLAND BRIDGE,Rikers Is Bridge,Dead end,SB,19,59.18,0.0
2022-05-15,5,Queens,RIKERS ISLAND BRIDGE,Rikers Is Bridge,Dead end,SB,29,59.18,0.0
2022-05-15,5,Queens,RIKERS ISLAND BRIDGE,Rikers Is Bridge,Dead end,SB,55,59.18,0.0
2022-05-15,5,Queens,RIKERS ISLAND BRIDGE,Rikers Is Bridge,Dead end,SB,56,59.18,0.0
2022-05-15,6,Queens,RIKERS ISLAND BRIDGE,Rikers Is Bridge,Dead end,SB,79,59.269997,0.0
2022-05-15,6,Queens,RIKERS ISLAND BRIDGE,Rikers Is Bridge,Dead end,SB,43,59.269997,0.0
2022-05-15,6,Queens,RIKERS ISLAND BRIDGE,Rikers Is Bridge,Dead end,SB,41,59.269997,0.0
2022-05-15,6,Queens,RIKERS ISLAND BRIDGE,Rikers Is Bridge,Dead end,SB,49,59.269997,0.0
2022-05-15,7,Queens,RIKERS ISLAND BRIDGE,Rikers Is Bridge,Dead end,SB,41,60.08,0.0
2022-05-15,7,Queens,RIKERS ISLAND BRIDGE,Rikers Is Bridge,Dead end,SB,26,60.08,0.0
2022-05-15,7,Queens,RIKERS ISLAND BRIDGE,Rikers Is Bridge,Dead end,SB,22,60.08,0.0
2022-05-15,7,Queens,RIKERS ISLAND BRIDGE,Rikers Is Bridge,Dead end,SB,27,60.08,0.0
2022-05-15,8,Queens,RIKERS ISLAND BRIDGE,Rikers Is Bridge,Dead end,SB,13,62.6,0.0
2022-05-15,8,Queens,RIKERS ISLAND BRIDGE,Rikers Is Bridge,Dead end,SB,17,62.6,0.0
2022-05-15,8,Queens,RIKERS ISLAND BRIDGE,Rikers Is Bridge,Dead end,SB,13,62.6,0.0
2022-05-15,8,Queens,RIKERS ISLAND BRIDGE,Rikers Is Bridge,Dead end,SB,11,62.6,0.0
2022-05-15,9,Queens,RIKERS ISLAND BRIDGE,Rikers Is Bridge,Dead end,SB,8,63.59,0.08661418
2022-05-15,9,Queens,RIKERS ISLAND BRIDGE,Rikers Is Bridge,Dead end,SB,19,63.59,0.08661418
2022-05-15,9,Queens,RIKERS ISLAND BRIDGE,Rikers Is Bridge,Dead end,SB,10,63.59,0.08661418
2022-05-15,9,Queens,RIKERS ISLAND BRIDGE,Rikers Is Bridge,Dead end,SB,11,63.59,0.08661418
2022-05-15,10,Queens,RIKERS ISLAND BRIDGE,Rikers Is Bridge,Dead end,SB,11,67.01,0.003937008
2022-05-15,10,Queens,RIKERS ISLAND BRIDGE,Rikers Is Bridge,Dead end,SB,11,67.01,0.003937008
2022-05-15,10,Queens,RIKERS ISLAND BRIDGE,Rikers Is Bridge,Dead end,SB,11,67.01,0.003937008
2022-05-15,10,Queens,RIKERS ISLAND BRIDGE,Rikers Is Bridge,Dead end,SB,12,67.01,0.003937008
2022-05-15,11,Queens,RIKERS ISLAND BRIDGE,Rikers Is Bridge,Dead end,SB,18,70.25,0.003937008
2022-05-15,11,Queens,RIKERS ISLAND BRIDGE,Rikers Is Bridge,Dead end,SB,12,70.25,0.003937008
2022-05-15,11,Queens,RIKERS ISLAND BRIDGE,Rikers Is Bridge,Dead end,SB,22,70.25,0.003937008
2022-05-15,11,Queens,RIKERS ISLAND BRIDGE,Rikers Is Bridge,Dead end,SB,13,70.25,0.003937008
2022-05-15,12,Queens,RIKERS ISLAND BRIDGE,Rikers Is Bridge,Dead end,SB,33,73.04,0.003937008
2022-05-15,12,Queens,RIKERS ISLAND BRIDGE,Rikers Is Bridge,Dead end,SB,28,73.04,0.003937008
2022-05-15,12,Queens,RIKERS ISLAND BRIDGE,Rikers Is Bridge,Dead end,SB,27,73.04,0.003937008
2022-05-15,12,Queens,RIKERS ISLAND BRIDGE,Rikers Is Bridge,Dead end,SB,17,73.04,0.003937008
2022-05-15,13,Queens,RIKERS ISLAND BRIDGE,Rikers Is Bridge,Dead end,SB,42,74.66,0.0
2022-05-15,13,Queens,RIKERS ISLAND BRIDGE,Rikers Is Bridge,Dead end,SB,37,74.66,0.0
2022-05-15,13,Queens,RIKERS ISLAND BRIDGE,Rikers Is Bridge,Dead end,SB,30,74.66,0.0
2022-05-15,13,Queens,RIKERS ISLAND BRIDGE,Rikers Is Bridge,Dead end,SB,15,74.66,0.0
2022-10-25,16,Manhattan,ED KOCH QUEENSBORO BRIDGE,Ed Koch Queensboro Bridge Exit,Dead end,NB,228,70.16,0.0
2022-10-25,16,Manhattan,ED KOCH QUEENSBORO BRIDGE,Ed Koch Queensboro Bridge Exit,Dead end,NB,200,70.16,0.0
2022-10-25,16,Manhattan,ED KOCH QUEENSBORO BRIDGE,Ed Koch Queensboro Bridge Exit,Dead end,NB,203,70.16,0.0
2022-10-25,16,Manhattan,ED KOCH QUEENSBORO BRIDGE,Ed Koch Queensboro Bridge Exit,Dead end,NB,192,70.16,0.0
2022-10-25,17,Manhattan,ED KOCH QUEENSBORO BRIDGE,Ed Koch Queensboro Bridge Exit,Dead end,NB,204,68.72,0.0
2022-10-25,17,Manhattan,ED KOCH QUEENSBORO BRIDGE,Ed Koch Queensboro Bridge Exit,Dead end,NB,191,68.72,0.0
2022-10-25,17,Manhattan,ED KOCH QUEENSBORO BRIDGE,Ed Koch Queensboro Bridge Exit,Dead end,NB,207,68.72,0.0
2022-10-25,17,Manhattan,ED KOCH QUEENSBORO BRIDGE,Ed Koch Queensboro Bridge Exit,Dead end,NB,202,68.72,0.0
2022-10-25,18,Manhattan,ED KOCH QUEENSBORO BRIDGE,Ed Koch Queensboro Bridge Exit,Dead end,NB,201,66.02,0.0
2022-10-25,18,Manhattan,ED KOCH QUEENSBORO BRIDGE,Ed Koch Queensboro Bridge Exit,Dead end,NB,192,66.02,0.0
2022-10-25,18,Manhattan,ED KOCH QUEENSBORO BRIDGE,Ed Koch Queensboro Bridge Exit,Dead end,NB,201,66.02,0.0
2022-10-25,18,Manhattan,ED KOCH QUEENSBORO BRIDGE,Ed Koch Queensboro Bridge Exit,Dead end,NB,191,66.02,0.0
2022-10-25,19,Manhattan,ED KOCH QUEENSBORO BRIDGE,Ed Koch Queensboro Bridge Exit,Dead end,NB,199,64.04,0.0
2022-10-25,19,Manhattan,ED KOCH QUEENSBORO BRIDGE,Ed Koch Queensboro Bridge Exit,Dead end,NB,190,64.04,0.0
2022-10-25,19,Manhattan,ED KOCH QUEENSBORO BRIDGE,Ed Koch Queensboro Bridge Exit,Dead end,NB,178,64.04,0.0
2022-10-25,19,Manhattan,ED KOCH QUEENSBORO BRIDGE,Ed Koch Queensboro Bridge Exit,Dead end,NB,167,64.04,0.0
2022-10-25,20,Manhattan,ED KOCH QUEENSBORO BRIDGE,Ed Koch Queensboro Bridge Exit,Dead end,NB,163,63.68,0.0
2022-10-25,20,Manhattan,ED KOCH QUEENSBORO BRIDGE,Ed Koch Queensboro Bridge Exit,Dead end,NB,153,63.68,0.0
2022-10-25,20,Manhattan,ED KOCH QUEENSBORO BRIDGE,Ed Koch Queensboro Bridge Exit,Dead end,NB,126,63.68,0.0
2022-10-25,20,Manhattan,ED KOCH QUEENSBORO BRIDGE,Ed Koch Queensboro Bridge Exit,Dead end,NB,144,63.68,0.0
2022-10-25,21,Manhattan,ED KOCH QUEENSBORO BRIDGE,Ed Koch Queensboro Bridge Exit,Dead end,NB,145,64.130005,0.0
2022-10-25,21,Manhattan,ED KOCH QUEENSBORO BRIDGE,Ed Koch Queensboro Bridge Exit,Dead end,NB,151,64.130005,0.0
2022-10-25,21,Manhattan,ED KOCH QUEENSBORO BRIDGE,Ed Koch Queensboro Bridge Exit,Dead end,NB,109,64.130005,0.0
2022-10-25,21,Manhattan,ED KOCH QUEENSBORO BRIDGE,Ed Koch Queensboro Bridge Exit,Dead end,NB,105,64.130005,0.0
2022-10-25,22,Manhattan,ED KOCH QUEENSBORO BRIDGE,Ed Koch Queensboro Bridge Exit,Dead end,NB,110,64.130005,0.0
2022-10-25,22,Manhattan,ED KOCH QUEENSBORO BRIDGE,Ed Koch Queensboro Bridge Exit,Dead end,NB,101,64.130005,0.0
2022-10-25,22,Manhattan,ED KOCH QUEENSBORO BRIDGE,Ed Koch Queensboro Bridge Exit,Dead end,NB,104,64.130005,0.0
2022-10-25,22,Manhattan,ED KOCH QUEENSBORO BRIDGE,Ed Koch Queensboro Bridge Exit,Dead end,NB,90,64.130005,0.0
2022-10-25,23,Manhattan,ED KOCH QUEENSBORO BRIDGE,Ed Koch Queensboro Bridge Exit,Dead end,NB,107,64.130005,0.0
2022-10-25,23,Manhattan,ED KOCH QUEENSBORO BRIDGE,Ed Koch Queensboro Bridge Exit,Dead end,NB,116,64.130005,0.0
2022-10-25,23,Manhattan,ED KOCH QUEENSBORO BRIDGE,Ed Koch Queensboro Bridge Exit,Dead end,NB,79,64.130005,0.0
2022-10-25,23,Manhattan,ED KOCH QUEENSBORO BRIDGE,Ed Koch Queensboro Bridge Exit,Dead end,NB,78,64.130005,0.0
2022-10-26,0,Manhattan,ED KOCH QUEENSBORO BRIDGE,Ed Koch Queensboro Bridge Exit,Dead end,NB,70,64.04,0.0
2022-10-26,0,Manhattan,ED KOCH QUEENSBORO BRIDGE,Ed Koch Queensboro Bridge Exit,Dead end,NB,65,64.04,0.0
2022-10-26,0,Manhattan,ED KOCH QUEENSBORO BRIDGE,Ed Koch Queensboro Bridge Exit,Dead end,NB,62,64.04,0.0
2022-10-26,0,Manhattan,ED KOCH QUEENSBORO BRIDGE,Ed Koch Queensboro Bridge Exit,Dead end,NB,47,64.04,0.0
2022-10-26,1,Manhattan,ED KOCH QUEENSBORO BRIDGE,Ed Koch Queensboro Bridge Exit,Dead end,NB,50,64.130005,0.0
2022-10-26,1,Manhattan,ED KOCH QUEENSBORO BRIDGE,Ed Koch Queensboro Bridge Exit,Dead end,NB,39,64.130005,0.0
2022-10-26,1,Manhattan,ED KOCH QUEENSBORO BRIDGE,Ed Koch Queensboro Bridge Exit,Dead end,NB,48,64.130005,0.0
2022-10-26,1,Manhattan,ED KOCH QUEENSBORO BRIDGE,Ed Koch Queensboro Bridge Exit,Dead end,NB,41,64.130005,0.0
2022-10-26,2,Manhattan,ED KOCH QUEENSBORO BRIDGE,Ed Koch Queensboro Bridge Exit,Dead end,NB,46,64.130005,0.0
2022-10-26,2,Manhattan,ED KOCH QUEENSBORO BRIDGE,Ed Koch Queensboro Bridge Exit,Dead end,NB,33,64.130005,0.0
2022-10-26,2,Manhattan,ED KOCH QUEENSBORO BRIDGE,Ed Koch Queensboro Bridge Exit,Dead end,NB,34,64.130005,0.0
2022-10-26,2,Manhattan,ED KOCH QUEENSBORO BRIDGE,Ed Koch Queensboro Bridge Exit,Dead end,NB,29,64.130005,0.0
2022-10-26,3,Manhattan,ED KOCH QUEENSBORO BRIDGE,Ed Koch Queensboro Bridge Exit,Dead end,NB,27,64.31,0.0
2022-10-26,3,Manhattan,ED KOCH QUEENSBORO BRIDGE,Ed Koch Queensboro Bridge Exit,Dead end,NB,37,64.31,0.0
2022-10-26,3,Manhattan,ED KOCH QUEENSBORO BRIDGE,Ed Koch Queensboro Bridge Exit,Dead end,NB,50,64.31,0.0
2022-10-26,3,Manhattan,ED KOCH QUEENSBORO BRIDGE,Ed Koch Queensboro Bridge Exit,Dead end,NB,47,64.31,0.0
2022-10-26,4,Manhattan,ED KOCH QUEENSBORO BRIDGE,Ed Koch Queensboro Bridge Exit,Dead end,NB,59,64.04,0.0
2022-10-26,4,Manhattan,ED KOCH QUEENSBORO BRIDGE,Ed Koch Queensboro Bridge Exit,Dead end,NB,55,64.04,0.0
2022-10-26,4,Manhattan,ED KOCH QUEENSBORO BRIDGE,Ed Koch Queensboro Bridge Exit,Dead end,NB,101,64.04,0.0
2022-10-26,4,Manhattan,ED KOCH QUEENSBORO BRIDGE,Ed Koch Queensboro Bridge Exit,Dead end,NB,104,64.04,0.0
2022-10-26,5,Manhattan,ED KOCH QUEENSBORO BRIDGE,Ed Koch Queensboro Bridge Exit,Dead end,NB,105,63.59,0.0
2022-10-26,5,Manhattan,ED KOCH QUEENSBORO BRIDGE,Ed Koch Queensboro Bridge Exit,Dead end,NB,160,63.59,0.0
2022-10-26,5,Manhattan,ED KOCH QUEENSBORO BRIDGE,Ed Koch Queensboro Bridge Exit,Dead end,NB,173,63.59,0.0
2022-10-26,5,Manhattan,ED KOCH QUEENSBORO BRIDGE,Ed Koch Queensboro Bridge Exit,Dead end,NB,207,63.59,0.0
2022-10-26,6,Manhattan,ED KOCH QUEENSBORO BRIDGE,Ed Koch Queensboro Bridge Exit,Dead end,NB,206,63.05,0.0
2022-10-26,6,Manhattan,ED KOCH QUEENSBORO BRIDGE,Ed Koch Queensboro Bridge Exit,Dead end,NB,217,63.05,0.0
2022-10-26,6,Manhattan,ED KOCH QUEENSBORO BRIDGE,Ed Koch Queensboro Bridge Exit,Dead end,NB,191,63.05,0.0
2022-10-26,6,Manhattan,ED KOCH QUEENSBORO BRIDGE,Ed Koch Queensboro Bridge Exit,Dead end,NB,164,63.05,0.0
2022-10-26,7,Manhattan,ED KOCH QUEENSBORO BRIDGE,Ed Koch Queensboro Bridge Exit,Dead end,NB,210,62.96,0.0
2022-10-26,7,Manhattan,ED KOCH QUEENSBORO BRIDGE,Ed Koch Queensboro Bridge Exit,Dead end,NB,188,62.96,0.0
2022-10-26,7,Manhattan,ED KOCH QUEENSBORO BRIDGE,Ed Koch Queensboro Bridge Exit,Dead end,NB,175,62.96,0.0
2022-10-26,7,Manhattan,ED KOCH QUEENSBORO BRIDGE,Ed Koch Queensboro Bridge Exit,Dead end,NB,169,62.96,0.0
2022-10-26,8,Manhattan,ED KOCH QUEENSBORO BRIDGE,Ed Koch Queensboro Bridge Exit,Dead end,NB,194,62.69,0.003937008
2022-10-26,8,Manhattan,ED KOCH QUEENSBORO BRIDGE,Ed Koch Queensboro Bridge Exit,Dead end,NB,197,62.69,0.003937008
2022-10-26,8,Manhattan,ED KOCH QUEENSBORO BRIDGE,Ed Koch Queensboro Bridge Exit,Dead end,NB,185,62.69,0.003937008
2022-10-26,8,Manhattan,ED KOCH QUEENSBORO BRIDGE,Ed Koch Queensboro Bridge Exit,Dead end,NB,163,62.69,0.003937008
2022-10-26,9,Manhattan,ED KOCH QUEENSBORO BRIDGE,Ed Koch Queensboro Bridge Exit,Dead end,NB,175,63.68,0.0
2022-10-26,9,Manhattan,ED KOCH QUEENSBORO BRIDGE,Ed Koch Queensboro Bridge Exit,Dead end,NB,170,63.68,0.0
2022-10-26,9,Manhattan,ED KOCH QUEENSBORO BRIDGE,Ed Koch Queensboro Bridge Exit,Dead end,NB,178,63.68,0.0
2022-10-26,9,Manhattan,ED KOCH QUEENSBORO BRIDGE,Ed Koch Queensboro Bridge Exit,Dead end,NB,181,63.68,0.0
2022-10-26,10,Manhattan,ED KOCH QUEENSBORO BRIDGE,Ed Koch Queensboro Bridge Exit,Dead end,NB,199,66.11,0.0
2022-10-26,10,Manhattan,ED KOCH QUEENSBORO BRIDGE,Ed Koch Queensboro Bridge Exit,Dead end,NB,178,66.11,0.0
2022-10-26,10,Manhattan,ED KOCH QUEENSBORO BRIDGE,Ed Koch Queensboro Bridge Exit,Dead end,NB,162,66.11,0.0
2022-10-26,10,Manhattan,ED KOCH QUEENSBORO BRIDGE,Ed Koch Queensboro Bridge Exit,Dead end,NB,164,66.11,0.0
2022-10-26,11,Manhattan,ED KOCH QUEENSBORO BRIDGE,Ed Koch Queensboro Bridge Exit,Dead end,NB,161,67.73,0.0
2022-10-26,11,Manhattan,ED KOCH QUEENSBORO BRIDGE,Ed Koch Queensboro Bridge Exit,Dead end,NB,173,67.73,0.0
2022-10-26,11,Manhattan,ED KOCH QUEENSBORO BRIDGE,Ed Koch Queensboro Bridge Exit,Dead end,NB,194,67.73,0.0
2022-10-26,11,Manhattan,ED KOCH QUEENSBORO BRIDGE,Ed Koch Queensboro Bridge Exit,Dead end,NB,193,67.73,0.0
2022-10-26,12,Manhattan,ED KOCH QUEENSBORO BRIDGE,Ed Koch Queensboro Bridge Exit,Dead end,NB,190,68.72,0.003937008
2022-10-26,12,Manhattan,ED KOCH QUEENSBORO BRIDGE,Ed Koch Queensboro Bridge Exit,Dead end,NB,189,68.72,0.003937008
2022-10-26,12,Manhattan,ED KOCH QUEENSBORO BRIDGE,Ed Koch Queensboro Bridge Exit,Dead end,NB,177,68.72,0.003937008
2022-10-26,12,Manhattan,ED KOCH QUEENSBORO BRIDGE,Ed Koch Queensboro Bridge Exit,Dead end,NB,193,68.72,0.003937008
2022-10-26,13,Manhattan,ED KOCH QUEENSBORO BRIDGE,Ed Koch Queensboro Bridge Exit,Dead end,NB,196,70.52,0.0
2022-10-26,13,Manhattan,ED KOCH QUEENSBORO BRIDGE,Ed Koch Queensboro Bridge Exit,Dead end,NB,184,70.52,0.0
2022-10-26,13,Manhattan,ED KOCH QUEENSBORO BRIDGE,Ed Koch Queensboro Bridge Exit,Dead end,NB,176,70.52,0.0
2022-10-26,13,Manhattan,ED KOCH QUEENSBORO BRIDGE,Ed Koch Queensboro Bridge Exit,Dead end,NB,182,70.52,0.0
2022-10-26,14,Manhattan,ED KOCH QUEENSBORO BRIDGE,Ed Koch Queensboro Bridge Exit,Dead end,NB,215,70.61,0.0
2022-10-26,14,Manhattan,ED KOCH QUEENSBORO BRIDGE,Ed Koch Queensboro Bridge Exit,Dead end,NB,234,70.61,0.0
2022-10-26,14,Manhattan,ED KOCH QUEENSBORO BRIDGE,Ed Koch Queensboro Bridge Exit,Dead end,NB,199,70.61,0.0
2022-10-26,14,Manhattan,ED KOCH QUEENSBORO BRIDGE,Ed Koch Queensboro Bridge Exit,Dead end,NB,195,70.61,0.0
2022-10-26,15,Manhattan,ED KOCH QUEENSBORO BRIDGE,Ed Koch Queensboro Bridge Exit,Dead end,NB,176,71.24,0.0
2022-10-26,15,Manhattan,ED KOCH QUEENSBORO BRIDGE,Ed Koch Queensboro Bridge Exit,Dead end,NB,197,71.24,0.0
2022-10-26,15,Manhattan,ED KOCH QUEENSBORO BRIDGE,Ed Koch Queensboro Bridge Exit,Dead end,NB,220,71.24,0.0
2022-10-26,15,Manhattan,ED KOCH QUEENSBORO BRIDGE,Ed Koch Queensboro Bridge Exit,Dead end,NB,217,71.24,0.0
2022-10-26,16,Manhattan,ED KOCH QUEENSBORO BRIDGE,Ed Koch Queensboro Bridge Exit,Dead end,NB,202,69.89,0.0
2022-10-26,16,Manhattan,ED KOCH QUEENSBORO BRIDGE,Ed Koch Queensboro Bridge Exit,Dead end,NB,207,69.89,0.0
2022-10-26,16,Manhattan,ED KOCH QUEENSBORO BRIDGE,Ed Koch Queensboro Bridge Exit,Dead end,NB,174,69.89,0.0
2022-10-26,16,Manhattan,ED KOCH QUEENSBORO BRIDGE,Ed Koch Queensboro Bridge Exit,Dead end,NB,185,69.89,0.0
2022-10-26,17,Manhattan,ED KOCH QUEENSBORO BRIDGE,Ed Koch Queensboro Bridge Exit,Dead end,NB,198,67.28,0.0
2022-10-26,17,Manhattan,ED KOCH QUEENSBORO BRIDGE,Ed Koch Queensboro Bridge Exit,Dead end,NB,218,67.28,0.0
2022-10-26,17,Manhattan,ED KOCH QUEENSBORO BRIDGE,Ed Koch Queensboro Bridge Exit,Dead end,NB,206,67.28,0.0
2022-10-26,17,Manhattan,ED KOCH QUEENSBORO BRIDGE,Ed Koch Queensboro Bridge Exit,Dead end,NB,204,67.28,0.0
2022-10-26,18,Manhattan,ED KOCH QUEENSBORO BRIDGE,Ed Koch Queensboro Bridge Exit,Dead end,NB,186,63.769997,0.0
2024-05-23,14,Brooklyn,LINDEN BOULEVARD,East 49 Street,Utica Avenue,EB,108,77.54,0.0
2024-05-23,14,Brooklyn,LINDEN BOULEVARD,East 49 Street,Utica Avenue,EB,107,77.54,0.0
2024-05-23,14,Brooklyn,LINDEN BOULEVARD,East 49 Street,Utica Avenue,EB,111,77.54,0.0
2024-05-23,14,Brooklyn,LINDEN BOULEVARD,East 49 Street,Utica Avenue,EB,117,77.54,0.0
2024-05-23,15,Brooklyn,LINDEN BOULEVARD,East 49 Street,Utica Avenue,EB,99,78.08,0.0
2024-05-23,15,Brooklyn,LINDEN BOULEVARD,East 49 Street,Utica Avenue,EB,100,78.08,0.0
2024-05-23,15,Brooklyn,LINDEN BOULEVARD,East 49 Street,Utica Avenue,EB,95,78.08,0.0
2024-05-23,15,Brooklyn,LINDEN BOULEVARD,East 49 Street,Utica Avenue,EB,111,78.08,0.0
2024-05-23,16,Brooklyn,LINDEN BOULEVARD,East 49 Street,Utica Avenue,EB,98,79.34,0.0
2024-05-23,16,Brooklyn,LINDEN BOULEVARD,East 49 Street,Utica Avenue,EB,113,79.34,0.0
2024-05-23,16,Brooklyn,LINDEN BOULEVARD,East 49 Street,Utica Avenue,EB,98,79.34,0.0
2024-05-23,16,Brooklyn,LINDEN BOULEVARD,East 49 Street,Utica Avenue,EB,99,79.34,0.0
2024-05-23,17,Brooklyn,LINDEN BOULEVARD,East 49 Street,Utica Avenue,EB,107,79.7,0.0
2024-05-23,17,Brooklyn,LINDEN BOULEVARD,East 49 Street,Utica Avenue,EB,94,79.7,0.0
2024-05-23,17,Brooklyn,LINDEN BOULEVARD,East 49 Street,Utica Avenue,EB,93,79.7,0.0
2024-05-23,17,Brooklyn,LINDEN BOULEVARD,East 49 Street,Utica Avenue,EB,104,79.7,0.0
2024-05-23,18,Brooklyn,LINDEN BOULEVARD,East 49 Street,Utica Avenue,EB,100,79.880005,0.0
2024-05-23,18,Brooklyn,LINDEN BOULEVARD,East 49 Street,Utica Avenue,EB,105,79.880005,0.0
2024-05-23,18,Brooklyn,LINDEN BOULEVARD,East 49 Street,Utica Avenue,EB,109,79.880005,0.0
2024-05-23,18,Brooklyn,LINDEN BOULEVARD,East 49 Street,Utica Avenue,EB,102,79.880005,0.0
2024-05-23,19,Brooklyn,LINDEN BOULEVARD,East 49 Street,Utica Avenue,EB,112,78.44,0.0
2024-05-23,19,Brooklyn,LINDEN BOULEVARD,East 49 Street,Utica Avenue,EB,100,78.44,0.0
2024-05-23,19,Brooklyn,LINDEN BOULEVARD,East 49 Street,Utica Avenue,EB,95,78.44,0.0
2024-05-23,19,Brooklyn,LINDEN BOULEVARD,East 49 Street,Utica Avenue,EB,99,78.44,0.0
2024-05-23,20,Brooklyn,LINDEN BOULEVARD,East 49 Street,Utica Avenue,EB,89,75.11,0.0
2024-05-23,20,Brooklyn,LINDEN BOULEVARD,East 49 Street,Utica Avenue,EB,100,75.11,0.0
2024-05-23,20,Brooklyn,LINDEN BOULEVARD,East 49 Street,Utica Avenue,EB,97,75.11,0.0
2024-05-23,20,Brooklyn,LINDEN BOULEVARD,East 49 Street,Utica Avenue,EB,79,75.11,0.0
2024-05-23,21,Brooklyn,LINDEN BOULEVARD,East 49 Street,Utica Avenue,EB,94,70.43,0.0
2024-05-23,21,Brooklyn,LINDEN BOULEVARD,East 49 Street,Utica Avenue,EB,90,70.43,0.0
2024-05-23,21,Brooklyn,LINDEN BOULEVARD,East 49 Street,Utica Avenue,EB,77,70.43,0.0
2024-05-23,21,Brooklyn,LINDEN BOULEVARD,East 49 Street,Utica Avenue,EB,70,70.43,0.0
2024-05-23,22,Brooklyn,LINDEN BOULEVARD,East 49 Street,Utica Avenue,EB,72,69.44,0.0
2024-05-23,22,Brooklyn,LINDEN BOULEVARD,East 49 Street,Utica Avenue,EB,71,69.44,0.0
2024-05-23,22,Brooklyn,LINDEN BOULEVARD,East 49 Street,Utica Avenue,EB,77,69.44,0.0
2024-05-23,22,Brooklyn,LINDEN BOULEVARD,East 49 Street,Utica Avenue,EB,73,69.44,0.0
2024-05-23,23,Brooklyn,LINDEN BOULEVARD,East 49 Street,Utica Avenue,EB,54,68.630005,0.0
2024-05-23,23,Brooklyn,LINDEN BOULEVARD,East 49 Street,Utica Avenue,EB,61,68.630005,0.0
2024-05-23,23,Brooklyn,LINDEN BOULEVARD,East 49 Street,Utica Avenue,EB,64,68.630005,0.0
2024-05-23,23,Brooklyn,LINDEN BOULEVARD,East 49 Street,Utica Avenue,EB,60,68.630005,0.0
2024-05-24,0,Brooklyn,LINDEN BOULEVARD,East 49 Street,Utica Avenue,EB,62,67.19,0.0
2024-05-24,0,Brooklyn,LINDEN BOULEVARD,East 49 Street,Utica Avenue,EB,55,67.19,0.0
2024-05-24,0,Brooklyn,LINDEN BOULEVARD,East 49 Street,Utica Avenue,EB,53,67.19,0.0
2024-05-24,0,Brooklyn,LINDEN BOULEVARD,East 49 Street,Utica Avenue,EB,42,67.19,0.0
2024-05-24,1,Brooklyn,LINDEN BOULEVARD,East 49 Street,Utica Avenue,EB,36,65.84,0.0
2024-05-24,1,Brooklyn,LINDEN BOULEVARD,East 49 Street,Utica Avenue,EB,34,65.84,0.0
2024-05-24,1,Brooklyn,LINDEN BOULEVARD,East 49 Street,Utica Avenue,EB,41,65.84,0.0
2024-05-24,1,Brooklyn,LINDEN BOULEVARD,East 49 Street,Utica Avenue,EB,30,65.84,0.0
2024-05-24,2,Brooklyn,LINDEN BOULEVARD,East 49 Street,Utica Avenue,EB,37,64.76,0.0
2024-05-24,2,Brooklyn,LINDEN BOULEVARD,East 49 Street,Utica Avenue,EB,26,64.76,0.0
2024-05-24,2,Brooklyn,LINDEN BOULEVARD,East 49 Street,Utica Avenue,EB,28,64.76,0.0
2024-05-24,2,Brooklyn,LINDEN BOULEVARD,East 49 Street,Utica Avenue,EB,23,64.76,0.0
2024-05-24,3,Brooklyn,LINDEN BOULEVARD,East 49 Street,Utica Avenue,EB,31,63.14,0.0
2024-05-24,3,Brooklyn,LINDEN BOULEVARD,East 49 Street,Utica Avenue,EB,29,63.14,0.0
2024-05-24,3,Brooklyn,LINDEN BOULEVARD,East 49 Street,Utica Avenue,EB,32,63.14,0.0
2024-05-24,3,Brooklyn,LINDEN BOULEVARD,East 49 Street,Utica Avenue,EB,35,63.14,0.0
2024-05-24,4,Brooklyn,LINDEN BOULEVARD,East 49 Street,Utica Avenue,EB,28,61.969997,0.0
2024-05-24,4,Brooklyn,LINDEN BOULEVARD,East 49 Street,Utica Avenue,EB,27,61.969997,0.0
2024-05-24,4,Brooklyn,LINDEN BOULEVARD,East 49 Street,Utica Avenue,EB,36,61.969997,0.0
2024-05-24,4,Brooklyn,LINDEN BOULEVARD,East 49 Street,Utica Avenue,EB,32,61.969997,0.0
2024-05-24,5,Brooklyn,LINDEN BOULEVARD,East 49 Street,Utica Avenue,EB,33,62.06,0.0
2024-05-24,5,Brooklyn,LINDEN BOULEVARD,East 49 Street,Utica Avenue,EB,50,62.06,0.0
2024-05-24,5,Brooklyn,LINDEN BOULEVARD,East 49 Street,Utica Avenue,EB,37,62.06,0.0
2024-05-24,5,Brooklyn,LINDEN BOULEVARD,East 49 Street,Utica Avenue,EB,51,62.06,0.0
2024-05-24,6,Brooklyn,LINDEN BOULEVARD,East 49 Street,Utica Avenue,EB,43,61.25,0.0
2024-05-24,6,Brooklyn,LINDEN BOULEVARD,East 49 Street,Utica Avenue,EB,51,61.25,0.0
2024-05-24,6,Brooklyn,LINDEN BOULEVARD,East 49 Street,Utica Avenue,EB,54,61.25,0.0
2024-05-24,6,Brooklyn,LINDEN BOULEVARD,East 49 Street,Utica Avenue,EB,45,61.25,0.0
2024-05-24,7,Brooklyn,LINDEN BOULEVARD,East 49 Street,Utica Avenue,EB,68,64.58,0.0
2024-05-24,7,Brooklyn,LINDEN BOULEVARD,East 49 Street,Utica Avenue,EB,75,64.58,0.0
2024-05-24,7,Brooklyn,LINDEN BOULEVARD,East 49 Street,Utica Avenue,EB,74,64.58,0.0
2024-05-24,7,Brooklyn,LINDEN BOULEVARD,East 49 Street,Utica Avenue,EB,89,64.58,0.0
2024-05-24,8,Brooklyn,LINDEN BOULEVARD,East 49 Street,Utica Avenue,EB,79,67.82,0.0
2024-05-24,8,Brooklyn,LINDEN BOULEVARD,East 49 Street,Utica Avenue,EB,86,67.82,0.0
2024-05-24,8,Brooklyn,LINDEN BOULEVARD,East 49 Street,Utica Avenue,EB,82,67.82,0.0
2024-05-24,8,Brooklyn,LINDEN BOULEVARD,East 49 Street,Utica Avenue,EB,79,67.82,0.0
2024-05-24,9,Brooklyn,LINDEN BOULEVARD,East 49 Street,Utica Avenue,EB,74,73.22,0.0
2024-05-24,9,Brooklyn,LINDEN BOULEVARD,East 49 Street,Utica Avenue,EB,83,73.22,0.0
2024-05-24,9,Brooklyn,LINDEN BOULEVARD,East 49 Street,Utica Avenue,EB,78,73.22,0.0
2024-05-24,9,Brooklyn,LINDEN BOULEVARD,East 49 Street,Utica Avenue,EB,73,73.22,0.0
2024-05-24,10,Brooklyn,LINDEN BOULEVARD,East 49 Street,Utica Avenue,EB,77,76.91,0.0
2024-05-24,10,Brooklyn,LINDEN BOULEVARD,East 49 Street,Utica Avenue,EB,74,76.91,0.0
2024-05-24,10,Brooklyn,LINDEN BOULEVARD,East 49 Street,Utica Avenue,EB,85,76.91,0.0
2024-05-24,10,Brooklyn,LINDEN BOULEVARD,East 49 Street,Utica Avenue,EB,97,76.91,0.0
2024-05-24,11,Brooklyn,LINDEN BOULEVARD,East 49 Street,Utica Avenue,EB,89,79.79,0.0
2024-05-24,11,Brooklyn,LINDEN BOULEVARD,East 49 Street,Utica Avenue,EB,97,79.79,0.0
2024-05-24,11,Brooklyn,LINDEN BOULEVARD,East 49 Street,Utica Avenue,EB,90,79.79,0.0
2024-05-24,11,Brooklyn,LINDEN BOULEVARD,East 49 Street,Utica Avenue,EB,85,79.79,0.0
2024-05-24,12,Brooklyn,LINDEN BOULEVARD,East 49 Street,Utica Avenue,EB,80,81.41,0.0
2024-05-24,12,Brooklyn,LINDEN BOULEVARD,East 49 Street,Utica Avenue,EB,82,81.41,0.0
2024-05-24,12,Brooklyn,LINDEN BOULEVARD,East 49 Street,Utica Avenue,EB,79,81.41,0.0
2024-05-24,12,Brooklyn,LINDEN BOULEVARD,East 49 Street,Utica Avenue,EB,99,81.41,0.0
2024-05-24,13,Brooklyn,LINDEN BOULEVARD,East 49 Street,Utica Avenue,EB,83,82.76,0.0
2024-05-24,13,Brooklyn,LINDEN BOULEVARD,East 49 Street,Utica Avenue,EB,95,82.76,0.0
2024-05-24,13,Brooklyn,LINDEN BOULEVARD,East 49 Street,Utica Avenue,EB,76,82.76,0.0
2024-05-24,13,Brooklyn,LINDEN BOULEVARD,East 49 Street,Utica Avenue,EB,80,82.76,0.0
2024-05-24,14,Brooklyn,LINDEN BOULEVARD,East 49 Street,Utica Avenue,EB,89,83.75,0.0
2024-05-24,14,Brooklyn,LINDEN BOULEVARD,East 49 Street,Utica Avenue,EB,102,83.75,0.0
2024-05-24,14,Brooklyn,LINDEN BOULEVARD,East 49 Street,Utica Avenue,EB,79,83.75,0.0
2024-05-24,14,Brooklyn,LINDEN BOULEVARD,East 49 Street,Utica Avenue,EB,85,83.75,0.0
2024-05-24,15,Brooklyn,LINDEN BOULEVARD,East 49 Street,Utica Avenue,EB,89,84.65,0.0
2024-05-24,15,Brooklyn,LINDEN BOULEVARD,East 49 Street,Utica Avenue,EB,99,84.65,0.0
2024-05-24,15,Brooklyn,LINDEN BOULEVARD,East 49 Street,Utica Avenue,EB,94,84.65,0.0
2024-05-24,15,Brooklyn,LINDEN BOULEVARD,East 49 Street,Utica Avenue,EB,109,84.65,0.0
2024-05-24,16,Brooklyn,LINDEN BOULEVARD,East 49 Street,Utica Avenue,EB,94,85.55,0.0
2021-11-29,11,Queens,218 PLACE,104 Avenue,Hollis Avenue,SB,10,40.190002,0.0
2021-11-29,12,Queens,218 PLACE,104 Avenue,Hollis Avenue,SB,7,41.54,0.0
2021-11-29,12,Queens,218 PLACE,104 Avenue,Hollis Avenue,SB,14,41.54,0.0
2021-11-29,12,Queens,218 PLACE,104 Avenue,Hollis Avenue,SB,8,41.54,0.0
2021-11-29,12,Queens,218 PLACE,104 Avenue,Hollis Avenue,SB,2,41.54,0.0
2021-11-29,13,Queens,218 PLACE,104 Avenue,Hollis Avenue,SB,8,41.9,0.0
2021-11-29,13,Queens,218 PLACE,104 Avenue,Hollis Avenue,SB,6,41.9,0.0
2021-11-29,13,Queens,218 PLACE,104 Avenue,Hollis Avenue,SB,11,41.9,0.0
2021-11-29,13,Queens,218 PLACE,104 Avenue,Hollis Avenue,SB,13,41.9,0.0
2021-11-29,14,Queens,218 PLACE,104 Avenue,Hollis Avenue,SB,11,42.08,0.003937008
2021-11-29,14,Queens,218 PLACE,104 Avenue,Hollis Avenue,SB,7,42.08,0.003937008
2021-11-29,14,Queens,218 PLACE,104 Avenue,Hollis Avenue,SB,9,42.08,0.003937008
2021-11-29,14,Queens,218 PLACE,104 Avenue,Hollis Avenue,SB,7,42.08,0.003937008
2021-11-29,15,Queens,218 PLACE,104 Avenue,Hollis Avenue,SB,7,42.620003,0.0
2021-11-29,15,Queens,218 PLACE,104 Avenue,Hollis Avenue,SB,8,42.620003,0.0
2021-11-29,15,Queens,218 PLACE,104 Avenue,Hollis Avenue,SB,5,42.620003,0.0
2021-11-29,15,Queens,218 PLACE,104 Avenue,Hollis Avenue,SB,14,42.620003,0.0
2021-11-29,16,Queens,218 PLACE,104 Avenue,Hollis Avenue,SB,13,42.260002,0.0
2021-11-29,16,Queens,218 PLACE,104 Avenue,Hollis Avenue,SB,5,42.260002,0.0
2021-11-29,16,Queens,218 PLACE,104 Avenue,Hollis Avenue,SB,7,42.260002,0.0
2021-11-29,16,Queens,218 PLACE,104 Avenue,Hollis Avenue,SB,6,42.260002,0.0
2021-11-29,17,Queens,218 PLACE,104 Avenue,Hollis Avenue,SB,12,40.64,0.0
2021-11-29,17,Queens,218 PLACE,104 Avenue,Hollis Avenue,SB,13,40.64,0.0
2021-11-29,17,Queens,218 PLACE,104 Avenue,Hollis Avenue,SB,13,40.64,0.0
2021-11-29,17,Queens,218 PLACE,104 Avenue,Hollis Avenue,SB,20,40.64,0.0
2021-11-29,18,Queens,218 PLACE,104 Avenue,Hollis Avenue,SB,9,37.94,0.0
2021-11-29,18,Queens,218 PLACE,104 Avenue,Hollis Avenue,SB,12,37.94,0.0
2021-11-29,18,Queens,218 PLACE,104 Avenue,Hollis Avenue,SB,23,37.94,0.0
2021-11-29,18,Queens,218 PLACE,104 Avenue,Hollis Avenue,SB,14,37.94,0.0
2021-11-29,19,Queens,218 PLACE,104 Avenue,Hollis Avenue,SB,9,36.14,0.0
2021-11-29,19,Queens,218 PLACE,104 Avenue,Hollis Avenue,SB,11,36.14,0.0
2021-11-29,19,Queens,218 PLACE,104 Avenue,Hollis Avenue,SB,14,36.14,0.0
2021-11-29,19,Queens,218 PLACE,104 Avenue,Hollis Avenue,SB,5,36.14,0.0
2021-11-29,20,Queens,218 PLACE,104 Avenue,Hollis Avenue,SB,11,34.07,0.0
2021-11-29,20,Queens,218 PLACE,104 Avenue,Hollis Avenue,SB,7,34.07,0.0
2021-11-29,20,Queens,218 PLACE,104 Avenue,Hollis Avenue,SB,8,34.07,0.0
2021-11-29,20,Queens,218 PLACE,104 Avenue,Hollis Avenue,SB,7,34.07,0.0
2021-11-29,21,Queens,218 PLACE,104 Avenue,Hollis Avenue,SB,8,32.99,0.0
2021-11-29,21,Queens,218 PLACE,104 Avenue,Hollis Avenue,SB,6,32.99,0.0
2021-11-29,21,Queens,218 PLACE,104 Avenue,Hollis Avenue,SB,4,32.99,0.0
2021-11-29,21,Queens,218 PLACE,104 Avenue,Hollis Avenue,SB,2,32.99,0.0
2021-11-29,22,Queens,218 PLACE,104 Avenue,Hollis Avenue,SB,7,31.64,0.0
2021-11-29,22,Queens,218 PLACE,104 Avenue,Hollis Avenue,SB,7,31.64,0.0
2021-11-29,22,Queens,218 PLACE,104 Avenue,Hollis Avenue,SB,2,31.64,0.0
2021-11-29,22,Queens,218 PLACE,104 Avenue,Hollis Avenue,SB,3,31.64,0.0
2021-11-29,23,Queens,218 PLACE,104 Avenue,Hollis Avenue,SB,3,30.65,0.0
2021-11-29,23,Queens,218 PLACE,104 Avenue,Hollis Avenue,SB,3,30.65,0.0
2021-11-29,23,Queens,218 PLACE,104 Avenue,Hollis Avenue,SB,8,30.65,0.0
2021-11-29,23,Queens,218 PLACE,104 Avenue,Hollis Avenue,SB,8,30.65,0.0
2021-11-30,0,Queens,218 PLACE,104 Avenue,Hollis Avenue,SB,7,30.47,0.0
2021-11-30,0,Queens,218 PLACE,104 Avenue,Hollis Avenue,SB,8,30.47,0.0
2021-11-30,0,Queens,218 PLACE,104 Avenue,Hollis Avenue,SB,3,30.47,0.0
2021-11-30,0,Queens,218 PLACE,104 Avenue,Hollis Avenue,SB,6,30.47,0.0
2021-11-30,1,Queens,218 PLACE,104 Avenue,Hollis Avenue,SB,3,29.75,0.0
2021-11-30,1,Queens,218 PLACE,104 Avenue,Hollis Avenue,SB,5,29.75,0.0
2021-11-30,1,Queens,218 PLACE,104 Avenue,Hollis Avenue,SB,1,29.75,0.0
2021-11-30,1,Queens,218 PLACE,104 Avenue,Hollis Avenue,SB,1,29.75,0.0
2021-11-30,2,Queens,218 PLACE,104 Avenue,Hollis Avenue,SB,3,29.48,0.0
2021-11-30,2,Queens,218 PLACE,104 Avenue,Hollis Avenue,SB,0,29.48,0.0
2021-11-30,2,Queens,218 PLACE,104 Avenue,Hollis Avenue,SB,2,29.48,0.0
2021-11-30,2,Queens,218 PLACE,104 Avenue,Hollis Avenue,SB,0,29.48,0.0
2021-11-30,3,Queens,218 PLACE,104 Avenue,Hollis Avenue,SB,5,29.21,0.0
2021-11-30,3,Queens,218 PLACE,104 Avenue,Hollis Avenue,SB,0,29.21,0.0
2021-11-30,3,Queens,218 PLACE,104 Avenue,Hollis Avenue,SB,1,29.21,0.0
2021-11-30,3,Queens,218 PLACE,104 Avenue,Hollis Avenue,SB,0,29.21,0.0
2021-11-30,4,Queens,218 PLACE,104 Avenue,Hollis Avenue,SB,0,28.76,0.0
2021-11-30,4,Queens,218 PLACE,104 Avenue,Hollis Avenue,SB,0,28.76,0.0
2021-11-30,4,Queens,218 PLACE,104 Avenue,Hollis Avenue,SB,1,28.76,0.0
2021-11-30,4,Queens,218 PLACE,104 Avenue,Hollis Avenue,SB,1,28.76,0.0
2021-11-30,5,Queens,218 PLACE,104 Avenue,Hollis Avenue,SB,0,27.68,0.0
2021-11-30,5,Queens,218 PLACE,104 Avenue,Hollis Avenue,SB,1,27.68,0.0
2021-11-30,5,Queens,218 PLACE,104 Avenue,Hollis Avenue,SB,1,27.68,0.0
2021-11-30,5,Queens,218 PLACE,104 Avenue,Hollis Avenue,SB,0,27.68,0.0
2021-11-30,6,Queens,218 PLACE,104 Avenue,Hollis Avenue,SB,3,27.95,0.0
2021-11-30,6,Queens,218 PLACE,104 Avenue,Hollis Avenue,SB,0,27.95,0.0
2021-11-30,6,Queens,218 PLACE,104 Avenue,Hollis Avenue,SB,8,27.95,0.0
2021-11-30,6,Queens,218 PLACE,104 Avenue,Hollis Avenue,SB,0,27.95,0.0
2021-11-30,7,Queens,218 PLACE,104 Avenue,Hollis Avenue,SB,1,27.5,0.0
2021-11-30,7,Queens,218 PLACE,104 Avenue,Hollis Avenue,SB,8,27.5,0.0
2021-11-30,7,Queens,218 PLACE,104 Avenue,Hollis Avenue,SB,1,27.5,0.0
2021-11-30,7,Queens,218 PLACE,104 Avenue,Hollis Avenue,SB,4,27.5,0.0
2021-11-30,8,Queens,218 PLACE,104 Avenue,Hollis Avenue,SB,7,31.55,0.0
2021-11-30,8,Queens,218 PLACE,104 Avenue,Hollis Avenue,SB,7,31.55,0.0
2021-11-30,8,Queens,218 PLACE,104 Avenue,Hollis Avenue,SB,11,31.55,0.0
2021-11-30,8,Queens,218 PLACE,104 Avenue,Hollis Avenue,SB,12,31.55,0.0
2021-11-30,9,Queens,218 PLACE,104 Avenue,Hollis Avenue,SB,18,32.99,0.0
2021-11-30,9,Queens,218 PLACE,104 Avenue,Hollis Avenue,SB,11,32.99,0.0
2021-11-30,9,Queens,218 PLACE,104 Avenue,Hollis Avenue,SB,8,32.99,0.0
2021-11-30,9,Queens,218 PLACE,104 Avenue,Hollis Avenue,SB,12,32.99,0.0
2021-11-30,10,Queens,218 PLACE,104 Avenue,Hollis Avenue,SB,6,34.34,0.0
2021-11-30,10,Queens,218 PLACE,104 Avenue,Hollis Avenue,SB,6,34.34,0.0
2021-11-30,10,Queens,218 PLACE,104 Avenue,Hollis Avenue,SB,9,34.34,0.0
2021-11-30,10,Queens,218 PLACE,104 Avenue,Hollis Avenue,SB,5,34.34,0.0
2021-11-30,11,Queens,218 PLACE,104 Avenue,Hollis Avenue,SB,7,36.41,0.0
2021-11-30,11,Queens,218 PLACE,104 Avenue,Hollis Avenue,SB,6,36.41,0.0
2021-11-30,11,Queens,218 PLACE,104 Avenue,Hollis Avenue,SB,6,36.41,0.0
2021-11-30,11,Queens,218 PLACE,104 Avenue,Hollis Avenue,SB,7,36.41,0.0
2021-11-30,12,Queens,218 PLACE,104 Avenue,Hollis Avenue,SB,11,39.29,0.0
2021-11-30,12,Queens,218 PLACE,104 Avenue,Hollis Avenue,SB,4,39.29,0.0
2021-11-30,12,Queens,218 PLACE,104 Avenue,Hollis Avenue,SB,3,39.29,0.0
2021-11-30,12,Queens,218 PLACE,104 Avenue,Hollis Avenue,SB,8,39.29,0.0
2021-11-30,13,Queens,218 PLACE,104 Avenue,Hollis Avenue,SB,13,40.73,0.0
2021-11-30,13,Queens,218 PLACE,104 Avenue,Hollis Avenue,SB,12,40.73,0.0
2021-11-30,13,Queens,218 PLACE,104 Avenue,Hollis Avenue,SB,11,40.73,0.0
2021-11-30,13,Queens,218 PLACE,104 Avenue,Hollis Avenue,SB,8,40.73,0.0
2023-07-31,21,Brooklyn,HAMILTON AVENUE,Centre Street,Court Street,NB,163,75.56,0.007874016
2023-07-31,21,Brooklyn,HAMILTON AVENUE,Centre Street,Court Street,NB,193,75.56,0.007874016
2023-07-31,21,Brooklyn,HAMILTON AVENUE,Centre Street,Court Street,NB,165,75.56,0.007874016
2023-07-31,21,Brooklyn,HAMILTON AVENUE,Centre Street,Court Street,NB,151,75.56,0.007874016
2023-07-31,22,Brooklyn,HAMILTON AVENUE,Centre Street,Court Street,NB,127,75.11,0.0
2023-07-31,22,Brooklyn,HAMILTON AVENUE,Centre Street,Court Street,NB,158,75.11,0.0
2023-07-31,22,Brooklyn,HAMILTON AVENUE,Centre Street,Court Street,NB,129,75.11,0.0
2023-07-31,22,Brooklyn,HAMILTON AVENUE,Centre Street,Court Street,NB,107,75.11,0.0
2023-07-31,23,Brooklyn,HAMILTON AVENUE,Centre Street,Court Street,NB,106,70.97,0.0
2023-07-31,23,Brooklyn,HAMILTON AVENUE,Centre Street,Court Street,NB,114,70.97,0.0
2023-07-31,23,Brooklyn,HAMILTON AVENUE,Centre Street,Court Street,NB,101,70.97,0.0
2023-07-31,23,Brooklyn,HAMILTON AVENUE,Centre Street,Court Street,NB,96,70.97,0.0
2023-08-01,0,Brooklyn,HAMILTON AVENUE,Centre Street,Court Street,NB,69,68.09,0.0
2023-08-01,0,Brooklyn,HAMILTON AVENUE,Centre Street,Court Street,NB,65,68.09,0.0
2023-08-01,0,Brooklyn,HAMILTON AVENUE,Centre Street,Court Street,NB,40,68.09,0.0
2023-08-01,0,Brooklyn,HAMILTON AVENUE,Centre Street,Court Street,NB,46,68.09,0.0
2023-08-01,1,Brooklyn,HAMILTON AVENUE,Centre Street,Court Street,NB,42,67.369995,0.0
2023-08-01,1,Brooklyn,HAMILTON AVENUE,Centre Street,Court Street,NB,31,67.369995,0.0
2023-08-01,1,Brooklyn,HAMILTON AVENUE,Centre Street,Court Street,NB,40,67.369995,0.0
2023-08-01,1,Brooklyn,HAMILTON AVENUE,Centre Street,Court Street,NB,28,67.369995,0.0
2023-08-01,2,Brooklyn,HAMILTON AVENUE,Centre Street,Court Street,NB,20,66.65,0.0
2023-08-01,2,Brooklyn,HAMILTON AVENUE,Centre Street,Court Street,NB,27,66.65,0.0
2023-08-01,2,Brooklyn,HAMILTON AVENUE,Centre Street,Court Street,NB,34,66.65,0.0
2023-08-01,2,Brooklyn,HAMILTON AVENUE,Centre Street,Court Street,NB,30,66.65,0.0
2023-08-01,3,Brooklyn,HAMILTON AVENUE,Centre Street,Court Street,NB,22,66.02,0.0
2023-08-01,3,Brooklyn,HAMILTON AVENUE,Centre Street,Court Street,NB,24,66.02,0.0
2023-08-01,3,Brooklyn,HAMILTON AVENUE,Centre Street,Court Street,NB,39,66.02,0.0
2023-08-01,3,Brooklyn,HAMILTON AVENUE,Centre Street,Court Street,NB,32,66.02,0.0
2023-08-01,4,Brooklyn,HAMILTON AVENUE,Centre Street,Court Street,NB,39,64.4,0.0
2023-08-01,4,Brooklyn,HAMILTON AVENUE,Centre Street,Court Street,NB,50,64.4,0.0
2023-08-01,4,Brooklyn,HAMILTON AVENUE,Centre Street,Court Street,NB,56,64.4,0.0
2023-08-01,4,Brooklyn,HAMILTON AVENUE,Centre Street,Court Street,NB,49,64.4,0.0
2023-08-01,5,Brooklyn,HAMILTON AVENUE,Centre Street,Court Street,NB,77,63.32,0.0
2023-08-01,5,Brooklyn,HAMILTON AVENUE,Centre Street,Court Street,NB,146,63.32,0.0
2023-08-01,5,Brooklyn,HAMILTON AVENUE,Centre Street,Court Street,NB,244,63.32,0.0
2023-08-01,5,Brooklyn,HAMILTON AVENUE,Centre Street,Court Street,NB,268,63.32,0.0
2023-08-01,6,Brooklyn,HAMILTON AVENUE,Centre Street,Court Street,NB,366,62.510002,0.0
2023-08-01,6,Brooklyn,HAMILTON AVENUE,Centre Street,Court Street,NB,453,62.510002,0.0
2023-08-01,6,Brooklyn,HAMILTON AVENUE,Centre Street,Court Street,NB,376,62.510002,0.0
2023-08-01,6,Brooklyn,HAMILTON AVENUE,Centre Street,Court Street,NB,505,62.510002,0.0
2023-08-01,7,Brooklyn,HAMILTON AVENUE,Centre Street,Court Street,NB,517,63.769997,0.0
2023-08-01,7,Brooklyn,HAMILTON AVENUE,Centre Street,Court Street,NB,606,63.769997,0.0
2023-08-01,7,Brooklyn,HAMILTON AVENUE,Centre Street,Court Street,NB,701,63.769997,0.0
2023-08-01,7,Brooklyn,HAMILTON AVENUE,Centre Street,Court Street,NB,482,63.769997,0.0
2023-08-01,8,Brooklyn,HAMILTON AVENUE,Centre Street,Court Street,NB,569,67.64,0.0
2023-08-01,8,Brooklyn,HAMILTON AVENUE,Centre Street,Court Street,NB,740,67.64,0.0
2023-08-01,8,Brooklyn,HAMILTON AVENUE,Centre Street,Court Street,NB,464,67.64,0.0
2023-08-01,8,Brooklyn,HAMILTON AVENUE,Centre Street,Court Street,NB,504,67.64,0.0
2023-08-01,9,Brooklyn,HAMILTON AVENUE,Centre Street,Court Street,NB,432,70.880005,0.0
2023-08-01,9,Brooklyn,HAMILTON AVENUE,Centre Street,Court Street,NB,330,70.880005,0.0
2023-08-01,9,Brooklyn,HAMILTON AVENUE,Centre Street,Court Street,NB,266,70.880005,0.0
2023-08-01,9,Brooklyn,HAMILTON AVENUE,Centre Street,Court Street,NB,282,70.880005,0.0
2023-08-01,10,Brooklyn,HAMILTON AVENUE,Centre Street,Court Street,NB,326,73.67,0.0
2023-08-01,10,Brooklyn,HAMILTON AVENUE,Centre Street,Court Street,NB,265,73.67,0.0
2023-08-01,10,Brooklyn,HAMILTON AVENUE,Centre Street,Court Street,NB,474,73.67,0.0
2023-08-01,10,Brooklyn,HAMILTON AVENUE,Centre Street,Court Street,NB,395,73.67,0.0
2023-08-01,11,Brooklyn,HAMILTON AVENUE,Centre Street,Court Street,NB,334,75.56,0.0
2023-08-01,11,Brooklyn,HAMILTON AVENUE,Centre Street,Court Street,NB,364,75.56,0.0
2023-08-01,11,Brooklyn,HAMILTON AVENUE,Centre Street,Court Street,NB,440,75.56,0.0
2023-08-01,11,Brooklyn,HAMILTON AVENUE,Centre Street,Court Street,NB,413,75.56,0.0
2023-08-01,12,Brooklyn,HAMILTON AVENUE,Centre Street,Court Street,NB,377,76.64,0.0
2023-08-01,12,Brooklyn,HAMILTON AVENUE,Centre Street,Court Street,NB,447,76.64,0.0
2023-08-01,12,Brooklyn,HAMILTON AVENUE,Centre Street,Court Street,NB,410,76.64,0.0
2023-08-01,12,Brooklyn,HAMILTON AVENUE,Centre Street,Court Street,NB,383,76.64,0.0
2023-08-01,13,Brooklyn,HAMILTON AVENUE,Centre Street,Court Street,NB,385,77.27,0.0
2023-08-01,13,Brooklyn,HAMILTON AVENUE,Centre Street,Court Street,NB,409,77.27,0.0
2023-08-01,13,Brooklyn,HAMILTON AVENUE,Centre Street,Court Street,NB,364,77.27,0.0
2023-08-01,13,Brooklyn,HAMILTON AVENUE,Centre Street,Court Street,NB,524,77.27,0.0
2023-08-01,14,Brooklyn,HAMILTON AVENUE,Centre Street,Court Street,NB,455,78.26,0.0
2023-08-01,14,Brooklyn,HAMILTON AVENUE,Centre Street,Court Street,NB,471,78.26,0.0
2023-08-01,14,Brooklyn,HAMILTON AVENUE,Centre Street,Court Street,NB,380,78.26,0.0
2023-08-01,14,Brooklyn,HAMILTON AVENUE,Centre Street,Court Street,NB,575,78.26,0.0
2023-08-01,15,Brooklyn,HAMILTON AVENUE,Centre Street,Court Street,NB,396,78.89,0.0
2023-08-01,15,Brooklyn,HAMILTON AVENUE,Centre Street,Court Street,NB,409,78.89,0.0
2023-08-01,15,Brooklyn,HAMILTON AVENUE,Centre Street,Court Street,NB,451,78.89,0.0
2023-08-01,15,Brooklyn,HAMILTON AVENUE,Centre Street,Court Street,NB,426,78.89,0.0
2023-08-01,16,Brooklyn,HAMILTON AVENUE,Centre Street,Court Street,NB,398,80.15,0.0
2023-08-01,16,Brooklyn,HAMILTON AVENUE,Centre Street,Court Street,NB,441,80.15,0.0
2023-08-01,16,Brooklyn,HAMILTON AVENUE,Centre Street,Court Street,NB,398,80.15,0.0
2023-08-01,16,Brooklyn,HAMILTON AVENUE,Centre Street,Court Street,NB,347,80.15,0.0
2023-08-01,17,Brooklyn,HAMILTON AVENUE,Centre Street,Court Street,NB,352,80.69,0.0
2023-08-01,17,Brooklyn,HAMILTON AVENUE,Centre Street,Court Street,NB,313,80.69,0.0
2023-08-01,17,Brooklyn,HAMILTON AVENUE,Centre Street,Court Street,NB,436,80.69,0.0
2023-08-01,17,Brooklyn,HAMILTON AVENUE,Centre Street,Court Street,NB,402,80.69,0.0
2023-08-01,18,Brooklyn,HAMILTON AVENUE,Centre Street,Court Street,NB,416,80.06,0.0
2023-08-01,18,Brooklyn,HAMILTON AVENUE,Centre Street,Court Street,NB,416,80.06,0.0
2023-08-01,18,Brooklyn,HAMILTON AVENUE,Centre Street,Court Street,NB,389,80.06,0.0
2023-08-01,18,Brooklyn,HAMILTON AVENUE,Centre Street,Court Street,NB,378,80.06,0.0
2023-08-01,19,Brooklyn,HAMILTON AVENUE,Centre Street,Court Street,NB,427,77.72,0.0
2023-08-01,19,Brooklyn,HAMILTON AVENUE,Centre Street,Court Street,NB,378,77.72,0.0
2023-08-01,19,Brooklyn,HAMILTON AVENUE,Centre Street,Court Street,NB,321,77.72,0.0
2023-08-01,19,Brooklyn,HAMILTON AVENUE,Centre Street,Court Street,NB,179,77.72,0.0
2023-08-01,20,Brooklyn,HAMILTON AVENUE,Centre Street,Court Street,NB,173,72.68,0.0
2023-08-01,20,Brooklyn,HAMILTON AVENUE,Centre Street,Court Street,NB,177,72.68,0.0
2023-08-01,20,Brooklyn,HAMILTON AVENUE,Centre Street,Court Street,NB,148,72.68,0.0
2023-08-01,20,Brooklyn,HAMILTON AVENUE,Centre Street,Court Street,NB,190,72.68,0.0
2023-08-01,21,Brooklyn,HAMILTON AVENUE,Centre Street,Court Street,NB,176,69.53,0.0
2023-08-01,21,Brooklyn,HAMILTON AVENUE,Centre Street,Court Street,NB,175,69.53,0.0
2023-08-01,21,Brooklyn,HAMILTON AVENUE,Centre Street,Court Street,NB,174,69.53,0.0
2023-08-01,21,Brooklyn,HAMILTON AVENUE,Centre Street,Court Street,NB,154,69.53,0.0
2023-08-01,22,Brooklyn,HAMILTON AVENUE,Centre Street,Court Street,NB,149,67.46,0.0
2023-08-01,22,Brooklyn,HAMILTON AVENUE,Centre Street,Court Street,NB,140,67.46,0.0
2023-08-01,22,Brooklyn,HAMILTON AVENUE,Centre Street,Court Street,NB,115,67.46,0.0
2023-08-01,22,Brooklyn,HAMILTON AVENUE,Centre Street,Court Street,NB,120,67.46,0.0
2023-08-01,23,Brooklyn,HAMILTON AVENUE,Centre Street,Court Street,NB,103,67.1,0.0
2022-02-17,8,Manhattan,7 AVENUE,Broadway/ 7 Avenue Line,Broadway/ 7 Avenue Line,SB,268,49.73,0.0
2022-02-17,9,Manhattan,7 AVENUE,Broadway/ 7 Avenue Line,Broadway/ 7 Avenue Line,SB,258,51.98,0.0
2022-02-17,9,Manhattan,7 AVENUE,Broadway/ 7 Avenue Line,Broadway/ 7 Avenue Line,SB,274,51.98,0.0
2022-02-17,9,Manhattan,7 AVENUE,Broadway/ 7 Avenue Line,Broadway/ 7 Avenue Line,SB,309,51.98,0.0
2022-02-17,9,Manhattan,7 AVENUE,Broadway/ 7 Avenue Line,Broadway/ 7 Avenue Line,SB,276,51.98,0.0
2022-02-17,10,Manhattan,7 AVENUE,Broadway/ 7 Avenue Line,Broadway/ 7 Avenue Line,SB,281,54.86,0.0
2022-02-17,10,Manhattan,7 AVENUE,Broadway/ 7 Avenue Line,Broadway/ 7 Avenue Line,SB,245,54.86,0.0
2022-02-17,10,Manhattan,7 AVENUE,Broadway/ 7 Avenue Line,Broadway/ 7 Avenue Line,SB,244,54.86,0.0
2022-02-17,10,Manhattan,7 AVENUE,Broadway/ 7 Avenue Line,Broadway/ 7 Avenue Line,SB,248,54.86,0.0
2022-02-17,11,Manhattan,7 AVENUE,Broadway/ 7 Avenue Line,Broadway/ 7 Avenue Line,SB,204,58.010002,0.0
2022-02-17,11,Manhattan,7 AVENUE,Broadway/ 7 Avenue Line,Broadway/ 7 Avenue Line,SB,239,58.010002,0.0
2022-02-17,11,Manhattan,7 AVENUE,Broadway/ 7 Avenue Line,Broadway/ 7 Avenue Line,SB,215,58.010002,0.0
2022-02-17,11,Manhattan,7 AVENUE,Broadway/ 7 Avenue Line,Broadway/ 7 Avenue Line,SB,200,58.010002,0.0
2022-02-17,12,Manhattan,7 AVENUE,Broadway/ 7 Avenue Line,Broadway/ 7 Avenue Line,SB,225,59.9,0.0
2022-02-17,12,Manhattan,7 AVENUE,Broadway/ 7 Avenue Line,Broadway/ 7 Avenue Line,SB,198,59.9,0.0
2022-02-17,12,Manhattan,7 AVENUE,Broadway/ 7 Avenue Line,Broadway/ 7 Avenue Line,SB,209,59.9,0.0
2022-02-17,12,Manhattan,7 AVENUE,Broadway/ 7 Avenue Line,Broadway/ 7 Avenue Line,SB,234,59.9,0.0
2022-02-17,13,Manhattan,7 AVENUE,Broadway/ 7 Avenue Line,Broadway/ 7 Avenue Line,SB,253,60.44,0.0
2022-02-17,13,Manhattan,7 AVENUE,Broadway/ 7 Avenue Line,Broadway/ 7 Avenue Line,SB,258,60.44,0.0
2022-02-17,13,Manhattan,7 AVENUE,Broadway/ 7 Avenue Line,Broadway/ 7 Avenue Line,SB,220,60.44,0.0
2022-02-17,13,Manhattan,7 AVENUE,Broadway/ 7 Avenue Line,Broadway/ 7 Avenue Line,SB,234,60.44,0.0
2022-02-17,14,Manhattan,7 AVENUE,Broadway/ 7 Avenue Line,Broadway/ 7 Avenue Line,SB,228,59.09,0.0
2022-02-17,14,Manhattan,7 AVENUE,Broadway/ 7 Avenue Line,Broadway/ 7 Avenue Line,SB,221,59.09,0.0
2022-02-17,14,Manhattan,7 AVENUE,Broadway/ 7 Avenue Line,Broadway/ 7 Avenue Line,SB,258,59.09,0.0
2022-02-17,14,Manhattan,7 AVENUE,Broadway/ 7 Avenue Line,Broadway/ 7 Avenue Line,SB,248,59.09,0.0
2022-02-17,15,Manhattan,7 AVENUE,Broadway/ 7 Avenue Line,Broadway/ 7 Avenue Line,SB,269,54.41,0.0
2022-02-17,15,Manhattan,7 AVENUE,Broadway/ 7 Avenue Line,Broadway/ 7 Avenue Line,SB,230,54.41,0.0
2022-02-17,15,Manhattan,7 AVENUE,Broadway/ 7 Avenue Line,Broadway/ 7 Avenue Line,SB,247,54.41,0.0
2022-02-17,15,Manhattan,7 AVENUE,Broadway/ 7 Avenue Line,Broadway/ 7 Avenue Line,SB,223,54.41,0.0
2022-02-17,16,Manhattan,7 AVENUE,Broadway/ 7 Avenue Line,Broadway/ 7 Avenue Line,SB,238,54.5,0.0
2022-02-17,16,Manhattan,7 AVENUE,Broadway/ 7 Avenue Line,Broadway/ 7 Avenue Line,SB,270,54.5,0.0
2022-02-17,16,Manhattan,7 AVENUE,Broadway/ 7 Avenue Line,Broadway/ 7 Avenue Line,SB,257,54.5,0.0
2022-02-17,16,Manhattan,7 AVENUE,Broadway/ 7 Avenue Line,Broadway/ 7 Avenue Line,SB,277,54.5,0.0
2022-02-17,17,Manhattan,7 AVENUE,Broadway/ 7 Avenue Line,Broadway/ 7 Avenue Line,SB,273,52.25,0.0
2022-02-17,17,Manhattan,7 AVENUE,Broadway/ 7 Avenue Line,Broadway/ 7 Avenue Line,SB,254,52.25,0.0
2022-02-17,17,Manhattan,7 AVENUE,Broadway/ 7 Avenue Line,Broadway/ 7 Avenue Line,SB,288,52.25,0.0
2022-02-17,17,Manhattan,7 AVENUE,Broadway/ 7 Avenue Line,Broadway/ 7 Avenue Line,SB,296,52.25,0.0
2022-02-17,18,Manhattan,7 AVENUE,Broadway/ 7 Avenue Line,Broadway/ 7 Avenue Line,SB,284,53.24,0.0
2022-02-17,18,Manhattan,7 AVENUE,Broadway/ 7 Avenue Line,Broadway/ 7 Avenue Line,SB,284,53.24,0.0
2022-02-17,18,Manhattan,7 AVENUE,Broadway/ 7 Avenue Line,Broadway/ 7 Avenue Line,SB,255,53.24,0.0
2022-02-17,18,Manhattan,7 AVENUE,Broadway/ 7 Avenue Line,Broadway/ 7 Avenue Line,SB,262,53.24,0.0
2022-02-17,19,Manhattan,7 AVENUE,Broadway/ 7 Avenue Line,Broadway/ 7 Avenue Line,SB,266,53.33,0.0
2022-02-17,19,Manhattan,7 AVENUE,Broadway/ 7 Avenue Line,Broadway/ 7 Avenue Line,SB,274,53.33,0.0
2022-02-17,19,Manhattan,7 AVENUE,Broadway/ 7 Avenue Line,Broadway/ 7 Avenue Line,SB,258,53.33,0.0
2022-02-17,19,Manhattan,7 AVENUE,Broadway/ 7 Avenue Line,Broadway/ 7 Avenue Line,SB,245,53.33,0.0
2022-02-17,20,Manhattan,7 AVENUE,Broadway/ 7 Avenue Line,Broadway/ 7 Avenue Line,SB,258,52.7,0.0
2022-02-17,20,Manhattan,7 AVENUE,Broadway/ 7 Avenue Line,Broadway/ 7 Avenue Line,SB,218,52.7,0.0
2022-02-17,20,Manhattan,7 AVENUE,Broadway/ 7 Avenue Line,Broadway/ 7 Avenue Line,SB,245,52.7,0.0
2022-02-17,20,Manhattan,7 AVENUE,Broadway/ 7 Avenue Line,Broadway/ 7 Avenue Line,SB,233,52.7,0.0
2022-02-17,21,Manhattan,7 AVENUE,Broadway/ 7 Avenue Line,Broadway/ 7 Avenue Line,SB,230,53.690002,0.0
2022-02-17,21,Manhattan,7 AVENUE,Broadway/ 7 Avenue Line,Broadway/ 7 Avenue Line,SB,222,53.690002,0.0
2022-02-17,21,Manhattan,7 AVENUE,Broadway/ 7 Avenue Line,Broadway/ 7 Avenue Line,SB,245,53.690002,0.0
2022-02-17,21,Manhattan,7 AVENUE,Broadway/ 7 Avenue Line,Broadway/ 7 Avenue Line,SB,214,53.690002,0.0
2022-02-17,22,Manhattan,7 AVENUE,Broadway/ 7 Avenue Line,Broadway/ 7 Avenue Line,SB,218,53.78,0.0
2022-02-17,22,Manhattan,7 AVENUE,Broadway/ 7 Avenue Line,Broadway/ 7 Avenue Line,SB,230,53.78,0.0
2022-02-17,22,Manhattan,7 AVENUE,Broadway/ 7 Avenue Line,Broadway/ 7 Avenue Line,SB,227,53.78,0.0
2022-02-17,22,Manhattan,7 AVENUE,Broadway/ 7 Avenue Line,Broadway/ 7 Avenue Line,SB,217,53.78,0.0
2022-02-17,23,Manhattan,7 AVENUE,Broadway/ 7 Avenue Line,Broadway/ 7 Avenue Line,SB,228,53.690002,0.047244098
2022-02-17,23,Manhattan,7 AVENUE,Broadway/ 7 Avenue Line,Broadway/ 7 Avenue Line,SB,287,53.690002,0.047244098
2022-02-17,23,Manhattan,7 AVENUE,Broadway/ 7 Avenue Line,Broadway/ 7 Avenue Line,SB,226,53.690002,0.047244098
2022-02-17,23,Manhattan,7 AVENUE,Broadway/ 7 Avenue Line,Broadway/ 7 Avenue Line,SB,235,53.690002,0.047244098
2022-02-18,0,Manhattan,7 AVENUE,Broadway/ 7 Avenue Line,Broadway/ 7 Avenue Line,SB,258,53.15,0.12992126
2022-02-18,0,Manhattan,7 AVENUE,Broadway/ 7 Avenue Line,Broadway/ 7 Avenue Line,SB,220,53.15,0.12992126
2022-02-18,0,Manhattan,7 AVENUE,Broadway/ 7 Avenue Line,Broadway/ 7 Avenue Line,SB,201,53.15,0.12992126
2022-02-18,0,Manhattan,7 AVENUE,Broadway/ 7 Avenue Line,Broadway/ 7 Avenue Line,SB,158,53.15,0.12992126
2022-02-18,1,Manhattan,7 AVENUE,Broadway/ 7 Avenue Line,Broadway/ 7 Avenue Line,SB,181,52.97,0.094488196
2022-02-18,1,Manhattan,7 AVENUE,Broadway/ 7 Avenue Line,Broadway/ 7 Avenue Line,SB,125,52.97,0.094488196
2022-02-18,1,Manhattan,7 AVENUE,Broadway/ 7 Avenue Line,Broadway/ 7 Avenue Line,SB,133,52.97,0.094488196
2022-02-18,1,Manhattan,7 AVENUE,Broadway/ 7 Avenue Line,Broadway/ 7 Avenue Line,SB,155,52.97,0.094488196
2022-02-18,2,Manhattan,7 AVENUE,Broadway/ 7 Avenue Line,Broadway/ 7 Avenue Line,SB,119,53.51,0.122047246
2022-02-18,2,Manhattan,7 AVENUE,Broadway/ 7 Avenue Line,Broadway/ 7 Avenue Line,SB,120,53.51,0.122047246
2022-02-18,2,Manhattan,7 AVENUE,Broadway/ 7 Avenue Line,Broadway/ 7 Avenue Line,SB,119,53.51,0.122047246
2022-02-18,2,Manhattan,7 AVENUE,Broadway/ 7 Avenue Line,Broadway/ 7 Avenue Line,SB,99,53.51,0.122047246
2022-02-18,3,Manhattan,7 AVENUE,Broadway/ 7 Avenue Line,Broadway/ 7 Avenue Line,SB,107,53.96,0.094488196
2022-02-18,3,Manhattan,7 AVENUE,Broadway/ 7 Avenue Line,Broadway/ 7 Avenue Line,SB,88,53.96,0.094488196
2022-02-18,3,Manhattan,7 AVENUE,Broadway/ 7 Avenue Line,Broadway/ 7 Avenue Line,SB,95,53.96,0.094488196
2022-02-18,3,Manhattan,7 AVENUE,Broadway/ 7 Avenue Line,Broadway/ 7 Avenue Line,SB,96,53.96,0.094488196
2022-02-18,4,Manhattan,7 AVENUE,Broadway/ 7 Avenue Line,Broadway/ 7 Avenue Line,SB,78,55.67,0.031496063
2022-02-18,4,Manhattan,7 AVENUE,Broadway/ 7 Avenue Line,Broadway/ 7 Avenue Line,SB,81,55.67,0.031496063
2022-02-18,4,Manhattan,7 AVENUE,Broadway/ 7 Avenue Line,Broadway/ 7 Avenue Line,SB,63,55.67,0.031496063
2022-02-18,4,Manhattan,7 AVENUE,Broadway/ 7 Avenue Line,Broadway/ 7 Avenue Line,SB,50,55.67,0.031496063
2022-02-18,5,Manhattan,7 AVENUE,Broadway/ 7 Avenue Line,Broadway/ 7 Avenue Line,SB,70,56.57,0.003937008
2022-02-18,5,Manhattan,7 AVENUE,Broadway/ 7 Avenue Line,Broadway/ 7 Avenue Line,SB,59,56.57,0.003937008
2022-02-18,5,Manhattan,7 AVENUE,Broadway/ 7 Avenue Line,Broadway/ 7 Avenue Line,SB,88,56.57,0.003937008
2022-02-18,5,Manhattan,7 AVENUE,Broadway/ 7 Avenue Line,Broadway/ 7 Avenue Line,SB,72,56.57,0.003937008
2022-02-18,6,Manhattan,7 AVENUE,Broadway/ 7 Avenue Line,Broadway/ 7 Avenue Line,SB,96,58.91,0.0
2022-02-18,6,Manhattan,7 AVENUE,Broadway/ 7 Avenue Line,Broadway/ 7 Avenue Line,SB,103,58.91,0.0
2022-02-18,6,Manhattan,7 AVENUE,Broadway/ 7 Avenue Line,Broadway/ 7 Avenue Line,SB,133,58.91,0.0
2022-02-18,6,Manhattan,7 AVENUE,Broadway/ 7 Avenue Line,Broadway/ 7 Avenue Line,SB,167,58.91,0.0
2022-02-18,7,Manhattan,7 AVENUE,Broadway/ 7 Avenue Line,Broadway/ 7 Avenue Line,SB,155,60.17,0.007874016
2022-02-18,7,Manhattan,7 AVENUE,Broadway/ 7 Avenue Line,Broadway/ 7 Avenue Line,SB,178,60.17,0.007874016
2022-02-18,7,Manhattan,7 AVENUE,Broadway/ 7 Avenue Line,Broadway/ 7 Avenue Line,SB,199,60.17,0.007874016
2022-02-18,7,Manhattan,7 AVENUE,Broadway/ 7 Avenue Line,Broadway/ 7 Avenue Line,SB,198,60.17,0.007874016
2022-02-18,8,Manhattan,7 AVENUE,Broadway/ 7 Avenue Line,Broadway/ 7 Avenue Line,SB,205,59.45,0.003937008
2022-02-18,8,Manhattan,7 AVENUE,Broadway/ 7 Avenue Line,Broadway/ 7 Avenue Line,SB,211,59.45,0.003937008
2022-02-18,8,Manhattan,7 AVENUE,Broadway/ 7 Avenue Line,Broadway/ 7 Avenue Line,SB,188,59.45,0.003937008
2022-02-18,8,Manhattan,7 AVENUE,Broadway/ 7 Avenue Line,Broadway/ 7 Avenue Line,SB,183,59.45,0.003937008
2022-02-18,9,Manhattan,7 AVENUE,Broadway/ 7 Avenue Line,Broadway/ 7 Avenue Line,SB,246,55.49,0.003937008
2022-02-18,9,Manhattan,7 AVENUE,Broadway/ 7 Avenue Line,Broadway/ 7 Avenue Line,SB,227,55.49,0.003937008
2022-02-18,9,Manhattan,7 AVENUE,Broadway/ 7 Avenue Line,Broadway/ 7 Avenue Line,SB,256,55.49,0.003937008
2022-02-18,9,Manhattan,7 AVENUE,Broadway/ 7 Avenue Line,Broadway/ 7 Avenue Line,SB,245,55.49,0.003937008
2022-02-18,10,Manhattan,7 AVENUE,Broadway/ 7 Avenue Line,Broadway/ 7 Avenue Line,SB,240,44.239998,0.0
2022-02-18,10,Manhattan,7 AVENUE,Broadway/ 7 Avenue Line,Broadway/ 7 Avenue Line,SB,240,44.239998,0.0
2022-02-18,10,Manhattan,7 AVENUE,Broadway/ 7 Avenue Line,Broadway/ 7 Avenue Line,SB,227,44.239998,0.0
2022-02-18,10,Manhattan,7 AVENUE,Broadway/ 7 Avenue Line,Broadway/ 7 Avenue Line,SB,244,44.239998,0.0
2021-09-30,14,Bronx,MARCONI STREET,Dead end,Waters Place,SB,150,66.02,0.0
2021-09-30,14,Bronx,MARCONI STREET,Dead end,Waters Place,SB,160,66.02,0.0
2021-09-30,14,Bronx,MARCONI STREET,Dead end,Waters Place,SB,160,66.02,0.0
2021-09-30,14,Bronx,MARCONI STREET,Dead end,Waters Place,SB,129,66.02,0.0
2021-09-30,15,Bronx,MARCONI STREET,Dead end,Waters Place,SB,151,64.58,0.0
2021-09-30,15,Bronx,MARCONI STREET,Dead end,Waters Place,SB,153,64.58,0.0
2021-09-30,15,Bronx,MARCONI STREET,Dead end,Waters Place,SB,145,64.58,0.0
2021-09-30,15,Bronx,MARCONI STREET,Dead end,Waters Place,SB,120,64.58,0.0
2021-09-30,16,Bronx,MARCONI STREET,Dead end,Waters Place,SB,161,64.58,0.0
2021-09-30,16,Bronx,MARCONI STREET,Dead end,Waters Place,SB,147,64.58,0.0
2021-09-30,16,Bronx,MARCONI STREET,Dead end,Waters Place,SB,190,64.58,0.0
2021-09-30,16,Bronx,MARCONI STREET,Dead end,Waters Place,SB,155,64.58,0.0
2021-09-30,17,Bronx,MARCONI STREET,Dead end,Waters Place,SB,173,64.31,0.0
2021-09-30,17,Bronx,MARCONI STREET,Dead end,Waters Place,SB,182,64.31,0.0
2021-09-30,17,Bronx,MARCONI STREET,Dead end,Waters Place,SB,144,64.31,0.0
2021-09-30,17,Bronx,MARCONI STREET,Dead end,Waters Place,SB,109,64.31,0.0
2021-09-30,18,Bronx,MARCONI STREET,Dead end,Waters Place,SB,120,62.69,0.0
2021-09-30,18,Bronx,MARCONI STREET,Dead end,Waters Place,SB,86,62.69,0.0
2021-09-30,18,Bronx,MARCONI STREET,Dead end,Waters Place,SB,87,62.69,0.0
2021-09-30,18,Bronx,MARCONI STREET,Dead end,Waters Place,SB,68,62.69,0.0
2021-09-30,19,Bronx,MARCONI STREET,Dead end,Waters Place,SB,104,60.530003,0.0
2021-09-30,19,Bronx,MARCONI STREET,Dead end,Waters Place,SB,82,60.530003,0.0
2021-09-30,19,Bronx,MARCONI STREET,Dead end,Waters Place,SB,59,60.530003,0.0
2021-09-30,19,Bronx,MARCONI STREET,Dead end,Waters Place,SB,69,60.530003,0.0
2021-09-30,20,Bronx,MARCONI STREET,Dead end,Waters Place,SB,72,59.45,0.0
2021-09-30,20,Bronx,MARCONI STREET,Dead end,Waters Place,SB,64,59.45,0.0
2021-09-30,20,Bronx,MARCONI STREET,Dead end,Waters Place,SB,57,59.45,0.0
2021-09-30,20,Bronx,MARCONI STREET,Dead end,Waters Place,SB,35,59.45,0.0
2021-09-30,21,Bronx,MARCONI STREET,Dead end,Waters Place,SB,44,58.280003,0.0
2021-09-30,21,Bronx,MARCONI STREET,Dead end,Waters Place,SB,28,58.280003,0.0
2021-09-30,21,Bronx,MARCONI STREET,Dead end,Waters Place,SB,35,58.280003,0.0
2021-09-30,21,Bronx,MARCONI STREET,Dead end,Waters Place,SB,27,58.280003,0.0
2021-09-30,22,Bronx,MARCONI STREET,Dead end,Waters Place,SB,31,57.11,0.0
2021-09-30,22,Bronx,MARCONI STREET,Dead end,Waters Place,SB,15,57.11,0.0
2021-09-30,22,Bronx,MARCONI STREET,Dead end,Waters Place,SB,28,57.11,0.0
2021-09-30,22,Bronx,MARCONI STREET,Dead end,Waters Place,SB,22,57.11,0.0
2021-09-30,23,Bronx,MARCONI STREET,Dead end,Waters Place,SB,56,56.48,0.0
2021-09-30,23,Bronx,MARCONI STREET,Dead end,Waters Place,SB,33,56.48,0.0
2021-09-30,23,Bronx,MARCONI STREET,Dead end,Waters Place,SB,31,56.48,0.0
2021-09-30,23,Bronx,MARCONI STREET,Dead end,Waters Place,SB,6,56.48,0.0
2021-10-01,0,Bronx,MARCONI STREET,Dead end,Waters Place,SB,11,55.13,0.0
2021-10-01,0,Bronx,MARCONI STREET,Dead end,Waters Place,SB,3,55.13,0.0
2021-10-01,0,Bronx,MARCONI STREET,Dead end,Waters Place,SB,6,55.13,0.0
2021-10-01,0,Bronx,MARCONI STREET,Dead end,Waters Place,SB,12,55.13,0.0
2021-10-01,1,Bronx,MARCONI STREET,Dead end,Waters Place,SB,10,53.690002,0.0
2021-10-01,1,Bronx,MARCONI STREET,Dead end,Waters Place,SB,1,53.690002,0.0
2021-10-01,1,Bronx,MARCONI STREET,Dead end,Waters Place,SB,4,53.690002,0.0
2021-10-01,1,Bronx,MARCONI STREET,Dead end,Waters Place,SB,6,53.690002,0.0
2021-10-01,2,Bronx,MARCONI STREET,Dead end,Waters Place,SB,1,52.25,0.0
2021-10-01,2,Bronx,MARCONI STREET,Dead end,Waters Place,SB,2,52.25,0.0
2021-10-01,2,Bronx,MARCONI STREET,Dead end,Waters Place,SB,2,52.25,0.0
2021-10-01,2,Bronx,MARCONI STREET,Dead end,Waters Place,SB,2,52.25,0.0
2021-10-01,3,Bronx,MARCONI STREET,Dead end,Waters Place,SB,1,51.17,0.0
2021-10-01,3,Bronx,MARCONI STREET,Dead end,Waters Place,SB,0,51.17,0.0
2021-10-01,3,Bronx,MARCONI STREET,Dead end,Waters Place,SB,3,51.17,0.0
2021-10-01,3,Bronx,MARCONI STREET,Dead end,Waters Place,SB,1,51.17,0.0
2021-10-01,4,Bronx,MARCONI STREET,Dead end,Waters Place,SB,4,50.45,0.0
2021-10-01,4,Bronx,MARCONI STREET,Dead end,Waters Place,SB,2,50.45,0.0
2021-10-01,4,Bronx,MARCONI STREET,Dead end,Waters Place,SB,6,50.45,0.0
2021-10-01,4,Bronx,MARCONI STREET,Dead end,Waters Place,SB,5,50.45,0.0
2021-10-01,5,Bronx,MARCONI STREET,Dead end,Waters Place,SB,6,50.0,0.0
2021-10-01,5,Bronx,MARCONI STREET,Dead end,Waters Place,SB,5,50.0,0.0
2021-10-01,5,Bronx,MARCONI STREET,Dead end,Waters Place,SB,13,50.0,0.0
2021-10-01,5,Bronx,MARCONI STREET,Dead end,Waters Place,SB,9,50.0,0.0
2021-10-01,6,Bronx,MARCONI STREET,Dead end,Waters Place,SB,26,49.55,0.0
2021-10-01,6,Bronx,MARCONI STREET,Dead end,Waters Place,SB,31,49.55,0.0
2021-10-01,6,Bronx,MARCONI STREET,Dead end,Waters Place,SB,46,49.55,0.0
2021-10-01,6,Bronx,MARCONI STREET,Dead end,Waters Place,SB,43,49.55,0.0
2021-10-01,7,Bronx,MARCONI STREET,Dead end,Waters Place,SB,70,49.190002,0.0
2021-10-01,7,Bronx,MARCONI STREET,Dead end,Waters Place,SB,58,49.190002,0.0
2021-10-01,7,Bronx,MARCONI STREET,Dead end,Waters Place,SB,53,49.190002,0.0
2021-10-01,7,Bronx,MARCONI STREET,Dead end,Waters Place,SB,62,49.190002,0.0
2021-10-01,8,Bronx,MARCONI STREET,Dead end,Waters Place,SB,62,52.16,0.0
2021-10-01,8,Bronx,MARCONI STREET,Dead end,Waters Place,SB,68,52.16,0.0
2021-10-01,8,Bronx,MARCONI STREET,Dead end,Waters Place,SB,79,52.16,0.0
2021-10-01,8,Bronx,MARCONI STREET,Dead end,Waters Place,SB,106,52.16,0.0
2021-10-01,9,Bronx,MARCONI STREET,Dead end,Waters Place,SB,111,55.04,0.0
2021-10-01,9,Bronx,MARCONI STREET,Dead end,Waters Place,SB,111,55.04,0.0
2021-10-01,9,Bronx,MARCONI STREET,Dead end,Waters Place,SB,110,55.04,0.0
2021-10-01,9,Bronx,MARCONI STREET,Dead end,Waters Place,SB,107,55.04,0.0
2021-10-01,10,Bronx,MARCONI STREET,Dead end,Waters Place,SB,137,58.46,0.0
2021-10-01,10,Bronx,MARCONI STREET,Dead end,Waters Place,SB,122,58.46,0.0
2021-10-01,10,Bronx,MARCONI STREET,Dead end,Waters Place,SB,145,58.46,0.0
2021-10-01,10,Bronx,MARCONI STREET,Dead end,Waters Place,SB,130,58.46,0.0
2021-10-01,11,Bronx,MARCONI STREET,Dead end,Waters Place,SB,136,61.16,0.0
2021-10-01,11,Bronx,MARCONI STREET,Dead end,Waters Place,SB,130,61.16,0.0
2021-10-01,11,Bronx,MARCONI STREET,Dead end,Waters Place,SB,129,61.16,0.0
2021-10-01,11,Bronx,MARCONI STREET,Dead end,Waters Place,SB,134,61.16,0.0
2021-10-01,12,Bronx,MARCONI STREET,Dead end,Waters Place,SB,132,63.14,0.0
2021-10-01,12,Bronx,MARCONI STREET,Dead end,Waters Place,SB,136,63.14,0.0
2021-10-01,12,Bronx,MARCONI STREET,Dead end,Waters Place,SB,122,63.14,0.0
2021-10-01,12,Bronx,MARCONI STREET,Dead end,Waters Place,SB,132,63.14,0.0
2021-10-01,13,Bronx,MARCONI STREET,Dead end,Waters Place,SB,134,64.67,0.0
2021-10-01,13,Bronx,MARCONI STREET,Dead end,Waters Place,SB,117,64.67,0.0
2021-10-01,13,Bronx,MARCONI STREET,Dead end,Waters Place,SB,119,64.67,0.0
2021-10-01,13,Bronx,MARCONI STREET,Dead end,Waters Place,SB,119,64.67,0.0
2021-10-01,14,Bronx,MARCONI STREET,Dead end,Waters Place,SB,112,66.02,0.0
2021-10-01,14,Bronx,MARCONI STREET,Dead end,Waters Place,SB,103,66.02,0.0
2021-10-01,14,Bronx,MARCONI STREET,Dead end,Waters Place,SB,124,66.02,0.0
2021-10-01,14,Bronx,MARCONI STREET,Dead end,Waters Place,SB,111,66.02,0.0
2021-10-01,15,Bronx,MARCONI STREET,Dead end,Waters Place,SB,180,67.1,0.0
2021-10-01,15,Bronx,MARCONI STREET,Dead end,Waters Place,SB,112,67.1,0.0
2021-10-01,15,Bronx,MARCONI STREET,Dead end,Waters Place,SB,123,67.1,0.0
2021-10-01,15,Bronx,MARCONI STREET,Dead end,Waters Place,SB,102,67.1,0.0
2021-10-01,16,Bronx,MARCONI STREET,Dead end,Waters Place,SB,144,67.46,0.0
2021-10-12,9,Queens,44 AVENUE,Alley,23 Street,EB,22,62.87,0.0
2021-10-12,9,Queens,44 AVENUE,Alley,23 Street,EB,23,62.87,0.0
2021-10-12,9,Queens,44 AVENUE,Alley,23 Street,EB,19,62.87,0.0
2021-10-12,9,Queens,44 AVENUE,Alley,23 Street,EB,8,62.87,0.0
2021-10-12,10,Queens,44 AVENUE,Alley,23 Street,EB,24,65.39,0.0
2021-10-12,10,Queens,44 AVENUE,Alley,23 Street,EB,22,65.39,0.0
2021-10-12,10,Queens,44 AVENUE,Alley,23 Street,EB,21,65.39,0.0
2021-10-12,10,Queens,44 AVENUE,Alley,23 Street,EB,16,65.39,0.0
2023-03-26,0,Bronx,VALENTINE AVENUE,East 178 Street,East Burnside Avenue,NB,68,39.920002,0.0
2023-03-26,0,Bronx,VALENTINE AVENUE,East 178 Street,East Burnside Avenue,NB,72,39.920002,0.0
2023-03-26,0,Bronx,VALENTINE AVENUE,East 178 Street,East Burnside Avenue,NB,61,39.920002,0.0
2023-03-26,0,Bronx,VALENTINE AVENUE,East 178 Street,East Burnside Avenue,NB,65,39.920002,0.0
2023-03-26,1,Bronx,VALENTINE AVENUE,East 178 Street,East Burnside Avenue,NB,48,41.54,0.0
2023-03-26,1,Bronx,VALENTINE AVENUE,East 178 Street,East Burnside Avenue,NB,62,41.54,0.0
2023-03-26,1,Bronx,VALENTINE AVENUE,East 178 Street,East Burnside Avenue,NB,57,41.54,0.0
2023-03-26,1,Bronx,VALENTINE AVENUE,East 178 Street,East Burnside Avenue,NB,62,41.54,0.0
2023-03-26,2,Bronx,VALENTINE AVENUE,East 178 Street,East Burnside Avenue,NB,44,37.4,0.0
2023-03-26,2,Bronx,VALENTINE AVENUE,East 178 Street,East Burnside Avenue,NB,49,37.4,0.0
2023-03-26,2,Bronx,VALENTINE AVENUE,East 178 Street,East Burnside Avenue,NB,41,37.4,0.0
2023-03-26,2,Bronx,VALENTINE AVENUE,East 178 Street,East Burnside Avenue,NB,45,37.4,0.0
2023-03-26,3,Bronx,VALENTINE AVENUE,East 178 Street,East Burnside Avenue,NB,54,37.85,0.0
2023-03-26,3,Bronx,VALENTINE AVENUE,East 178 Street,East Burnside Avenue,NB,45,37.85,0.0
2023-03-26,3,Bronx,VALENTINE AVENUE,East 178 Street,East Burnside Avenue,NB,44,37.85,0.0
2023-03-26,3,Bronx,VALENTINE AVENUE,East 178 Street,East Burnside Avenue,NB,35,37.85,0.0
2023-03-26,4,Bronx,VALENTINE AVENUE,East 178 Street,East Burnside Avenue,NB,41,40.64,0.0
2023-03-26,4,Bronx,VALENTINE AVENUE,East 178 Street,East Burnside Avenue,NB,52,40.64,0.0
2023-03-26,4,Bronx,VALENTINE AVENUE,East 178 Street,East Burnside Avenue,NB,50,40.64,0.0
2023-03-26,4,Bronx,VALENTINE AVENUE,East 178 Street,East Burnside Avenue,NB,31,40.64,0.0
2023-03-26,5,Bronx,VALENTINE AVENUE,East 178 Street,East Burnside Avenue,NB,31,43.16,0.0
2023-03-26,5,Bronx,VALENTINE AVENUE,East 178 Street,East Burnside Avenue,NB,20,43.16,0.0
2023-03-26,5,Bronx,VALENTINE AVENUE,East 178 Street,East Burnside Avenue,NB,28,43.16,0.0
2023-03-26,5,Bronx,VALENTINE AVENUE,East 178 Street,East Burnside Avenue,NB,21,43.16,0.0
2023-03-26,6,Bronx,VALENTINE AVENUE,East 178 Street,East Burnside Avenue,NB,24,42.35,0.0
2023-03-26,6,Bronx,VALENTINE AVENUE,East 178 Street,East Burnside Avenue,NB,25,42.35,0.0
2023-03-26,6,Bronx,VALENTINE AVENUE,East 178 Street,East Burnside Avenue,NB,27,42.35,0.0
2023-03-26,6,Bronx,VALENTINE AVENUE,East 178 Street,East Burnside Avenue,NB,32,42.35,0.0
2023-03-26,7,Bronx,VALENTINE AVENUE,East 178 Street,East Burnside Avenue,NB,34,40.55,0.0
2023-03-26,7,Bronx,VALENTINE AVENUE,East 178 Street,East Burnside Avenue,NB,22,40.55,0.0
2023-03-26,7,Bronx,VALENTINE AVENUE,East 178 Street,East Burnside Avenue,NB,33,40.55,0.0
2023-03-26,7,Bronx,VALENTINE AVENUE,East 178 Street,East Burnside Avenue,NB,32,40.55,0.0
2023-03-26,8,Bronx,VALENTINE AVENUE,East 178 Street,East Burnside Avenue,NB,30,44.33,0.0
2023-03-26,8,Bronx,VALENTINE AVENUE,East 178 Street,East Burnside Avenue,NB,37,44.33,0.0
2023-03-26,8,Bronx,VALENTINE AVENUE,East 178 Street,East Burnside Avenue,NB,45,44.33,0.0
2023-03-26,8,Bronx,VALENTINE AVENUE,East 178 Street,East Burnside Avenue,NB,41,44.33,0.0
2023-03-26,9,Bronx,VALENTINE AVENUE,East 178 Street,East Burnside Avenue,NB,28,47.57,0.0
2023-03-26,9,Bronx,VALENTINE AVENUE,East 178 Street,East Burnside Avenue,NB,43,47.57,0.0
2023-03-26,9,Bronx,VALENTINE AVENUE,East 178 Street,East Burnside Avenue,NB,50,47.57,0.0
2023-03-26,9,Bronx,VALENTINE AVENUE,East 178 Street,East Burnside Avenue,NB,47,47.57,0.0
2023-03-26,10,Bronx,VALENTINE AVENUE,East 178 Street,East Burnside Avenue,NB,54,50.18,0.0
2023-03-26,10,Bronx,VALENTINE AVENUE,East 178 Street,East Burnside Avenue,NB,61,50.18,0.0
2023-03-26,10,Bronx,VALENTINE AVENUE,East 178 Street,East Burnside Avenue,NB,61,50.18,0.0
2023-03-26,10,Bronx,VALENTINE AVENUE,East 178 Street,East Burnside Avenue,NB,52,50.18,0.0
2023-03-26,11,Bronx,VALENTINE AVENUE,East 178 Street,East Burnside Avenue,NB,51,52.61,0.0
2023-03-26,11,Bronx,VALENTINE AVENUE,East 178 Street,East Burnside Avenue,NB,54,52.61,0.0
2023-03-26,11,Bronx,VALENTINE AVENUE,East 178 Street,East Burnside Avenue,NB,56,52.61,0.0
2023-03-26,11,Bronx,VALENTINE AVENUE,East 178 Street,East Burnside Avenue,NB,68,52.61,0.0
2023-03-26,12,Bronx,VALENTINE AVENUE,East 178 Street,East Burnside Avenue,NB,67,54.68,0.0
2023-03-26,12,Bronx,VALENTINE AVENUE,East 178 Street,East Burnside Avenue,NB,58,54.68,0.0
2023-03-26,12,Bronx,VALENTINE AVENUE,East 178 Street,East Burnside Avenue,NB,70,54.68,0.0
2023-03-26,12,Bronx,VALENTINE AVENUE,East 178 Street,East Burnside Avenue,NB,62,54.68,0.0
2023-03-26,13,Bronx,VALENTINE AVENUE,East 178 Street,East Burnside Avenue,NB,75,56.75,0.0
2023-03-26,13,Bronx,VALENTINE AVENUE,East 178 Street,East Burnside Avenue,NB,62,56.75,0.0
2023-03-26,13,Bronx,VALENTINE AVENUE,East 178 Street,East Burnside Avenue,NB,77,56.75,0.0
2023-03-26,13,Bronx,VALENTINE AVENUE,East 178 Street,East Burnside Avenue,NB,77,56.75,0.0
2023-03-26,14,Bronx,VALENTINE AVENUE,East 178 Street,East Burnside Avenue,NB,89,58.280003,0.0
2023-03-26,14,Bronx,VALENTINE AVENUE,East 178 Street,East Burnside Avenue,NB,94,58.280003,0.0
2021-11-01,16,Brooklyn,FULTON STREET,Hemlock Street,Autumn Avenue,EB,68,57.83,0.0
2021-11-01,16,Brooklyn,FULTON STREET,Hemlock Street,Autumn Avenue,EB,60,57.83,0.0
2021-11-01,17,Brooklyn,FULTON STREET,Hemlock Street,Autumn Avenue,EB,60,56.39,0.0
2021-11-01,17,Brooklyn,FULTON STREET,Hemlock Street,Autumn Avenue,EB,54,56.39,0.0
2021-11-01,17,Brooklyn,FULTON STREET,Hemlock Street,Autumn Avenue,EB,94,56.39,0.0
2021-11-01,17,Brooklyn,FULTON STREET,Hemlock Street,Autumn Avenue,EB,88,56.39,0.0
2021-11-01,18,Brooklyn,FULTON STREET,Hemlock Street,Autumn Avenue,EB,76,52.34,0.0
2021-11-01,18,Brooklyn,FULTON STREET,Hemlock Street,Autumn Avenue,EB,82,52.34,0.0
2021-11-01,18,Brooklyn,FULTON STREET,Hemlock Street,Autumn Avenue,EB,84,52.34,0.0
2021-11-01,18,Brooklyn,FULTON STREET,Hemlock Street,Autumn Avenue,EB,76,52.34,0.0
2021-11-01,19,Brooklyn,FULTON STREET,Hemlock Street,Autumn Avenue,EB,44,50.0,0.0
2021-11-01,19,Brooklyn,FULTON STREET,Hemlock Street,Autumn Avenue,EB,62,50.0,0.0
2021-11-01,19,Brooklyn,FULTON STREET,Hemlock Street,Autumn Avenue,EB,36,50.0,0.0
2021-11-01,19,Brooklyn,FULTON STREET,Hemlock Street,Autumn Avenue,EB,60,50.0,0.0
2021-11-01,20,Brooklyn,FULTON STREET,Hemlock Street,Autumn Avenue,EB,40,49.55,0.0
2021-11-01,20,Brooklyn,FULTON STREET,Hemlock Street,Autumn Avenue,EB,40,49.55,0.0
2021-11-01,20,Brooklyn,FULTON STREET,Hemlock Street,Autumn Avenue,EB,44,49.55,0.0
2021-11-01,20,Brooklyn,FULTON STREET,Hemlock Street,Autumn Avenue,EB,38,49.55,0.0
2021-11-01,21,Brooklyn,FULTON STREET,Hemlock Street,Autumn Avenue,EB,48,48.29,0.0
2021-11-01,21,Brooklyn,FULTON STREET,Hemlock Street,Autumn Avenue,EB,32,48.29,0.0
2021-11-01,21,Brooklyn,FULTON STREET,Hemlock Street,Autumn Avenue,EB,32,48.29,0.0
2021-11-01,21,Brooklyn,FULTON STREET,Hemlock Street,Autumn Avenue,EB,34,48.29,0.0
2021-11-01,22,Brooklyn,FULTON STREET,Hemlock Street,Autumn Avenue,EB,34,47.21,0.0
2021-11-01,22,Brooklyn,FULTON STREET,Hemlock Street,Autumn Avenue,EB,28,47.21,0.0
2021-11-01,22,Brooklyn,FULTON STREET,Hemlock Street,Autumn Avenue,EB,24,47.21,0.0
2021-11-01,22,Brooklyn,FULTON STREET,Hemlock Street,Autumn Avenue,EB,26,47.21,0.0
2021-11-01,23,Brooklyn,FULTON STREET,Hemlock Street,Autumn Avenue,EB,28,46.22,0.0
2021-11-01,23,Brooklyn,FULTON STREET,Hemlock Street,Autumn Avenue,EB,24,46.22,0.0
2021-11-01,23,Brooklyn,FULTON STREET,Hemlock Street,Autumn Avenue,EB,16,46.22,0.0
2021-11-01,23,Brooklyn,FULTON STREET,Hemlock Street,Autumn Avenue,EB,16,46.22,0.0
2021-11-02,0,Brooklyn,FULTON STREET,Hemlock Street,Autumn Avenue,EB,20,46.49,0.0
2021-11-02,0,Brooklyn,FULTON STREET,Hemlock Street,Autumn Avenue,EB,16,46.49,0.0
2021-11-02,0,Brooklyn,FULTON STREET,Hemlock Street,Autumn Avenue,EB,10,46.49,0.0
2021-11-02,0,Brooklyn,FULTON STREET,Hemlock Street,Autumn Avenue,EB,8,46.49,0.0
2021-11-02,1,Brooklyn,FULTON STREET,Hemlock Street,Autumn Avenue,EB,6,47.57,0.0
2021-11-02,1,Brooklyn,FULTON STREET,Hemlock Street,Autumn Avenue,EB,8,47.57,0.0
2021-11-02,1,Brooklyn,FULTON STREET,Hemlock Street,Autumn Avenue,EB,8,47.57,0.0
2021-11-02,1,Brooklyn,FULTON STREET,Hemlock Street,Autumn Avenue,EB,6,47.57,0.0
2021-11-02,2,Brooklyn,FULTON STREET,Hemlock Street,Autumn Avenue,EB,10,47.21,0.0
2021-11-02,2,Brooklyn,FULTON STREET,Hemlock Street,Autumn Avenue,EB,8,47.21,0.0
2021-11-02,2,Brooklyn,FULTON STREET,Hemlock Street,Autumn Avenue,EB,6,47.21,0.0
2021-11-02,2,Brooklyn,FULTON STREET,Hemlock Street,Autumn Avenue,EB,4,47.21,0.0
2021-11-02,3,Brooklyn,FULTON STREET,Hemlock Street,Autumn Avenue,EB,8,47.48,0.0
2021-11-02,3,Brooklyn,FULTON STREET,Hemlock Street,Autumn Avenue,EB,10,47.48,0.0
2021-11-02,3,Brooklyn,FULTON STREET,Hemlock Street,Autumn Avenue,EB,10,47.48,0.0
2021-11-02,3,Brooklyn,FULTON STREET,Hemlock Street,Autumn Avenue,EB,6,47.48,0.0
2021-11-02,4,Brooklyn,FULTON STREET,Hemlock Street,Autumn Avenue,EB,4,48.47,0.003937008
2021-11-02,4,Brooklyn,FULTON STREET,Hemlock Street,Autumn Avenue,EB,12,48.47,0.003937008
2021-11-02,4,Brooklyn,FULTON STREET,Hemlock Street,Autumn Avenue,EB,2,48.47,0.003937008
2021-11-02,4,Brooklyn,FULTON STREET,Hemlock Street,Autumn Avenue,EB,20,48.47,0.003937008
2021-11-02,5,Brooklyn,FULTON STREET,Hemlock Street,Autumn Avenue,EB,16,49.1,0.0
2021-11-02,5,Brooklyn,FULTON STREET,Hemlock Street,Autumn Avenue,EB,20,49.1,0.0
2021-11-02,5,Brooklyn,FULTON STREET,Hemlock Street,Autumn Avenue,EB,54,49.1,0.0
2021-11-02,5,Brooklyn,FULTON STREET,Hemlock Street,Autumn Avenue,EB,50,49.1,0.0
2021-11-02,6,Brooklyn,FULTON STREET,Hemlock Street,Autumn Avenue,EB,86,48.02,0.0
2021-11-02,6,Brooklyn,FULTON STREET,Hemlock Street,Autumn Avenue,EB,94,48.02,0.0
2021-11-02,6,Brooklyn,FULTON STREET,Hemlock Street,Autumn Avenue,EB,108,48.02,0.0
2021-11-02,6,Brooklyn,FULTON STREET,Hemlock Street,Autumn Avenue,EB,70,48.02,0.0
2021-11-02,7,Brooklyn,FULTON STREET,Hemlock Street,Autumn Avenue,EB,108,48.38,0.0
2021-11-02,7,Brooklyn,FULTON STREET,Hemlock Street,Autumn Avenue,EB,116,48.38,0.0
2021-11-02,7,Brooklyn,FULTON STREET,Hemlock Street,Autumn Avenue,EB,178,48.38,0.0
2021-11-02,7,Brooklyn,FULTON STREET,Hemlock Street,Autumn Avenue,EB,205,48.38,0.0
2021-11-02,8,Brooklyn,FULTON STREET,Hemlock Street,Autumn Avenue,EB,156,47.12,0.0
2021-11-02,8,Brooklyn,FULTON STREET,Hemlock Street,Autumn Avenue,EB,78,47.12,0.0
2021-11-02,8,Brooklyn,FULTON STREET,Hemlock Street,Autumn Avenue,EB,92,47.12,0.0
2021-11-02,8,Brooklyn,FULTON STREET,Hemlock Street,Autumn Avenue,EB,76,47.12,0.0
2021-11-02,9,Brooklyn,FULTON STREET,Hemlock Street,Autumn Avenue,EB,114,50.45,0.0
2021-11-02,9,Brooklyn,FULTON STREET,Hemlock Street,Autumn Avenue,EB,124,50.45,0.0
2021-11-02,9,Brooklyn,FULTON STREET,Hemlock Street,Autumn Avenue,EB,92,50.45,0.0
2021-11-02,9,Brooklyn,FULTON STREET,Hemlock Street,Autumn Avenue,EB,110,50.45,0.0
2021-11-02,10,Brooklyn,FULTON STREET,Hemlock Street,Autumn Avenue,EB,84,50.99,0.0
2021-11-02,10,Brooklyn,FULTON STREET,Hemlock Street,Autumn Avenue,EB,62,50.99,0.0
2021-11-02,10,Brooklyn,FULTON STREET,Hemlock Street,Autumn Avenue,EB,70,50.99,0.0
2021-11-02,10,Brooklyn,FULTON STREET,Hemlock Street,Autumn Avenue,EB,44,50.99,0.0
2021-11-02,11,Brooklyn,FULTON STREET,Hemlock Street,Autumn Avenue,EB,78,52.43,0.0
2021-11-02,11,Brooklyn,FULTON STREET,Hemlock Street,Autumn Avenue,EB,84,52.43,0.0
2021-11-02,11,Brooklyn,FULTON STREET,Hemlock Street,Autumn Avenue,EB,66,52.43,0.0
2021-11-02,11,Brooklyn,FULTON STREET,Hemlock Street,Autumn Avenue,EB,50,52.43,0.0
2021-11-02,12,Brooklyn,FULTON STREET,Hemlock Street,Autumn Avenue,EB,66,53.15,0.0
2021-11-02,12,Brooklyn,FULTON STREET,Hemlock Street,Autumn Avenue,EB,56,53.15,0.0
2021-11-02,12,Brooklyn,FULTON STREET,Hemlock Street,Autumn Avenue,EB,92,53.15,0.0
2021-11-02,12,Brooklyn,FULTON STREET,Hemlock Street,Autumn Avenue,EB,72,53.15,0.0
2021-11-02,13,Brooklyn,FULTON STREET,Hemlock Street,Autumn Avenue,EB,114,53.059998,0.0
2021-11-02,13,Brooklyn,FULTON STREET,Hemlock Street,Autumn Avenue,EB,96,53.059998,0.0
2021-11-02,13,Brooklyn,FULTON STREET,Hemlock Street,Autumn Avenue,EB,98,53.059998,0.0
2021-11-02,13,Brooklyn,FULTON STREET,Hemlock Street,Autumn Avenue,EB,64,53.059998,0.0
2021-11-02,14,Brooklyn,FULTON STREET,Hemlock Street,Autumn Avenue,EB,68,51.71,0.0
2021-11-02,14,Brooklyn,FULTON STREET,Hemlock Street,Autumn Avenue,EB,96,51.71,0.0
2021-11-02,14,Brooklyn,FULTON STREET,Hemlock Street,Autumn Avenue,EB,70,51.71,0.0
2021-11-02,14,Brooklyn,FULTON STREET,Hemlock Street,Autumn Avenue,EB,90,51.71,0.0
2021-11-02,15,Brooklyn,FULTON STREET,Hemlock Street,Autumn Avenue,EB,76,52.34,0.0
2021-11-02,15,Brooklyn,FULTON STREET,Hemlock Street,Autumn Avenue,EB,58,52.34,0.0
2021-11-02,15,Brooklyn,FULTON STREET,Hemlock Street,Autumn Avenue,EB,58,52.34,0.0
2021-11-02,15,Brooklyn,FULTON STREET,Hemlock Street,Autumn Avenue,EB,54,52.34,0.0
2021-11-02,16,Brooklyn,FULTON STREET,Hemlock Street,Autumn Avenue,EB,86,50.99,0.003937008
2021-11-02,16,Brooklyn,FULTON STREET,Hemlock Street,Autumn Avenue,EB,80,50.99,0.003937008
2021-11-02,16,Brooklyn,FULTON STREET,Hemlock Street,Autumn Avenue,EB,100,50.99,0.003937008
2021-11-02,16,Brooklyn,FULTON STREET,Hemlock Street,Autumn Avenue,EB,102,50.99,0.003937008
2021-11-02,17,Brooklyn,FULTON STREET,Hemlock Street,Autumn Avenue,EB,82,49.91,0.007874016
2021-11-02,17,Brooklyn,FULTON STREET,Hemlock Street,Autumn Avenue,EB,42,49.91,0.007874016
2021-11-02,17,Brooklyn,FULTON STREET,Hemlock Street,Autumn Avenue,EB,92,49.91,0.007874016
2021-11-02,17,Brooklyn,FULTON STREET,Hemlock Street,Autumn Avenue,EB,100,49.91,0.007874016
2021-11-02,18,Brooklyn,FULTON STREET,Hemlock Street,Autumn Avenue,EB,88,48.559998,0.0118110245
2021-11-02,18,Brooklyn,FULTON STREET,Hemlock Street,Autumn Avenue,EB,78,48.559998,0.0118110245
2021-11-02,18,Brooklyn,FULTON STREET,Hemlock Street,Autumn Avenue,EB,100,48.559998,0.0118110245
2023-05-22,21,Brooklyn,AVENUE M,Chestnut Avenue,East 13 Street,WB,68,56.93,0.0
2023-05-22,21,Brooklyn,AVENUE M,Chestnut Avenue,East 13 Street,WB,60,56.93,0.0
2023-05-22,22,Brooklyn,AVENUE M,Chestnut Avenue,East 13 Street,WB,73,56.12,0.0
2023-05-22,22,Brooklyn,AVENUE M,Chestnut Avenue,East 13 Street,WB,68,56.12,0.0
2023-05-22,22,Brooklyn,AVENUE M,Chestnut Avenue,East 13 Street,WB,52,56.12,0.0
2023-05-22,22,Brooklyn,AVENUE M,Chestnut Avenue,East 13 Street,WB,43,56.12,0.0
2023-05-22,23,Brooklyn,AVENUE M,Chestnut Avenue,East 13 Street,WB,40,55.309998,0.0
2023-05-22,23,Brooklyn,AVENUE M,Chestnut Avenue,East 13 Street,WB,39,55.309998,0.0
2023-05-22,23,Brooklyn,AVENUE M,Chestnut Avenue,East 13 Street,WB,22,55.309998,0.0
2023-05-22,23,Brooklyn,AVENUE M,Chestnut Avenue,East 13 Street,WB,24,55.309998,0.0
2023-05-23,0,Brooklyn,AVENUE M,Chestnut Avenue,East 13 Street,WB,10,54.41,0.0
2023-05-23,0,Brooklyn,AVENUE M,Chestnut Avenue,East 13 Street,WB,19,54.41,0.0
2023-05-23,0,Brooklyn,AVENUE M,Chestnut Avenue,East 13 Street,WB,14,54.41,0.0
2023-05-23,0,Brooklyn,AVENUE M,Chestnut Avenue,East 13 Street,WB,10,54.41,0.0
2023-05-23,1,Brooklyn,AVENUE M,Chestnut Avenue,East 13 Street,WB,11,53.6,0.0
2023-05-23,1,Brooklyn,AVENUE M,Chestnut Avenue,East 13 Street,WB,13,53.6,0.0
2023-05-23,1,Brooklyn,AVENUE M,Chestnut Avenue,East 13 Street,WB,9,53.6,0.0
2023-05-23,1,Brooklyn,AVENUE M,Chestnut Avenue,East 13 Street,WB,7,53.6,0.0
2023-05-23,2,Brooklyn,AVENUE M,Chestnut Avenue,East 13 Street,WB,4,52.88,0.0
2023-05-23,2,Brooklyn,AVENUE M,Chestnut Avenue,East 13 Street,WB,3,52.88,0.0
2023-05-23,2,Brooklyn,AVENUE M,Chestnut Avenue,East 13 Street,WB,8,52.88,0.0
2023-05-23,2,Brooklyn,AVENUE M,Chestnut Avenue,East 13 Street,WB,5,52.88,0.0
2023-05-23,3,Brooklyn,AVENUE M,Chestnut Avenue,East 13 Street,WB,5,52.07,0.0
2023-05-23,3,Brooklyn,AVENUE M,Chestnut Avenue,East 13 Street,WB,8,52.07,0.0
2023-05-23,3,Brooklyn,AVENUE M,Chestnut Avenue,East 13 Street,WB,7,52.07,0.0
2023-05-23,3,Brooklyn,AVENUE M,Chestnut Avenue,East 13 Street,WB,5,52.07,0.0
2023-05-23,4,Brooklyn,AVENUE M,Chestnut Avenue,East 13 Street,WB,5,51.8,0.0
2023-05-23,4,Brooklyn,AVENUE M,Chestnut Avenue,East 13 Street,WB,17,51.8,0.0
2023-05-23,4,Brooklyn,AVENUE M,Chestnut Avenue,East 13 Street,WB,12,51.8,0.0
2023-05-23,4,Brooklyn,AVENUE M,Chestnut Avenue,East 13 Street,WB,17,51.8,0.0
2023-05-23,5,Brooklyn,AVENUE M,Chestnut Avenue,East 13 Street,WB,19,51.440002,0.0
2023-05-23,5,Brooklyn,AVENUE M,Chestnut Avenue,East 13 Street,WB,21,51.440002,0.0
2023-05-23,5,Brooklyn,AVENUE M,Chestnut Avenue,East 13 Street,WB,31,51.440002,0.0
2023-05-23,5,Brooklyn,AVENUE M,Chestnut Avenue,East 13 Street,WB,34,51.440002,0.0
2023-05-23,6,Brooklyn,AVENUE M,Chestnut Avenue,East 13 Street,WB,41,51.8,0.0
2023-05-23,6,Brooklyn,AVENUE M,Chestnut Avenue,East 13 Street,WB,47,51.8,0.0
2023-05-23,6,Brooklyn,AVENUE M,Chestnut Avenue,East 13 Street,WB,52,51.8,0.0
2023-05-23,6,Brooklyn,AVENUE M,Chestnut Avenue,East 13 Street,WB,61,51.8,0.0
2023-05-23,7,Brooklyn,AVENUE M,Chestnut Avenue,East 13 Street,WB,63,54.23,0.0
2023-05-23,7,Brooklyn,AVENUE M,Chestnut Avenue,East 13 Street,WB,76,54.23,0.0
2023-05-23,7,Brooklyn,AVENUE M,Chestnut Avenue,East 13 Street,WB,64,54.23,0.0
2023-05-23,7,Brooklyn,AVENUE M,Chestnut Avenue,East 13 Street,WB,86,54.23,0.0
2023-05-23,8,Brooklyn,AVENUE M,Chestnut Avenue,East 13 Street,WB,78,57.2,0.0
2023-05-23,8,Brooklyn,AVENUE M,Chestnut Avenue,East 13 Street,WB,63,57.2,0.0
2023-05-23,8,Brooklyn,AVENUE M,Chestnut Avenue,East 13 Street,WB,72,57.2,0.0
2023-05-23,8,Brooklyn,AVENUE M,Chestnut Avenue,East 13 Street,WB,71,57.2,0.0
2023-05-23,9,Brooklyn,AVENUE M,Chestnut Avenue,East 13 Street,WB,66,59.9,0.0
2023-05-23,9,Brooklyn,AVENUE M,Chestnut Avenue,East 13 Street,WB,65,59.9,0.0
2023-05-23,9,Brooklyn,AVENUE M,Chestnut Avenue,East 13 Street,WB,63,59.9,0.0
2023-05-23,9,Brooklyn,AVENUE M,Chestnut Avenue,East 13 Street,WB,61,59.9,0.0
2023-05-23,10,Brooklyn,AVENUE M,Chestnut Avenue,East 13 Street,WB,63,62.69,0.0
2023-05-23,10,Brooklyn,AVENUE M,Chestnut Avenue,East 13 Street,WB,55,62.69,0.0
2023-05-23,10,Brooklyn,AVENUE M,Chestnut Avenue,East 13 Street,WB,67,62.69,0.0
2023-05-23,10,Brooklyn,AVENUE M,Chestnut Avenue,East 13 Street,WB,72,62.69,0.0
2023-05-23,11,Brooklyn,AVENUE M,Chestnut Avenue,East 13 Street,WB,63,65.3,0.0
2023-05-23,11,Brooklyn,AVENUE M,Chestnut Avenue,East 13 Street,WB,64,65.3,0.0
2023-05-23,11,Brooklyn,AVENUE M,Chestnut Avenue,East 13 Street,WB,80,65.3,0.0
2023-05-23,11,Brooklyn,AVENUE M,Chestnut Avenue,East 13 Street,WB,80,65.3,0.0
2023-05-23,12,Brooklyn,AVENUE M,Chestnut Avenue,East 13 Street,WB,88,66.83,0.0
2023-05-23,12,Brooklyn,AVENUE M,Chestnut Avenue,East 13 Street,WB,74,66.83,0.0
2023-05-23,12,Brooklyn,AVENUE M,Chestnut Avenue,East 13 Street,WB,77,66.83,0.0
2023-05-23,12,Brooklyn,AVENUE M,Chestnut Avenue,East 13 Street,WB,71,66.83,0.0
2023-05-23,13,Brooklyn,AVENUE M,Chestnut Avenue,East 13 Street,WB,84,66.02,0.0
2023-05-23,13,Brooklyn,AVENUE M,Chestnut Avenue,East 13 Street,WB,71,66.02,0.0
2023-05-23,13,Brooklyn,AVENUE M,Chestnut Avenue,East 13 Street,WB,78,66.02,0.0
2023-05-23,13,Brooklyn,AVENUE M,Chestnut Avenue,East 13 Street,WB,74,66.02,0.0
2023-05-23,14,Brooklyn,AVENUE M,Chestnut Avenue,East 13 Street,WB,76,64.4,0.0
2023-05-23,14,Brooklyn,AVENUE M,Chestnut Avenue,East 13 Street,WB,67,64.4,0.0
2023-05-23,14,Brooklyn,AVENUE M,Chestnut Avenue,East 13 Street,WB,72,64.4,0.0
2023-05-23,14,Brooklyn,AVENUE M,Chestnut Avenue,East 13 Street,WB,86,64.4,0.0
2023-05-23,15,Brooklyn,AVENUE M,Chestnut Avenue,East 13 Street,WB,85,63.95,0.0
2023-05-23,15,Brooklyn,AVENUE M,Chestnut Avenue,East 13 Street,WB,73,63.95,0.0
2023-05-23,15,Brooklyn,AVENUE M,Chestnut Avenue,East 13 Street,WB,70,63.95,0.0
2023-05-23,15,Brooklyn,AVENUE M,Chestnut Avenue,East 13 Street,WB,72,63.95,0.0
2023-05-23,16,Brooklyn,AVENUE M,Chestnut Avenue,East 13 Street,WB,58,63.230003,0.0
2023-05-23,16,Brooklyn,AVENUE M,Chestnut Avenue,East 13 Street,WB,70,63.230003,0.0
2023-05-23,16,Brooklyn,AVENUE M,Chestnut Avenue,East 13 Street,WB,59,63.230003,0.0
2023-05-23,16,Brooklyn,AVENUE M,Chestnut Avenue,East 13 Street,WB,74,63.230003,0.0
2023-05-23,17,Brooklyn,AVENUE M,Chestnut Avenue,East 13 Street,WB,66,62.06,0.0
2023-05-23,17,Brooklyn,AVENUE M,Chestnut Avenue,East 13 Street,WB,90,62.06,0.0
2023-05-23,17,Brooklyn,AVENUE M,Chestnut Avenue,East 13 Street,WB,80,62.06,0.0
2023-05-23,17,Brooklyn,AVENUE M,Chestnut Avenue,East 13 Street,WB,78,62.06,0.0
2023-05-23,18,Brooklyn,AVENUE M,Chestnut Avenue,East 13 Street,WB,81,60.89,0.0
2023-05-23,18,Brooklyn,AVENUE M,Chestnut Avenue,East 13 Street,WB,88,60.89,0.0
2023-05-23,18,Brooklyn,AVENUE M,Chestnut Avenue,East 13 Street,WB,89,60.89,0.0
2023-05-23,18,Brooklyn,AVENUE M,Chestnut Avenue,East 13 Street,WB,70,60.89,0.0
2023-05-23,19,Brooklyn,AVENUE M,Chestnut Avenue,East 13 Street,WB,87,58.82,0.0
2023-05-23,19,Brooklyn,AVENUE M,Chestnut Avenue,East 13 Street,WB,82,58.82,0.0
2023-05-23,19,Brooklyn,AVENUE M,Chestnut Avenue,East 13 Street,WB,93,58.82,0.0
2023-05-23,19,Brooklyn,AVENUE M,Chestnut Avenue,East 13 Street,WB,87,58.82,0.0
2023-05-23,20,Brooklyn,AVENUE M,Chestnut Avenue,East 13 Street,WB,72,57.47,0.0
2023-05-23,20,Brooklyn,AVENUE M,Chestnut Avenue,East 13 Street,WB,93,57.47,0.0
2023-05-23,20,Brooklyn,AVENUE M,Chestnut Avenue,East 13 Street,WB,73,57.47,0.0
2023-05-23,20,Brooklyn,AVENUE M,Chestnut Avenue,East 13 Street,WB,71,57.47,0.0
2023-05-23,21,Brooklyn,AVENUE M,Chestnut Avenue,East 13 Street,WB,77,55.22,0.0
2023-05-23,21,Brooklyn,AVENUE M,Chestnut Avenue,East 13 Street,WB,76,55.22,0.0
2023-05-23,21,Brooklyn,AVENUE M,Chestnut Avenue,East 13 Street,WB,68,55.22,0.0
2023-05-23,21,Brooklyn,AVENUE M,Chestnut Avenue,East 13 Street,WB,68,55.22,0.0
2023-05-23,22,Brooklyn,AVENUE M,Chestnut Avenue,East 13 Street,WB,65,53.78,0.0
2023-05-23,22,Brooklyn,AVENUE M,Chestnut Avenue,East 13 Street,WB,54,53.78,0.0
2023-05-23,22,Brooklyn,AVENUE M,Chestnut Avenue,East 13 Street,WB,58,53.78,0.0
2023-05-23,22,Brooklyn,AVENUE M,Chestnut Avenue,East 13 Street,WB,40,53.78,0.0
2023-05-23,23,Brooklyn,AVENUE M,Chestnut Avenue,East 13 Street,WB,43,53.33,0.0
2023-05-23,23,Brooklyn,AVENUE M,Chestnut Avenue,East 13 Street,WB,41,53.33,0.0
2023-05-23,23,Brooklyn,AVENUE M,Chestnut Avenue,East 13 Street,WB,48,53.33,0.0
2022-04-27,2,Manhattan,FREDERICK DOUGLASS BOULEVARD,West 151 Street,West 152 Street,SB,23,53.6,0.0
2022-04-27,2,Manhattan,FREDERICK DOUGLASS BOULEVARD,West 151 Street,West 152 Street,SB,22,53.6,0.0
2022-04-27,2,Manhattan,FREDERICK DOUGLASS BOULEVARD,West 151 Street,West 152 Street,SB,12,53.6,0.0
2022-04-27,2,Manhattan,FREDERICK DOUGLASS BOULEVARD,West 151 Street,West 152 Street,SB,6,53.6,0.0
2022-04-27,3,Manhattan,FREDERICK DOUGLASS BOULEVARD,West 151 Street,West 152 Street,SB,17,50.0,0.0
2022-04-27,3,Manhattan,FREDERICK DOUGLASS BOULEVARD,West 151 Street,West 152 Street,SB,10,50.0,0.0
2022-04-27,3,Manhattan,FREDERICK DOUGLASS BOULEVARD,West 151 Street,West 152 Street,SB,13,50.0,0.0
2022-04-27,3,Manhattan,FREDERICK DOUGLASS BOULEVARD,West 151 Street,West 152 Street,SB,13,50.0,0.0
2022-04-27,4,Manhattan,FREDERICK DOUGLASS BOULEVARD,West 151 Street,West 152 Street,SB,11,47.21,0.0
2022-04-27,4,Manhattan,FREDERICK DOUGLASS BOULEVARD,West 151 Street,West 152 Street,SB,11,47.21,0.0
2022-04-27,4,Manhattan,FREDERICK DOUGLASS BOULEVARD,West 151 Street,West 152 Street,SB,7,47.21,0.0
2022-04-27,4,Manhattan,FREDERICK DOUGLASS BOULEVARD,West 151 Street,West 152 Street,SB,12,47.21,0.0
2022-04-27,5,Manhattan,FREDERICK DOUGLASS BOULEVARD,West 151 Street,West 152 Street,SB,10,47.12,0.0
2022-04-27,5,Manhattan,FREDERICK DOUGLASS BOULEVARD,West 151 Street,West 152 Street,SB,14,47.12,0.0
2022-04-27,5,Manhattan,FREDERICK DOUGLASS BOULEVARD,West 151 Street,West 152 Street,SB,22,47.12,0.0
2022-04-27,5,Manhattan,FREDERICK DOUGLASS BOULEVARD,West 151 Street,West 152 Street,SB,28,47.12,0.0
2022-04-27,6,Manhattan,FREDERICK DOUGLASS BOULEVARD,West 151 Street,West 152 Street,SB,34,46.940002,0.0
2022-04-27,6,Manhattan,FREDERICK DOUGLASS BOULEVARD,West 151 Street,West 152 Street,SB,32,46.940002,0.0
2022-04-27,6,Manhattan,FREDERICK DOUGLASS BOULEVARD,West 151 Street,West 152 Street,SB,57,46.940002,0.0
2022-04-27,6,Manhattan,FREDERICK DOUGLASS BOULEVARD,West 151 Street,West 152 Street,SB,66,46.940002,0.0
2022-04-27,7,Manhattan,FREDERICK DOUGLASS BOULEVARD,West 151 Street,West 152 Street,SB,93,45.59,0.0
2022-04-27,7,Manhattan,FREDERICK DOUGLASS BOULEVARD,West 151 Street,West 152 Street,SB,117,45.59,0.0
2022-04-27,7,Manhattan,FREDERICK DOUGLASS BOULEVARD,West 151 Street,West 152 Street,SB,115,45.59,0.0
2022-04-27,7,Manhattan,FREDERICK DOUGLASS BOULEVARD,West 151 Street,West 152 Street,SB,80,45.59,0.0
2022-04-27,8,Manhattan,FREDERICK DOUGLASS BOULEVARD,West 151 Street,West 152 Street,SB,97,49.37,0.0
2022-04-27,8,Manhattan,FREDERICK DOUGLASS BOULEVARD,West 151 Street,West 152 Street,SB,109,49.37,0.0
2022-04-27,8,Manhattan,FREDERICK DOUGLASS BOULEVARD,West 151 Street,West 152 Street,SB,111,49.37,0.0
2022-04-27,8,Manhattan,FREDERICK DOUGLASS BOULEVARD,West 151 Street,West 152 Street,SB,103,49.37,0.0
2022-04-27,9,Manhattan,FREDERICK DOUGLASS BOULEVARD,West 151 Street,West 152 Street,SB,91,50.99,0.0
2022-04-27,9,Manhattan,FREDERICK DOUGLASS BOULEVARD,West 151 Street,West 152 Street,SB,111,50.99,0.0
2022-04-27,9,Manhattan,FREDERICK DOUGLASS BOULEVARD,West 151 Street,West 152 Street,SB,106,50.99,0.0
2022-04-27,9,Manhattan,FREDERICK DOUGLASS BOULEVARD,West 151 Street,West 152 Street,SB,65,50.99,0.0
2022-04-27,10,Manhattan,FREDERICK DOUGLASS BOULEVARD,West 151 Street,West 152 Street,SB,76,52.7,0.0
2022-04-27,10,Manhattan,FREDERICK DOUGLASS BOULEVARD,West 151 Street,West 152 Street,SB,67,52.7,0.0
2022-04-27,10,Manhattan,FREDERICK DOUGLASS BOULEVARD,West 151 Street,West 152 Street,SB,62,52.7,0.0
2022-04-27,10,Manhattan,FREDERICK DOUGLASS BOULEVARD,West 151 Street,West 152 Street,SB,62,52.7,0.0
2022-04-27,11,Manhattan,FREDERICK DOUGLASS BOULEVARD,West 151 Street,West 152 Street,SB,72,54.05,0.0
2022-04-27,11,Manhattan,FREDERICK DOUGLASS BOULEVARD,West 151 Street,West 152 Street,SB,63,54.05,0.0
2022-04-27,11,Manhattan,FREDERICK DOUGLASS BOULEVARD,West 151 Street,West 152 Street,SB,66,54.05,0.0
2022-04-27,11,Manhattan,FREDERICK DOUGLASS BOULEVARD,West 151 Street,West 152 Street,SB,75,54.05,0.0
2022-04-27,12,Manhattan,FREDERICK DOUGLASS BOULEVARD,West 151 Street,West 152 Street,SB,74,54.59,0.0
2022-04-27,12,Manhattan,FREDERICK DOUGLASS BOULEVARD,West 151 Street,West 152 Street,SB,68,54.59,0.0
2022-04-27,12,Manhattan,FREDERICK DOUGLASS BOULEVARD,West 151 Street,West 152 Street,SB,50,54.59,0.0
2022-04-27,12,Manhattan,FREDERICK DOUGLASS BOULEVARD,West 151 Street,West 152 Street,SB,77,54.59,0.0
2022-04-27,13,Manhattan,FREDERICK DOUGLASS BOULEVARD,West 151 Street,West 152 Street,SB,77,52.97,0.0
2022-04-27,13,Manhattan,FREDERICK DOUGLASS BOULEVARD,West 151 Street,West 152 Street,SB,70,52.97,0.0
2022-04-27,13,Manhattan,FREDERICK DOUGLASS BOULEVARD,West 151 Street,West 152 Street,SB,82,52.97,0.0
2022-04-27,13,Manhattan,FREDERICK DOUGLASS BOULEVARD,West 151 Street,West 152 Street,SB,65,52.97,0.0
2022-04-27,14,Manhattan,FREDERICK DOUGLASS BOULEVARD,West 151 Street,West 152 Street,SB,77,55.85,0.0
2022-04-27,14,Manhattan,FREDERICK DOUGLASS BOULEVARD,West 151 Street,West 152 Street,SB,74,55.85,0.0
2022-04-27,14,Manhattan,FREDERICK DOUGLASS BOULEVARD,West 151 Street,West 152 Street,SB,76,55.85,0.0
2022-04-27,14,Manhattan,FREDERICK DOUGLASS BOULEVARD,West 151 Street,West 152 Street,SB,56,55.85,0.0
2022-04-27,15,Manhattan,FREDERICK DOUGLASS BOULEVARD,West 151 Street,West 152 Street,SB,68,54.86,0.0
2022-04-27,15,Manhattan,FREDERICK DOUGLASS BOULEVARD,West 151 Street,West 152 Street,SB,65,54.86,0.0
2022-04-27,15,Manhattan,FREDERICK DOUGLASS BOULEVARD,West 151 Street,West 152 Street,SB,61,54.86,0.0
2022-04-27,15,Manhattan,FREDERICK DOUGLASS BOULEVARD,West 151 Street,West 152 Street,SB,68,54.86,0.0
2022-04-27,16,Manhattan,FREDERICK DOUGLASS BOULEVARD,West 151 Street,West 152 Street,SB,72,54.14,0.0
2022-04-27,16,Manhattan,FREDERICK DOUGLASS BOULEVARD,West 151 Street,West 152 Street,SB,61,54.14,0.0
2022-04-27,16,Manhattan,FREDERICK DOUGLASS BOULEVARD,West 151 Street,West 152 Street,SB,52,54.14,0.0
2022-04-27,16,Manhattan,FREDERICK DOUGLASS BOULEVARD,West 151 Street,West 152 Street,SB,72,54.14,0.0
2022-04-27,17,Manhattan,FREDERICK DOUGLASS BOULEVARD,West 151 Street,West 152 Street,SB,65,53.059998,0.0
2022-04-27,17,Manhattan,FREDERICK DOUGLASS BOULEVARD,West 151 Street,West 152 Street,SB,52,53.059998,0.0
2022-04-27,17,Manhattan,FREDERICK DOUGLASS BOULEVARD,West 151 Street,West 152 Street,SB,71,53.059998,0.0
2022-04-27,17,Manhattan,FREDERICK DOUGLASS BOULEVARD,West 151 Street,West 152 Street,SB,63,53.059998,0.0
2022-04-27,18,Manhattan,FREDERICK DOUGLASS BOULEVARD,West 151 Street,West 152 Street,SB,88,51.35,0.0
2022-04-27,18,Manhattan,FREDERICK DOUGLASS BOULEVARD,West 151 Street,West 152 Street,SB,57,51.35,0.0
2022-04-27,18,Manhattan,FREDERICK DOUGLASS BOULEVARD,West 151 Street,West 152 Street,SB,77,51.35,0.0
2022-04-27,18,Manhattan,FREDERICK DOUGLASS BOULEVARD,West 151 Street,West 152 Street,SB,68,51.35,0.0
2022-04-27,19,Manhattan,FREDERICK DOUGLASS BOULEVARD,West 151 Street,West 152 Street,SB,50,49.46,0.0
2022-04-27,19,Manhattan,FREDERICK DOUGLASS BOULEVARD,West 151 Street,West 152 Street,SB,63,49.46,0.0
2022-04-27,19,Manhattan,FREDERICK DOUGLASS BOULEVARD,West 151 Street,West 152 Street,SB,53,49.46,0.0
2022-04-27,19,Manhattan,FREDERICK DOUGLASS BOULEVARD,West 151 Street,West 152 Street,SB,59,49.46,0.0
2022-04-27,20,Manhattan,FREDERICK DOUGLASS BOULEVARD,West 151 Street,West 152 Street,SB,54,45.68,0.0
2022-04-27,20,Manhattan,FREDERICK DOUGLASS BOULEVARD,West 151 Street,West 152 Street,SB,58,45.68,0.0
2022-04-27,20,Manhattan,FREDERICK DOUGLASS BOULEVARD,West 151 Street,West 152 Street,SB,51,45.68,0.0
2022-04-27,20,Manhattan,FREDERICK DOUGLASS BOULEVARD,West 151 Street,West 152 Street,SB,33,45.68,0.0
2022-04-27,21,Manhattan,FREDERICK DOUGLASS BOULEVARD,West 151 Street,West 152 Street,SB,43,43.97,0.0
2022-04-27,21,Manhattan,FREDERICK DOUGLASS BOULEVARD,West 151 Street,West 152 Street,SB,43,43.97,0.0
2022-04-27,21,Manhattan,FREDERICK DOUGLASS BOULEVARD,West 151 Street,West 152 Street,SB,49,43.97,0.0
2022-04-27,21,Manhattan,FREDERICK DOUGLASS BOULEVARD,West 151 Street,West 152 Street,SB,37,43.97,0.0
2022-04-27,22,Manhattan,FREDERICK DOUGLASS BOULEVARD,West 151 Street,West 152 Street,SB,41,42.17,0.0
2022-04-27,22,Manhattan,FREDERICK DOUGLASS BOULEVARD,West 151 Street,West 152 Street,SB,39,42.17,0.0
2022-04-27,22,Manhattan,FREDERICK DOUGLASS BOULEVARD,West 151 Street,West 152 Street,SB,23,42.17,0.0
2022-04-27,22,Manhattan,FREDERICK DOUGLASS BOULEVARD,West 151 Street,West 152 Street,SB,38,42.17,0.0
2022-04-27,23,Manhattan,FREDERICK DOUGLASS BOULEVARD,West 151 Street,West 152 Street,SB,36,40.82,0.0
2022-04-27,23,Manhattan,FREDERICK DOUGLASS BOULEVARD,West 151 Street,West 152 Street,SB,29,40.82,0.0
2022-04-27,23,Manhattan,FREDERICK DOUGLASS BOULEVARD,West 151 Street,West 152 Street,SB,34,40.82,0.0
2022-04-27,23,Manhattan,FREDERICK DOUGLASS BOULEVARD,West 151 Street,West 152 Street,SB,37,40.82,0.0
2022-04-28,0,Manhattan,FREDERICK DOUGLASS BOULEVARD,West 151 Street,West 152 Street,SB,35,39.56,0.0
2022-04-28,0,Manhattan,FREDERICK DOUGLASS BOULEVARD,West 151 Street,West 152 Street,SB,25,39.56,0.0
2022-04-28,0,Manhattan,FREDERICK DOUGLASS BOULEVARD,West 151 Street,West 152 Street,SB,28,39.56,0.0
2022-04-28,0,Manhattan,FREDERICK DOUGLASS BOULEVARD,West 151 Street,West 152 Street,SB,16,39.56,0.0
2022-04-28,1,Manhattan,FREDERICK DOUGLASS BOULEVARD,West 151 Street,West 152 Street,SB,11,38.84,0.0
2022-04-28,1,Manhattan,FREDERICK DOUGLASS BOULEVARD,West 151 Street,West 152 Street,SB,18,38.84,0.0
2022-04-28,1,Manhattan,FREDERICK DOUGLASS BOULEVARD,West 151 Street,West 152 Street,SB,14,38.84,0.0
2022-04-28,1,Manhattan,FREDERICK DOUGLASS BOULEVARD,West 151 Street,West 152 Street,SB,12,38.84,0.0
2022-04-28,2,Manhattan,FREDERICK DOUGLASS BOULEVARD,West 151 Street,West 152 Street,SB,15,38.39,0.0
2022-04-28,2,Manhattan,FREDERICK DOUGLASS BOULEVARD,West 151 Street,West 152 Street,SB,11,38.39,0.0
2022-04-28,2,Manhattan,FREDERICK DOUGLASS BOULEVARD,West 151 Street,West 152 Street,SB,17,38.39,0.0
2022-04-28,2,Manhattan,FREDERICK DOUGLASS BOULEVARD,West 151 Street,West 152 Street,SB,15,38.39,0.0
2022-04-28,3,Manhattan,FREDERICK DOUGLASS BOULEVARD,West 151 Street,West 152 Street,SB,6,38.12,0.0
2022-04-28,3,Manhattan,FREDERICK DOUGLASS BOULEVARD,West 151 Street,West 152 Street,SB,18,38.12,0.0
2022-04-28,3,Manhattan,FREDERICK DOUGLASS BOULEVARD,West 151 Street,West 152 Street,SB,17,38.12,0.0
2022-04-28,3,Manhattan,FREDERICK DOUGLASS BOULEVARD,West 151 Street,West 152 Street,SB,6,38.12,0.0
2022-04-28,4,Manhattan,FREDERICK DOUGLASS BOULEVARD,West 151 Street,West 152 Street,SB,11,37.85,0.0
2023-09-20,23,Queens,WOODSIDE AVENUE,Dead End,37 Avenue,NB,11,59.36,0.0
2023-09-20,23,Queens,WOODSIDE AVENUE,Dead End,37 Avenue,NB,14,59.36,0.0
2023-09-20,23,Queens,WOODSIDE AVENUE,Dead End,37 Avenue,NB,14,59.36,0.0
2023-09-21,0,Queens,WOODSIDE AVENUE,Dead End,37 Avenue,NB,12,57.739998,0.0
2023-09-21,0,Queens,WOODSIDE AVENUE,Dead End,37 Avenue,NB,6,57.739998,0.0
2023-09-21,0,Queens,WOODSIDE AVENUE,Dead End,37 Avenue,NB,10,57.739998,0.0
2023-09-21,0,Queens,WOODSIDE AVENUE,Dead End,37 Avenue,NB,9,57.739998,0.0
2023-09-21,1,Queens,WOODSIDE AVENUE,Dead End,37 Avenue,NB,15,57.29,0.0
2023-09-21,1,Queens,WOODSIDE AVENUE,Dead End,37 Avenue,NB,7,57.29,0.0
2023-09-21,1,Queens,WOODSIDE AVENUE,Dead End,37 Avenue,NB,5,57.29,0.0
2023-09-21,1,Queens,WOODSIDE AVENUE,Dead End,37 Avenue,NB,8,57.29,0.0
2023-09-21,2,Queens,WOODSIDE AVENUE,Dead End,37 Avenue,NB,8,56.84,0.0
2023-09-21,2,Queens,WOODSIDE AVENUE,Dead End,37 Avenue,NB,8,56.84,0.0
2023-09-21,2,Queens,WOODSIDE AVENUE,Dead End,37 Avenue,NB,4,56.84,0.0
2023-09-21,2,Queens,WOODSIDE AVENUE,Dead End,37 Avenue,NB,5,56.84,0.0
2023-09-21,3,Queens,WOODSIDE AVENUE,Dead End,37 Avenue,NB,6,55.58,0.0
2023-09-21,3,Queens,WOODSIDE AVENUE,Dead End,37 Avenue,NB,5,55.58,0.0
2023-09-21,3,Queens,WOODSIDE AVENUE,Dead End,37 Avenue,NB,2,55.58,0.0
2023-09-21,3,Queens,WOODSIDE AVENUE,Dead End,37 Avenue,NB,2,55.58,0.0
2023-09-21,4,Queens,WOODSIDE AVENUE,Dead End,37 Avenue,NB,3,54.5,0.0
2023-09-21,4,Queens,WOODSIDE AVENUE,Dead End,37 Avenue,NB,7,54.5,0.0
2023-09-21,4,Queens,WOODSIDE AVENUE,Dead End,37 Avenue,NB,19,54.5,0.0
2023-09-21,4,Queens,WOODSIDE AVENUE,Dead End,37 Avenue,NB,12,54.5,0.0
2023-09-21,5,Queens,WOODSIDE AVENUE,Dead End,37 Avenue,NB,12,53.6,0.0
2023-09-21,5,Queens,WOODSIDE AVENUE,Dead End,37 Avenue,NB,12,53.6,0.0
2023-09-21,5,Queens,WOODSIDE AVENUE,Dead End,37 Avenue,NB,11,53.6,0.0
2023-09-21,5,Queens,WOODSIDE AVENUE,Dead End,37 Avenue,NB,28,53.6,0.0
2023-09-21,6,Queens,WOODSIDE AVENUE,Dead End,37 Avenue,NB,35,53.059998,0.0
2023-09-21,6,Queens,WOODSIDE AVENUE,Dead End,37 Avenue,NB,24,53.059998,0.0
2023-09-21,6,Queens,WOODSIDE AVENUE,Dead End,37 Avenue,NB,29,53.059998,0.0
2023-09-21,6,Queens,WOODSIDE AVENUE,Dead End,37 Avenue,NB,36,53.059998,0.0
2023-09-21,7,Queens,WOODSIDE AVENUE,Dead End,37 Avenue,NB,40,52.97,0.0
2023-09-21,7,Queens,WOODSIDE AVENUE,Dead End,37 Avenue,NB,61,52.97,0.0
2023-09-21,7,Queens,WOODSIDE AVENUE,Dead End,37 Avenue,NB,44,52.97,0.0
2023-09-21,7,Queens,WOODSIDE AVENUE,Dead End,37 Avenue,NB,76,52.97,0.0
2023-09-21,8,Queens,WOODSIDE AVENUE,Dead End,37 Avenue,NB,56,56.03,0.0
2023-09-21,8,Queens,WOODSIDE AVENUE,Dead End,37 Avenue,NB,71,56.03,0.0
2023-09-21,8,Queens,WOODSIDE AVENUE,Dead End,37 Avenue,NB,71,56.03,0.0
2023-09-21,8,Queens,WOODSIDE AVENUE,Dead End,37 Avenue,NB,49,56.03,0.0
2023-09-21,9,Queens,WOODSIDE AVENUE,Dead End,37 Avenue,NB,63,59.18,0.0
2023-09-21,9,Queens,WOODSIDE AVENUE,Dead End,37 Avenue,NB,57,59.18,0.0
2023-09-21,9,Queens,WOODSIDE AVENUE,Dead End,37 Avenue,NB,59,59.18,0.0
2023-09-21,9,Queens,WOODSIDE AVENUE,Dead End,37 Avenue,NB,74,59.18,0.0
2023-09-21,10,Queens,WOODSIDE AVENUE,Dead End,37 Avenue,NB,67,62.6,0.0
2023-09-21,10,Queens,WOODSIDE AVENUE,Dead End,37 Avenue,NB,54,62.6,0.0
2023-09-21,10,Queens,WOODSIDE AVENUE,Dead End,37 Avenue,NB,58,62.6,0.0
2023-09-21,10,Queens,WOODSIDE AVENUE,Dead End,37 Avenue,NB,56,62.6,0.0
2023-09-21,11,Queens,WOODSIDE AVENUE,Dead End,37 Avenue,NB,76,65.66,0.0
2023-09-21,11,Queens,WOODSIDE AVENUE,Dead End,37 Avenue,NB,52,65.66,0.0
2023-09-21,11,Queens,WOODSIDE AVENUE,Dead End,37 Avenue,NB,50,65.66,0.0
2023-09-21,11,Queens,WOODSIDE AVENUE,Dead End,37 Avenue,NB,57,65.66,0.0
2023-09-21,12,Queens,WOODSIDE AVENUE,Dead End,37 Avenue,NB,74,68.0,0.0
2023-09-21,12,Queens,WOODSIDE AVENUE,Dead End,37 Avenue,NB,62,68.0,0.0
2023-09-21,12,Queens,WOODSIDE AVENUE,Dead End,37 Avenue,NB,77,68.0,0.0
2023-09-21,12,Queens,WOODSIDE AVENUE,Dead End,37 Avenue,NB,62,68.0,0.0
2023-09-21,13,Queens,WOODSIDE AVENUE,Dead End,37 Avenue,NB,60,69.53,0.0
2023-09-21,13,Queens,WOODSIDE AVENUE,Dead End,37 Avenue,NB,56,69.53,0.0
2023-09-21,13,Queens,WOODSIDE AVENUE,Dead End,37 Avenue,NB,60,69.53,0.0
2023-09-21,13,Queens,WOODSIDE AVENUE,Dead End,37 Avenue,NB,56,69.53,0.0
2023-09-21,14,Queens,WOODSIDE AVENUE,Dead End,37 Avenue,NB,80,70.7,0.0
2023-09-21,14,Queens,WOODSIDE AVENUE,Dead End,37 Avenue,NB,57,70.7,0.0
2023-09-21,14,Queens,WOODSIDE AVENUE,Dead End,37 Avenue,NB,73,70.7,0.0
2023-09-21,14,Queens,WOODSIDE AVENUE,Dead End,37 Avenue,NB,83,70.7,0.0
2023-09-21,15,Queens,WOODSIDE AVENUE,Dead End,37 Avenue,NB,62,72.14,0.0
2023-09-21,15,Queens,WOODSIDE AVENUE,Dead End,37 Avenue,NB,74,72.14,0.0
2023-09-21,15,Queens,WOODSIDE AVENUE,Dead End,37 Avenue,NB,83,72.14,0.0
2023-09-21,15,Queens,WOODSIDE AVENUE,Dead End,37 Avenue,NB,75,72.14,0.0
2023-09-21,16,Queens,WOODSIDE AVENUE,Dead End,37 Avenue,NB,79,72.86,0.0
2023-09-21,16,Queens,WOODSIDE AVENUE,Dead End,37 Avenue,NB,87,72.86,0.0
2023-09-21,16,Queens,WOODSIDE AVENUE,Dead End,37 Avenue,NB,52,72.86,0.0
2023-09-21,16,Queens,WOODSIDE AVENUE,Dead End,37 Avenue,NB,75,72.86,0.0
2023-09-21,17,Queens,WOODSIDE AVENUE,Dead End,37 Avenue,NB,72,72.41,0.0
2023-09-21,17,Queens,WOODSIDE AVENUE,Dead End,37 Avenue,NB,81,72.41,0.0
2023-09-21,17,Queens,WOODSIDE AVENUE,Dead End,37 Avenue,NB,68,72.41,0.0
2023-09-21,17,Queens,WOODSIDE AVENUE,Dead End,37 Avenue,NB,73,72.41,0.0
2023-09-21,18,Queens,WOODSIDE AVENUE,Dead End,37 Avenue,NB,63,69.89,0.0
2023-09-21,18,Queens,WOODSIDE AVENUE,Dead End,37 Avenue,NB,59,69.89,0.0
2023-09-21,18,Queens,WOODSIDE AVENUE,Dead End,37 Avenue,NB,64,69.89,0.0
2023-09-21,18,Queens,WOODSIDE AVENUE,Dead End,37 Avenue,NB,76,69.89,0.0
2023-09-21,19,Queens,WOODSIDE AVENUE,Dead End,37 Avenue,NB,39,64.85,0.0
2023-09-21,19,Queens,WOODSIDE AVENUE,Dead End,37 Avenue,NB,57,64.85,0.0
2023-09-21,19,Queens,WOODSIDE AVENUE,Dead End,37 Avenue,NB,55,64.85,0.0
2023-09-21,19,Queens,WOODSIDE AVENUE,Dead End,37 Avenue,NB,55,64.85,0.0
2023-09-21,20,Queens,WOODSIDE AVENUE,Dead End,37 Avenue,NB,48,64.31,0.0
2023-09-21,20,Queens,WOODSIDE AVENUE,Dead End,37 Avenue,NB,48,64.31,0.0
2023-09-21,20,Queens,WOODSIDE AVENUE,Dead End,37 Avenue,NB,38,64.31,0.0
2023-09-21,20,Queens,WOODSIDE AVENUE,Dead End,37 Avenue,NB,43,64.31,0.0
2023-09-21,21,Queens,WOODSIDE AVENUE,Dead End,37 Avenue,NB,36,62.69,0.0
2023-09-21,21,Queens,WOODSIDE AVENUE,Dead End,37 Avenue,NB,24,62.69,0.0
2023-09-21,21,Queens,WOODSIDE AVENUE,Dead End,37 Avenue,NB,36,62.69,0.0
2023-09-21,21,Queens,WOODSIDE AVENUE,Dead End,37 Avenue,NB,28,62.69,0.0
2023-09-21,22,Queens,WOODSIDE AVENUE,Dead End,37 Avenue,NB,30,61.07,0.0
2023-09-21,22,Queens,WOODSIDE AVENUE,Dead End,37 Avenue,NB,26,61.07,0.0
2023-09-21,22,Queens,WOODSIDE AVENUE,Dead End,37 Avenue,NB,29,61.07,0.0
2023-09-21,22,Queens,WOODSIDE AVENUE,Dead End,37 Avenue,NB,25,61.07,0.0
2023-09-21,23,Queens,WOODSIDE AVENUE,Dead End,37 Avenue,NB,27,60.260002,0.0
2023-09-21,23,Queens,WOODSIDE AVENUE,Dead End,37 Avenue,NB,25,60.260002,0.0
2023-09-21,23,Queens,WOODSIDE AVENUE,Dead End,37 Avenue,NB,9,60.260002,0.0
2023-09-21,23,Queens,WOODSIDE AVENUE,Dead End,37 Avenue,NB,11,60.260002,0.0
2023-09-22,0,Queens,WOODSIDE AVENUE,Dead End,37 Avenue,NB,11,59.269997,0.0
2023-09-22,0,Queens,WOODSIDE AVENUE,Dead End,37 Avenue,NB,9,59.269997,0.0
2023-09-22,0,Queens,WOODSIDE AVENUE,Dead End,37 Avenue,NB,8,59.269997,0.0
2023-09-22,0,Queens,WOODSIDE AVENUE,Dead End,37 Avenue,NB,18,59.269997,0.0
2023-09-22,1,Queens,WOODSIDE AVENUE,Dead End,37 Avenue,NB,16,57.739998,0.0
2023-09-22,1,Queens,WOODSIDE AVENUE,Dead End,37 Avenue,NB,7,57.739998,0.0
2023-03-25,6,Bronx,EAST TREMONT AVENUE,Webster Avenue,Park Avenue,EB,111,41.36,0.0
2023-03-25,7,Bronx,EAST TREMONT AVENUE,Webster Avenue,Park Avenue,EB,99,42.71,0.0
2023-03-25,7,Bronx,EAST TREMONT AVENUE,Webster Avenue,Park Avenue,EB,97,42.71,0.0
2023-03-25,7,Bronx,EAST TREMONT AVENUE,Webster Avenue,Park Avenue,EB,127,42.71,0.0
2023-03-25,7,Bronx,EAST TREMONT AVENUE,Webster Avenue,Park Avenue,EB,129,42.71,0.0
2023-03-25,8,Bronx,EAST TREMONT AVENUE,Webster Avenue,Park Avenue,EB,128,42.71,0.0
2023-03-25,8,Bronx,EAST TREMONT AVENUE,Webster Avenue,Park Avenue,EB,125,42.71,0.0
2023-03-25,8,Bronx,EAST TREMONT AVENUE,Webster Avenue,Park Avenue,EB,180,42.71,0.0
2023-03-25,8,Bronx,EAST TREMONT AVENUE,Webster Avenue,Park Avenue,EB,156,42.71,0.0
2023-03-25,9,Bronx,EAST TREMONT AVENUE,Webster Avenue,Park Avenue,EB,162,42.89,0.0
2023-03-25,9,Bronx,EAST TREMONT AVENUE,Webster Avenue,Park Avenue,EB,130,42.89,0.0
2023-03-25,9,Bronx,EAST TREMONT AVENUE,Webster Avenue,Park Avenue,EB,158,42.89,0.0
2023-03-25,9,Bronx,EAST TREMONT AVENUE,Webster Avenue,Park Avenue,EB,163,42.89,0.0
2023-03-25,10,Bronx,EAST TREMONT AVENUE,Webster Avenue,Park Avenue,EB,176,42.71,0.027559055
2023-03-25,10,Bronx,EAST TREMONT AVENUE,Webster Avenue,Park Avenue,EB,192,42.71,0.027559055
2023-03-25,10,Bronx,EAST TREMONT AVENUE,Webster Avenue,Park Avenue,EB,166,42.71,0.027559055
2023-03-25,10,Bronx,EAST TREMONT AVENUE,Webster Avenue,Park Avenue,EB,199,42.71,0.027559055
2023-03-25,11,Bronx,EAST TREMONT AVENUE,Webster Avenue,Park Avenue,EB,192,42.71,0.007874016
2023-03-25,11,Bronx,EAST TREMONT AVENUE,Webster Avenue,Park Avenue,EB,200,42.71,0.007874016
2023-03-25,11,Bronx,EAST TREMONT AVENUE,Webster Avenue,Park Avenue,EB,166,42.71,0.007874016
2023-03-25,11,Bronx,EAST TREMONT AVENUE,Webster Avenue,Park Avenue,EB,202,42.71,0.007874016
2023-03-25,12,Bronx,EAST TREMONT AVENUE,Webster Avenue,Park Avenue,EB,218,43.16,0.08661418
2023-03-25,12,Bronx,EAST TREMONT AVENUE,Webster Avenue,Park Avenue,EB,197,43.16,0.08661418
2023-03-25,12,Bronx,EAST TREMONT AVENUE,Webster Avenue,Park Avenue,EB,193,43.16,0.08661418
2023-03-25,12,Bronx,EAST TREMONT AVENUE,Webster Avenue,Park Avenue,EB,187,43.16,0.08661418
2023-03-25,13,Bronx,EAST TREMONT AVENUE,Webster Avenue,Park Avenue,EB,199,43.52,0.098425195
2023-03-25,13,Bronx,EAST TREMONT AVENUE,Webster Avenue,Park Avenue,EB,208,43.52,0.098425195
2023-03-25,13,Bronx,EAST TREMONT AVENUE,Webster Avenue,Park Avenue,EB,213,43.52,0.098425195
2023-03-25,13,Bronx,EAST TREMONT AVENUE,Webster Avenue,Park Avenue,EB,206,43.52,0.098425195
2023-03-25,14,Bronx,EAST TREMONT AVENUE,Webster Avenue,Park Avenue,EB,207,44.059998,0.05905512
2023-03-25,14,Bronx,EAST TREMONT AVENUE,Webster Avenue,Park Avenue,EB,197,44.059998,0.05905512
2023-03-25,14,Bronx,EAST TREMONT AVENUE,Webster Avenue,Park Avenue,EB,207,44.059998,0.05905512
2023-03-25,14,Bronx,EAST TREMONT AVENUE,Webster Avenue,Park Avenue,EB,213,44.059998,0.05905512
2023-03-25,15,Bronx,EAST TREMONT AVENUE,Webster Avenue,Park Avenue,EB,203,43.61,0.023622049
2023-03-25,15,Bronx,EAST TREMONT AVENUE,Webster Avenue,Park Avenue,EB,195,43.61,0.023622049
2023-03-25,15,Bronx,EAST TREMONT AVENUE,Webster Avenue,Park Avenue,EB,217,43.61,0.023622049
2023-03-25,15,Bronx,EAST TREMONT AVENUE,Webster Avenue,Park Avenue,EB,212,43.61,0.023622049
2023-03-25,16,Bronx,EAST TREMONT AVENUE,Webster Avenue,Park Avenue,EB,223,44.690002,0.031496063
2023-03-25,16,Bronx,EAST TREMONT AVENUE,Webster Avenue,Park Avenue,EB,209,44.690002,0.031496063
2023-03-25,16,Bronx,EAST TREMONT AVENUE,Webster Avenue,Park Avenue,EB,220,44.690002,0.031496063
2023-03-25,16,Bronx,EAST TREMONT AVENUE,Webster Avenue,Park Avenue,EB,196,44.690002,0.031496063
2023-03-25,17,Bronx,EAST TREMONT AVENUE,Webster Avenue,Park Avenue,EB,213,45.32,0.023622049
2023-03-25,17,Bronx,EAST TREMONT AVENUE,Webster Avenue,Park Avenue,EB,206,45.32,0.023622049
2023-03-25,17,Bronx,EAST TREMONT AVENUE,Webster Avenue,Park Avenue,EB,214,45.32,0.023622049
2023-03-25,17,Bronx,EAST TREMONT AVENUE,Webster Avenue,Park Avenue,EB,214,45.32,0.023622049
2023-03-25,18,Bronx,EAST TREMONT AVENUE,Webster Avenue,Park Avenue,EB,234,46.58,0.007874016
2023-03-25,18,Bronx,EAST TREMONT AVENUE,Webster Avenue,Park Avenue,EB,192,46.58,0.007874016
2023-03-25,18,Bronx,EAST TREMONT AVENUE,Webster Avenue,Park Avenue,EB,213,46.58,0.007874016
2023-03-25,18,Bronx,EAST TREMONT AVENUE,Webster Avenue,Park Avenue,EB,243,46.58,0.007874016
2023-03-25,19,Bronx,EAST TREMONT AVENUE,Webster Avenue,Park Avenue,EB,199,46.58,0.003937008
2023-03-25,19,Bronx,EAST TREMONT AVENUE,Webster Avenue,Park Avenue,EB,210,46.58,0.003937008
2023-03-25,19,Bronx,EAST TREMONT AVENUE,Webster Avenue,Park Avenue,EB,181,46.58,0.003937008
2023-03-25,19,Bronx,EAST TREMONT AVENUE,Webster Avenue,Park Avenue,EB,201,46.58,0.003937008
2023-03-25,20,Bronx,EAST TREMONT AVENUE,Webster Avenue,Park Avenue,EB,163,42.98,0.0
2023-03-25,20,Bronx,EAST TREMONT AVENUE,Webster Avenue,Park Avenue,EB,175,42.98,0.0
2023-03-25,20,Bronx,EAST TREMONT AVENUE,Webster Avenue,Park Avenue,EB,186,42.98,0.0
2023-03-25,20,Bronx,EAST TREMONT AVENUE,Webster Avenue,Park Avenue,EB,200,42.98,0.0
2023-03-25,21,Bronx,EAST TREMONT AVENUE,Webster Avenue,Park Avenue,EB,182,42.98,0.0
2023-03-25,21,Bronx,EAST TREMONT AVENUE,Webster Avenue,Park Avenue,EB,176,42.98,0.0
2023-03-25,21,Bronx,EAST TREMONT AVENUE,Webster Avenue,Park Avenue,EB,186,42.98,0.0
2023-03-25,21,Bronx,EAST TREMONT AVENUE,Webster Avenue,Park Avenue,EB,191,42.98,0.0
2023-03-25,22,Bronx,EAST TREMONT AVENUE,Webster Avenue,Park Avenue,EB,158,42.89,0.023622049
2023-03-25,22,Bronx,EAST TREMONT AVENUE,Webster Avenue,Park Avenue,EB,182,42.89,0.023622049
2023-03-25,22,Bronx,EAST TREMONT AVENUE,Webster Avenue,Park Avenue,EB,159,42.89,0.023622049
2023-03-25,22,Bronx,EAST TREMONT AVENUE,Webster Avenue,Park Avenue,EB,154,42.89,0.023622049
2023-03-25,23,Bronx,EAST TREMONT AVENUE,Webster Avenue,Park Avenue,EB,150,42.260002,0.0
2023-03-25,23,Bronx,EAST TREMONT AVENUE,Webster Avenue,Park Avenue,EB,159,42.260002,0.0
2023-03-25,23,Bronx,EAST TREMONT AVENUE,Webster Avenue,Park Avenue,EB,165,42.260002,0.0
2023-03-25,23,Bronx,EAST TREMONT AVENUE,Webster Avenue,Park Avenue,EB,164,42.260002,0.0
2023-03-23,0,Bronx,PARK AVENUE,East 179 St Footbridge,East 180 Street,NB,26,44.690002,0.0
2023-03-23,0,Bronx,PARK AVENUE,East 179 St Footbridge,East 180 Street,NB,15,44.690002,0.0
2023-03-23,0,Bronx,PARK AVENUE,East 179 St Footbridge,East 180 Street,NB,14,44.690002,0.0
2023-03-23,0,Bronx,PARK AVENUE,East 179 St Footbridge,East 180 Street,NB,14,44.690002,0.0
2023-03-23,1,Bronx,PARK AVENUE,East 179 St Footbridge,East 180 Street,NB,14,42.71,0.0
2023-03-23,1,Bronx,PARK AVENUE,East 179 St Footbridge,East 180 Street,NB,10,42.71,0.0
2023-03-23,1,Bronx,PARK AVENUE,East 179 St Footbridge,East 180 Street,NB,14,42.71,0.0
2023-03-23,1,Bronx,PARK AVENUE,East 179 St Footbridge,East 180 Street,NB,10,42.71,0.0
2023-03-23,2,Bronx,PARK AVENUE,East 179 St Footbridge,East 180 Street,NB,10,41.989998,0.0
2023-03-23,2,Bronx,PARK AVENUE,East 179 St Footbridge,East 180 Street,NB,7,41.989998,0.0
2023-03-23,2,Bronx,PARK AVENUE,East 179 St Footbridge,East 180 Street,NB,6,41.989998,0.0
2023-03-23,2,Bronx,PARK AVENUE,East 179 St Footbridge,East 180 Street,NB,6,41.989998,0.0
2023-03-23,3,Bronx,PARK AVENUE,East 179 St Footbridge,East 180 Street,NB,3,42.440002,0.0
2023-03-23,3,Bronx,PARK AVENUE,East 179 St Footbridge,East 180 Street,NB,6,42.440002,0.0
2023-03-23,3,Bronx,PARK AVENUE,East 179 St Footbridge,East 180 Street,NB,6,42.440002,0.0
2023-03-23,3,Bronx,PARK AVENUE,East 179 St Footbridge,East 180 Street,NB,9,42.440002,0.0
2023-03-23,4,Bronx,PARK AVENUE,East 179 St Footbridge,East 180 Street,NB,10,42.98,0.0
2023-03-23,4,Bronx,PARK AVENUE,East 179 St Footbridge,East 180 Street,NB,8,42.98,0.0
2023-03-23,4,Bronx,PARK AVENUE,East 179 St Footbridge,East 180 Street,NB,5,42.98,0.0
2023-03-23,4,Bronx,PARK AVENUE,East 179 St Footbridge,East 180 Street,NB,8,42.98,0.0
2023-03-23,5,Bronx,PARK AVENUE,East 179 St Footbridge,East 180 Street,NB,14,43.61,0.0
2023-03-23,5,Bronx,PARK AVENUE,East 179 St Footbridge,East 180 Street,NB,12,43.61,0.0
2023-03-23,5,Bronx,PARK AVENUE,East 179 St Footbridge,East 180 Street,NB,17,43.61,0.0
2023-03-23,5,Bronx,PARK AVENUE,East 179 St Footbridge,East 180 Street,NB,22,43.61,0.0
2023-03-23,6,Bronx,PARK AVENUE,East 179 St Footbridge,East 180 Street,NB,20,44.96,0.0
2023-03-23,6,Bronx,PARK AVENUE,East 179 St Footbridge,East 180 Street,NB,21,44.96,0.0
2023-03-23,6,Bronx,PARK AVENUE,East 179 St Footbridge,East 180 Street,NB,54,44.96,0.0
2023-03-23,6,Bronx,PARK AVENUE,East 179 St Footbridge,East 180 Street,NB,57,44.96,0.0
2023-03-23,7,Bronx,PARK AVENUE,East 179 St Footbridge,East 180 Street,NB,40,45.32,0.0
2023-03-23,7,Bronx,PARK AVENUE,East 179 St Footbridge,East 180 Street,NB,51,45.32,0.0
2023-03-23,7,Bronx,PARK AVENUE,East 179 St Footbridge,East 180 Street,NB,72,45.32,0.0
2024-03-07,6,Manhattan,WEST 155 STREET,Harlem River Drive Service Rd W,Frederick Douglass Boulevard,EB,172,47.93,0.04330709
2024-03-07,7,Manhattan,WEST 155 STREET,Harlem River Drive Service Rd W,Frederick Douglass Boulevard,EB,169,47.3,0.0118110245
2024-03-07,7,Manhattan,WEST 155 STREET,Harlem River Drive Service Rd W,Frederick Douglass Boulevard,EB,211,47.3,0.0118110245
2024-03-07,7,Manhattan,WEST 155 STREET,Harlem River Drive Service Rd W,Frederick Douglass Boulevard,EB,192,47.3,0.0118110245
2024-03-07,7,Manhattan,WEST 155 STREET,Harlem River Drive Service Rd W,Frederick Douglass Boulevard,EB,201,47.3,0.0118110245
2024-03-07,8,Manhattan,WEST 155 STREET,Harlem River Drive Service Rd W,Frederick Douglass Boulevard,EB,162,47.03,0.003937008
2024-03-07,8,Manhattan,WEST 155 STREET,Harlem River Drive Service Rd W,Frederick Douglass Boulevard,EB,168,47.03,0.003937008
2024-03-07,8,Manhattan,WEST 155 STREET,Harlem River Drive Service Rd W,Frederick Douglass Boulevard,EB,181,47.03,0.003937008
2024-03-07,8,Manhattan,WEST 155 STREET,Harlem River Drive Service Rd W,Frederick Douglass Boulevard,EB,164,47.03,0.003937008
2024-03-07,9,Manhattan,WEST 155 STREET,Harlem River Drive Service Rd W,Frederick Douglass Boulevard,EB,166,49.37,0.0
2024-03-07,9,Manhattan,WEST 155 STREET,Harlem River Drive Service Rd W,Frederick Douglass Boulevard,EB,160,49.37,0.0
2024-03-07,9,Manhattan,WEST 155 STREET,Harlem River Drive Service Rd W,Frederick Douglass Boulevard,EB,162,49.37,0.0
2024-03-07,9,Manhattan,WEST 155 STREET,Harlem River Drive Service Rd W,Frederick Douglass Boulevard,EB,164,49.37,0.0
2024-03-07,10,Manhattan,WEST 155 STREET,Harlem River Drive Service Rd W,Frederick Douglass Boulevard,EB,153,50.99,0.0
2024-03-07,10,Manhattan,WEST 155 STREET,Harlem River Drive Service Rd W,Frederick Douglass Boulevard,EB,174,50.99,0.0
2024-03-07,10,Manhattan,WEST 155 STREET,Harlem River Drive Service Rd W,Frederick Douglass Boulevard,EB,129,50.99,0.0
2024-03-07,10,Manhattan,WEST 155 STREET,Harlem River Drive Service Rd W,Frederick Douglass Boulevard,EB,173,50.99,0.0
2024-03-07,11,Manhattan,WEST 155 STREET,Harlem River Drive Service Rd W,Frederick Douglass Boulevard,EB,143,50.54,0.0
2024-03-07,11,Manhattan,WEST 155 STREET,Harlem River Drive Service Rd W,Frederick Douglass Boulevard,EB,169,50.54,0.0
2024-03-07,11,Manhattan,WEST 155 STREET,Harlem River Drive Service Rd W,Frederick Douglass Boulevard,EB,164,50.54,0.0
2024-03-07,11,Manhattan,WEST 155 STREET,Harlem River Drive Service Rd W,Frederick Douglass Boulevard,EB,183,50.54,0.0
2024-03-07,12,Manhattan,WEST 155 STREET,Harlem River Drive Service Rd W,Frederick Douglass Boulevard,EB,157,53.78,0.0
2024-03-07,12,Manhattan,WEST 155 STREET,Harlem River Drive Service Rd W,Frederick Douglass Boulevard,EB,138,53.78,0.0
2024-03-07,12,Manhattan,WEST 155 STREET,Harlem River Drive Service Rd W,Frederick Douglass Boulevard,EB,162,53.78,0.0
2024-03-07,12,Manhattan,WEST 155 STREET,Harlem River Drive Service Rd W,Frederick Douglass Boulevard,EB,159,53.78,0.0
2024-03-07,13,Manhattan,WEST 155 STREET,Harlem River Drive Service Rd W,Frederick Douglass Boulevard,EB,127,54.23,0.0
2024-03-07,13,Manhattan,WEST 155 STREET,Harlem River Drive Service Rd W,Frederick Douglass Boulevard,EB,162,54.23,0.0
2024-03-07,13,Manhattan,WEST 155 STREET,Harlem River Drive Service Rd W,Frederick Douglass Boulevard,EB,120,54.23,0.0
2024-03-07,13,Manhattan,WEST 155 STREET,Harlem River Drive Service Rd W,Frederick Douglass Boulevard,EB,166,54.23,0.0
2024-03-07,14,Manhattan,WEST 155 STREET,Harlem River Drive Service Rd W,Frederick Douglass Boulevard,EB,155,52.88,0.0
2024-03-07,14,Manhattan,WEST 155 STREET,Harlem River Drive Service Rd W,Frederick Douglass Boulevard,EB,182,52.88,0.0
2024-03-07,14,Manhattan,WEST 155 STREET,Harlem River Drive Service Rd W,Frederick Douglass Boulevard,EB,156,52.88,0.0
2024-03-07,14,Manhattan,WEST 155 STREET,Harlem River Drive Service Rd W,Frederick Douglass Boulevard,EB,141,52.88,0.0
2024-03-07,15,Manhattan,WEST 155 STREET,Harlem River Drive Service Rd W,Frederick Douglass Boulevard,EB,156,52.61,0.0
2024-03-07,15,Manhattan,WEST 155 STREET,Harlem River Drive Service Rd W,Frederick Douglass Boulevard,EB,171,52.61,0.0
2024-03-07,15,Manhattan,WEST 155 STREET,Harlem River Drive Service Rd W,Frederick Douglass Boulevard,EB,139,52.61,0.0
2024-03-07,15,Manhattan,WEST 155 STREET,Harlem River Drive Service Rd W,Frederick Douglass Boulevard,EB,153,52.61,0.0
2024-03-07,16,Manhattan,WEST 155 STREET,Harlem River Drive Service Rd W,Frederick Douglass Boulevard,EB,142,52.61,0.0
2024-03-07,16,Manhattan,WEST 155 STREET,Harlem River Drive Service Rd W,Frederick Douglass Boulevard,EB,148,52.61,0.0
2024-03-07,16,Manhattan,WEST 155 STREET,Harlem River Drive Service Rd W,Frederick Douglass Boulevard,EB,128,52.61,0.0
2024-03-07,16,Manhattan,WEST 155 STREET,Harlem River Drive Service Rd W,Frederick Douglass Boulevard,EB,137,52.61,0.0
2024-03-07,17,Manhattan,WEST 155 STREET,Harlem River Drive Service Rd W,Frederick Douglass Boulevard,EB,141,53.42,0.0
2024-03-07,17,Manhattan,WEST 155 STREET,Harlem River Drive Service Rd W,Frederick Douglass Boulevard,EB,137,53.42,0.0
2024-03-07,17,Manhattan,WEST 155 STREET,Harlem River Drive Service Rd W,Frederick Douglass Boulevard,EB,147,53.42,0.0
2024-03-07,17,Manhattan,WEST 155 STREET,Harlem River Drive Service Rd W,Frederick Douglass Boulevard,EB,137,53.42,0.0
2024-03-07,18,Manhattan,WEST 155 STREET,Harlem River Drive Service Rd W,Frederick Douglass Boulevard,EB,133,52.7,0.0
2024-03-07,18,Manhattan,WEST 155 STREET,Harlem River Drive Service Rd W,Frederick Douglass Boulevard,EB,128,52.7,0.0
2024-03-07,18,Manhattan,WEST 155 STREET,Harlem River Drive Service Rd W,Frederick Douglass Boulevard,EB,155,52.7,0.0
2024-03-07,18,Manhattan,WEST 155 STREET,Harlem River Drive Service Rd W,Frederick Douglass Boulevard,EB,157,52.7,0.0
2024-03-07,19,Manhattan,WEST 155 STREET,Harlem River Drive Service Rd W,Frederick Douglass Boulevard,EB,163,51.26,0.0
2024-03-07,19,Manhattan,WEST 155 STREET,Harlem River Drive Service Rd W,Frederick Douglass Boulevard,EB,146,51.26,0.0
2024-03-07,19,Manhattan,WEST 155 STREET,Harlem River Drive Service Rd W,Frederick Douglass Boulevard,EB,127,51.26,0.0
2024-03-07,19,Manhattan,WEST 155 STREET,Harlem River Drive Service Rd W,Frederick Douglass Boulevard,EB,146,51.26,0.0
2024-03-07,20,Manhattan,WEST 155 STREET,Harlem River Drive Service Rd W,Frederick Douglass Boulevard,EB,150,50.27,0.0
2024-03-07,20,Manhattan,WEST 155 STREET,Harlem River Drive Service Rd W,Frederick Douglass Boulevard,EB,154,50.27,0.0
2024-03-07,20,Manhattan,WEST 155 STREET,Harlem River Drive Service Rd W,Frederick Douglass Boulevard,EB,135,50.27,0.0
2024-03-07,20,Manhattan,WEST 155 STREET,Harlem River Drive Service Rd W,Frederick Douglass Boulevard,EB,135,50.27,0.0
2024-03-07,21,Manhattan,WEST 155 STREET,Harlem River Drive Service Rd W,Frederick Douglass Boulevard,EB,127,46.58,0.0
2024-03-07,21,Manhattan,WEST 155 STREET,Harlem River Drive Service Rd W,Frederick Douglass Boulevard,EB,146,46.58,0.0
2024-03-07,21,Manhattan,WEST 155 STREET,Harlem River Drive Service Rd W,Frederick Douglass Boulevard,EB,150,46.58,0.0
2024-03-07,21,Manhattan,WEST 155 STREET,Harlem River Drive Service Rd W,Frederick Douglass Boulevard,EB,132,46.58,0.0
2024-03-07,22,Manhattan,WEST 155 STREET,Harlem River Drive Service Rd W,Frederick Douglass Boulevard,EB,102,44.42,0.0
2024-03-07,22,Manhattan,WEST 155 STREET,Harlem River Drive Service Rd W,Frederick Douglass Boulevard,EB,114,44.42,0.0
2024-03-07,22,Manhattan,WEST 155 STREET,Harlem River Drive Service Rd W,Frederick Douglass Boulevard,EB,114,44.42,0.0
2024-03-07,22,Manhattan,WEST 155 STREET,Harlem River Drive Service Rd W,Frederick Douglass Boulevard,EB,92,44.42,0.0
2024-03-07,23,Manhattan,WEST 155 STREET,Harlem River Drive Service Rd W,Frederick Douglass Boulevard,EB,88,42.17,0.0
2024-03-07,23,Manhattan,WEST 155 STREET,Harlem River Drive Service Rd W,Frederick Douglass Boulevard,EB,95,42.17,0.0
2024-03-07,23,Manhattan,WEST 155 STREET,Harlem River Drive Service Rd W,Frederick Douglass Boulevard,EB,93,42.17,0.0
2024-03-07,23,Manhattan,WEST 155 STREET,Harlem River Drive Service Rd W,Frederick Douglass Boulevard,EB,106,42.17,0.0
2024-03-08,0,Manhattan,WEST 155 STREET,Harlem River Drive Service Rd W,Frederick Douglass Boulevard,EB,81,40.82,0.0
2024-03-08,0,Manhattan,WEST 155 STREET,Harlem River Drive Service Rd W,Frederick Douglass Boulevard,EB,66,40.82,0.0
2024-03-08,0,Manhattan,WEST 155 STREET,Harlem River Drive Service Rd W,Frederick Douglass Boulevard,EB,63,40.82,0.0
2024-03-08,0,Manhattan,WEST 155 STREET,Harlem River Drive Service Rd W,Frederick Douglass Boulevard,EB,52,40.82,0.0
2024-03-08,1,Manhattan,WEST 155 STREET,Harlem River Drive Service Rd W,Frederick Douglass Boulevard,EB,46,39.74,0.0
2024-03-08,1,Manhattan,WEST 155 STREET,Harlem River Drive Service Rd W,Frederick Douglass Boulevard,EB,40,39.74,0.0
2024-03-08,1,Manhattan,WEST 155 STREET,Harlem River Drive Service Rd W,Frederick Douglass Boulevard,EB,48,39.74,0.0
2024-03-08,1,Manhattan,WEST 155 STREET,Harlem River Drive Service Rd W,Frederick Douglass Boulevard,EB,40,39.74,0.0
2024-03-08,2,Manhattan,WEST 155 STREET,Harlem River Drive Service Rd W,Frederick Douglass Boulevard,EB,47,38.84,0.0
2024-03-08,2,Manhattan,WEST 155 STREET,Harlem River Drive Service Rd W,Frederick Douglass Boulevard,EB,41,38.84,0.0
2024-03-08,2,Manhattan,WEST 155 STREET,Harlem River Drive Service Rd W,Frederick Douglass Boulevard,EB,26,38.84,0.0
2024-03-08,2,Manhattan,WEST 155 STREET,Harlem River Drive Service Rd W,Frederick Douglass Boulevard,EB,46,38.84,0.0
2024-03-08,3,Manhattan,WEST 155 STREET,Harlem River Drive Service Rd W,Frederick Douglass Boulevard,EB,40,37.94,0.0
2024-03-08,3,Manhattan,WEST 155 STREET,Harlem River Drive Service Rd W,Frederick Douglass Boulevard,EB,48,37.94,0.0
2024-03-08,3,Manhattan,WEST 155 STREET,Harlem River Drive Service Rd W,Frederick Douglass Boulevard,EB,34,37.94,0.0
2024-03-08,3,Manhattan,WEST 155 STREET,Harlem River Drive Service Rd W,Frederick Douglass Boulevard,EB,26,37.94,0.0
2024-03-08,4,Manhattan,WEST 155 STREET,Harlem River Drive Service Rd W,Frederick Douglass Boulevard,EB,37,36.68,0.0
2024-03-08,4,Manhattan,WEST 155 STREET,Harlem River Drive Service Rd W,Frederick Douglass Boulevard,EB,41,36.68,0.0
2024-03-08,4,Manhattan,WEST 155 STREET,Harlem River Drive Service Rd W,Frederick Douglass Boulevard,EB,47,36.68,0.0
2024-03-08,4,Manhattan,WEST 155 STREET,Harlem River Drive Service Rd W,Frederick Douglass Boulevard,EB,44,36.68,0.0
2024-03-08,5,Manhattan,WEST 155 STREET,Harlem River Drive Service Rd W,Frederick Douglass Boulevard,EB,54,35.33,0.0
2024-03-08,5,Manhattan,WEST 155 STREET,Harlem River Drive Service Rd W,Frederick Douglass Boulevard,EB,67,35.33,0.0
2024-03-08,5,Manhattan,WEST 155 STREET,Harlem River Drive Service Rd W,Frederick Douglass Boulevard,EB,74,35.33,0.0
2024-03-08,5,Manhattan,WEST 155 STREET,Harlem River Drive Service Rd W,Frederick Douglass Boulevard,EB,83,35.33,0.0
2024-03-08,6,Manhattan,WEST 155 STREET,Harlem River Drive Service Rd W,Frederick Douglass Boulevard,EB,108,33.98,0.0
2024-03-08,6,Manhattan,WEST 155 STREET,Harlem River Drive Service Rd W,Frederick Douglass Boulevard,EB,108,33.98,0.0
2024-03-08,6,Manhattan,WEST 155 STREET,Harlem River Drive Service Rd W,Frederick Douglass Boulevard,EB,134,33.98,0.0
2024-03-08,6,Manhattan,WEST 155 STREET,Harlem River Drive Service Rd W,Frederick Douglass Boulevard,EB,177,33.98,0.0
2024-03-08,7,Manhattan,WEST 155 STREET,Harlem River Drive Service Rd W,Frederick Douglass Boulevard,EB,170,33.35,0.0
2024-03-08,7,Manhattan,WEST 155 STREET,Harlem River Drive Service Rd W,Frederick Douglass Boulevard,EB,190,33.35,0.0
2024-03-08,7,Manhattan,WEST 155 STREET,Harlem River Drive Service Rd W,Frederick Douglass Boulevard,EB,206,33.35,0.0
2024-03-08,7,Manhattan,WEST 155 STREET,Harlem River Drive Service Rd W,Frederick Douglass Boulevard,EB,208,33.35,0.0
2024-03-08,8,Manhattan,WEST 155 STREET,Harlem River Drive Service Rd W,Frederick Douglass Boulevard,EB,161,34.16,0.0
2024-03-08,8,Manhattan,WEST 155 STREET,Harlem River Drive Service Rd W,Frederick Douglass Boulevard,EB,192,34.16,0.0
2024-03-08,8,Manhattan,WEST 155 STREET,Harlem River Drive Service Rd W,Frederick Douglass Boulevard,EB,149,34.16,0.0
2024-03-08,8,Manhattan,WEST 155 STREET,Harlem River Drive Service Rd W,Frederick Douglass Boulevard,EB,185,34.16,0.0
2022-09-15,12,Bronx,BOSTON ROAD,Seabury Place,East 173 Street,EB,131,67.82,0.0
2022-09-15,12,Bronx,BOSTON ROAD,Seabury Place,East 173 Street,EB,159,67.82,0.0
2022-09-15,12,Bronx,BOSTON ROAD,Seabury Place,East 173 Street,EB,124,67.82,0.0
2022-09-15,13,Bronx,BOSTON ROAD,Seabury Place,East 173 Street,EB,130,69.17,0.0
2022-09-15,13,Bronx,BOSTON ROAD,Seabury Place,East 173 Street,EB,144,69.17,0.0
2022-09-15,13,Bronx,BOSTON ROAD,Seabury Place,East 173 Street,EB,140,69.17,0.0
2022-09-15,13,Bronx,BOSTON ROAD,Seabury Place,East 173 Street,EB,143,69.17,0.0
2022-09-15,14,Bronx,BOSTON ROAD,Seabury Place,East 173 Street,EB,119,70.43,0.0
2022-09-15,14,Bronx,BOSTON ROAD,Seabury Place,East 173 Street,EB,147,70.43,0.0
2022-09-15,14,Bronx,BOSTON ROAD,Seabury Place,East 173 Street,EB,207,70.43,0.0
2022-09-15,14,Bronx,BOSTON ROAD,Seabury Place,East 173 Street,EB,193,70.43,0.0
2022-09-15,15,Bronx,BOSTON ROAD,Seabury Place,East 173 Street,EB,179,71.24,0.0
2022-09-15,15,Bronx,BOSTON ROAD,Seabury Place,East 173 Street,EB,195,71.24,0.0
2022-09-15,15,Bronx,BOSTON ROAD,Seabury Place,East 173 Street,EB,228,71.24,0.0
2022-09-15,15,Bronx,BOSTON ROAD,Seabury Place,East 173 Street,EB,203,71.24,0.0
2022-09-15,16,Bronx,BOSTON ROAD,Seabury Place,East 173 Street,EB,215,71.6,0.0
2022-09-15,16,Bronx,BOSTON ROAD,Seabury Place,East 173 Street,EB,210,71.6,0.0
2022-09-15,16,Bronx,BOSTON ROAD,Seabury Place,East 173 Street,EB,207,71.6,0.0
2022-09-15,16,Bronx,BOSTON ROAD,Seabury Place,East 173 Street,EB,189,71.6,0.0
2022-09-15,17,Bronx,BOSTON ROAD,Seabury Place,East 173 Street,EB,159,71.42,0.0
2022-09-15,17,Bronx,BOSTON ROAD,Seabury Place,East 173 Street,EB,201,71.42,0.0
2022-09-15,17,Bronx,BOSTON ROAD,Seabury Place,East 173 Street,EB,213,71.42,0.0
2022-09-15,17,Bronx,BOSTON ROAD,Seabury Place,East 173 Street,EB,208,71.42,0.0
2022-09-15,18,Bronx,BOSTON ROAD,Seabury Place,East 173 Street,EB,177,70.43,0.0
2022-09-15,18,Bronx,BOSTON ROAD,Seabury Place,East 173 Street,EB,127,70.43,0.0
2022-09-15,18,Bronx,BOSTON ROAD,Seabury Place,East 173 Street,EB,182,70.43,0.0
2022-09-15,18,Bronx,BOSTON ROAD,Seabury Place,East 173 Street,EB,125,70.43,0.0
2022-09-15,19,Bronx,BOSTON ROAD,Seabury Place,East 173 Street,EB,124,66.56,0.0
2022-09-15,19,Bronx,BOSTON ROAD,Seabury Place,East 173 Street,EB,117,66.56,0.0
2022-09-15,19,Bronx,BOSTON ROAD,Seabury Place,East 173 Street,EB,115,66.56,0.0
2022-09-15,19,Bronx,BOSTON ROAD,Seabury Place,East 173 Street,EB,98,66.56,0.0
2022-09-15,20,Bronx,BOSTON ROAD,Seabury Place,East 173 Street,EB,100,64.94,0.0
2022-09-15,20,Bronx,BOSTON ROAD,Seabury Place,East 173 Street,EB,99,64.94,0.0
2022-09-15,20,Bronx,BOSTON ROAD,Seabury Place,East 173 Street,EB,59,64.94,0.0
2022-09-15,20,Bronx,BOSTON ROAD,Seabury Place,East 173 Street,EB,64,64.94,0.0
2022-09-15,21,Bronx,BOSTON ROAD,Seabury Place,East 173 Street,EB,58,63.14,0.0
2022-09-15,21,Bronx,BOSTON ROAD,Seabury Place,East 173 Street,EB,45,63.14,0.0
2022-09-15,21,Bronx,BOSTON ROAD,Seabury Place,East 173 Street,EB,65,63.14,0.0
2022-09-15,21,Bronx,BOSTON ROAD,Seabury Place,East 173 Street,EB,68,63.14,0.0
2022-09-15,22,Bronx,BOSTON ROAD,Seabury Place,East 173 Street,EB,54,61.519997,0.0
2022-09-15,22,Bronx,BOSTON ROAD,Seabury Place,East 173 Street,EB,59,61.519997,0.0
2022-09-15,22,Bronx,BOSTON ROAD,Seabury Place,East 173 Street,EB,86,61.519997,0.0
2022-09-15,22,Bronx,BOSTON ROAD,Seabury Place,East 173 Street,EB,52,61.519997,0.0
2022-09-15,23,Bronx,BOSTON ROAD,Seabury Place,East 173 Street,EB,48,60.08,0.0
2022-09-15,23,Bronx,BOSTON ROAD,Seabury Place,East 173 Street,EB,56,60.08,0.0
2022-09-15,23,Bronx,BOSTON ROAD,Seabury Place,East 173 Street,EB,50,60.08,0.0
2022-09-15,23,Bronx,BOSTON ROAD,Seabury Place,East 173 Street,EB,42,60.08,0.0
2022-09-16,0,Bronx,BOSTON ROAD,Seabury Place,East 173 Street,EB,60,58.55,0.0
2022-09-16,0,Bronx,BOSTON ROAD,Seabury Place,East 173 Street,EB,44,58.55,0.0
2022-09-16,0,Bronx,BOSTON ROAD,Seabury Place,East 173 Street,EB,39,58.55,0.0
2022-09-16,0,Bronx,BOSTON ROAD,Seabury Place,East 173 Street,EB,39,58.55,0.0
2022-09-16,1,Bronx,BOSTON ROAD,Seabury Place,East 173 Street,EB,25,57.29,0.0
2022-09-16,1,Bronx,BOSTON ROAD,Seabury Place,East 173 Street,EB,31,57.29,0.0
2022-09-16,1,Bronx,BOSTON ROAD,Seabury Place,East 173 Street,EB,25,57.29,0.0
2022-09-16,1,Bronx,BOSTON ROAD,Seabury Place,East 173 Street,EB,27,57.29,0.0
2022-09-16,2,Bronx,BOSTON ROAD,Seabury Place,East 173 Street,EB,34,56.03,0.0
2022-09-16,2,Bronx,BOSTON ROAD,Seabury Place,East 173 Street,EB,26,56.03,0.0
2022-09-16,2,Bronx,BOSTON ROAD,Seabury Place,East 173 Street,EB,18,56.03,0.0
2022-09-16,2,Bronx,BOSTON ROAD,Seabury Place,East 173 Street,EB,8,56.03,0.0
2022-09-16,3,Bronx,BOSTON ROAD,Seabury Place,East 173 Street,EB,11,55.13,0.0
2022-09-16,3,Bronx,BOSTON ROAD,Seabury Place,East 173 Street,EB,13,55.13,0.0
2022-09-16,3,Bronx,BOSTON ROAD,Seabury Place,East 173 Street,EB,17,55.13,0.0
2022-09-16,3,Bronx,BOSTON ROAD,Seabury Place,East 173 Street,EB,20,55.13,0.0
2022-09-16,4,Bronx,BOSTON ROAD,Seabury Place,East 173 Street,EB,21,54.23,0.0
2022-09-16,4,Bronx,BOSTON ROAD,Seabury Place,East 173 Street,EB,18,54.23,0.0
2022-09-16,4,Bronx,BOSTON ROAD,Seabury Place,East 173 Street,EB,28,54.23,0.0
2022-09-16,4,Bronx,BOSTON ROAD,Seabury Place,East 173 Street,EB,18,54.23,0.0
2022-09-16,5,Bronx,BOSTON ROAD,Seabury Place,East 173 Street,EB,25,54.23,0.0
2022-09-16,5,Bronx,BOSTON ROAD,Seabury Place,East 173 Street,EB,27,54.23,0.0
2022-09-16,5,Bronx,BOSTON ROAD,Seabury Place,East 173 Street,EB,25,54.23,0.0
2022-09-16,5,Bronx,BOSTON ROAD,Seabury Place,East 173 Street,EB,42,54.23,0.0
2022-09-16,6,Bronx,BOSTON ROAD,Seabury Place,East 173 Street,EB,70,53.96,0.0
2022-09-16,6,Bronx,BOSTON ROAD,Seabury Place,East 173 Street,EB,46,53.96,0.0
2022-09-16,6,Bronx,BOSTON ROAD,Seabury Place,East 173 Street,EB,74,53.96,0.0
2022-09-16,6,Bronx,BOSTON ROAD,Seabury Place,East 173 Street,EB,69,53.96,0.0
2022-09-16,7,Bronx,BOSTON ROAD,Seabury Place,East 173 Street,EB,115,54.05,0.0
2022-09-16,7,Bronx,BOSTON ROAD,Seabury Place,East 173 Street,EB,86,54.05,0.0
2022-09-16,7,Bronx,BOSTON ROAD,Seabury Place,East 173 Street,EB,134,54.05,0.0
2022-09-16,7,Bronx,BOSTON ROAD,Seabury Place,East 173 Street,EB,169,54.05,0.0
2022-09-16,8,Bronx,BOSTON ROAD,Seabury Place,East 173 Street,EB,178,58.010002,0.0
2022-09-16,8,Bronx,BOSTON ROAD,Seabury Place,East 173 Street,EB,188,58.010002,0.0
2022-09-16,8,Bronx,BOSTON ROAD,Seabury Place,East 173 Street,EB,160,58.010002,0.0
2022-09-16,8,Bronx,BOSTON ROAD,Seabury Place,East 173 Street,EB,185,58.010002,0.0
2022-09-16,9,Bronx,BOSTON ROAD,Seabury Place,East 173 Street,EB,128,59.989998,0.0
2022-09-16,9,Bronx,BOSTON ROAD,Seabury Place,East 173 Street,EB,142,59.989998,0.0
2022-09-16,9,Bronx,BOSTON ROAD,Seabury Place,East 173 Street,EB,147,59.989998,0.0
2022-09-16,9,Bronx,BOSTON ROAD,Seabury Place,East 173 Street,EB,129,59.989998,0.0
2022-09-16,10,Bronx,BOSTON ROAD,Seabury Place,East 173 Street,EB,128,62.6,0.0
2022-09-16,10,Bronx,BOSTON ROAD,Seabury Place,East 173 Street,EB,131,62.6,0.0
2022-09-16,10,Bronx,BOSTON ROAD,Seabury Place,East 173 Street,EB,128,62.6,0.0
2022-09-16,10,Bronx,BOSTON ROAD,Seabury Place,East 173 Street,EB,139,62.6,0.0
2022-09-16,11,Bronx,BOSTON ROAD,Seabury Place,East 173 Street,EB,127,65.03,0.0
2022-09-16,11,Bronx,BOSTON ROAD,Seabury Place,East 173 Street,EB,139,65.03,0.0
2022-09-16,11,Bronx,BOSTON ROAD,Seabury Place,East 173 Street,EB,132,65.03,0.0
2022-09-16,11,Bronx,BOSTON ROAD,Seabury Place,East 173 Street,EB,131,65.03,0.0
2022-09-16,12,Bronx,BOSTON ROAD,Seabury Place,East 173 Street,EB,136,67.46,0.0
2022-09-16,12,Bronx,BOSTON ROAD,Seabury Place,East 173 Street,EB,138,67.46,0.0
2022-09-16,12,Bronx,BOSTON ROAD,Seabury Place,East 173 Street,EB,125,67.46,0.0
2022-09-16,12,Bronx,BOSTON ROAD,Seabury Place,East 173 Street,EB,147,67.46,0.0
2022-09-16,13,Bronx,BOSTON ROAD,Seabury Place,East 173 Street,EB,138,69.71,0.0
2022-09-16,13,Bronx,BOSTON ROAD,Seabury Place,East 173 Street,EB,142,69.71,0.0
2022-09-16,13,Bronx,BOSTON ROAD,Seabury Place,East 173 Street,EB,162,69.71,0.0
2022-09-16,13,Bronx,BOSTON ROAD,Seabury Place,East 173 Street,EB,158,69.71,0.0
2022-09-16,14,Bronx,BOSTON ROAD,Seabury Place,East 173 Street,EB,154,72.05,0.0
2022-09-16,14,Bronx,BOSTON ROAD,Seabury Place,East 173 Street,EB,220,72.05,0.0
2021-08-25,3,Queens,160 STREET,Alley,Oak Avenue,SB,4,71.06,0.0
2021-08-25,3,Queens,160 STREET,Alley,Oak Avenue,SB,4,71.06,0.0
2021-08-25,3,Queens,160 STREET,Alley,Oak Avenue,SB,1,71.06,0.0
2021-08-25,4,Queens,160 STREET,Alley,Oak Avenue,SB,1,69.98,0.0
2021-08-25,4,Queens,160 STREET,Alley,Oak Avenue,SB,7,69.98,0.0
2021-08-25,4,Queens,160 STREET,Alley,Oak Avenue,SB,5,69.98,0.0
2021-08-25,4,Queens,160 STREET,Alley,Oak Avenue,SB,0,69.98,0.0
2021-08-25,5,Queens,160 STREET,Alley,Oak Avenue,SB,5,69.26,0.0
2021-08-25,5,Queens,160 STREET,Alley,Oak Avenue,SB,6,69.26,0.0
2021-08-25,5,Queens,160 STREET,Alley,Oak Avenue,SB,3,69.26,0.0
2021-08-25,5,Queens,160 STREET,Alley,Oak Avenue,SB,4,69.26,0.0
2021-08-25,6,Queens,160 STREET,Alley,Oak Avenue,SB,9,68.99,0.0
2021-08-25,6,Queens,160 STREET,Alley,Oak Avenue,SB,6,68.99,0.0
2021-08-25,6,Queens,160 STREET,Alley,Oak Avenue,SB,3,68.99,0.0
2021-08-25,6,Queens,160 STREET,Alley,Oak Avenue,SB,6,68.99,0.0
2021-08-25,7,Queens,160 STREET,Alley,Oak Avenue,SB,16,70.880005,0.0
2021-08-25,7,Queens,160 STREET,Alley,Oak Avenue,SB,9,70.880005,0.0
2021-08-25,7,Queens,160 STREET,Alley,Oak Avenue,SB,6,70.880005,0.0
2021-08-25,7,Queens,160 STREET,Alley,Oak Avenue,SB,12,70.880005,0.0
2021-08-25,8,Queens,160 STREET,Alley,Oak Avenue,SB,12,74.48,0.0
2021-08-25,8,Queens,160 STREET,Alley,Oak Avenue,SB,19,74.48,0.0
2021-08-25,8,Queens,160 STREET,Alley,Oak Avenue,SB,9,74.48,0.0
2021-08-25,8,Queens,160 STREET,Alley,Oak Avenue,SB,16,74.48,0.0
2021-08-25,9,Queens,160 STREET,Alley,Oak Avenue,SB,6,77.45,0.0
2021-08-25,9,Queens,160 STREET,Alley,Oak Avenue,SB,13,77.45,0.0
2021-08-25,9,Queens,160 STREET,Alley,Oak Avenue,SB,5,77.45,0.0
2021-08-25,9,Queens,160 STREET,Alley,Oak Avenue,SB,7,77.45,0.0
2021-08-25,10,Queens,160 STREET,Alley,Oak Avenue,SB,7,80.42,0.0
2021-08-25,10,Queens,160 STREET,Alley,Oak Avenue,SB,7,80.42,0.0
2021-08-25,10,Queens,160 STREET,Alley,Oak Avenue,SB,2,80.42,0.0
2021-08-25,10,Queens,160 STREET,Alley,Oak Avenue,SB,5,80.42,0.0
2021-08-25,11,Queens,160 STREET,Alley,Oak Avenue,SB,10,83.39,0.0
2021-08-25,11,Queens,160 STREET,Alley,Oak Avenue,SB,6,83.39,0.0
2021-08-25,11,Queens,160 STREET,Alley,Oak Avenue,SB,7,83.39,0.0
2021-08-25,11,Queens,160 STREET,Alley,Oak Avenue,SB,4,83.39,0.0
2021-08-25,12,Queens,160 STREET,Alley,Oak Avenue,SB,11,85.46001,0.0
2021-08-25,12,Queens,160 STREET,Alley,Oak Avenue,SB,11,85.46001,0.0
2021-08-25,12,Queens,160 STREET,Alley,Oak Avenue,SB,8,85.46001,0.0
2021-08-25,12,Queens,160 STREET,Alley,Oak Avenue,SB,7,85.46001,0.0
2021-08-25,13,Queens,160 STREET,Alley,Oak Avenue,SB,9,86.53999,0.0
2021-08-25,13,Queens,160 STREET,Alley,Oak Avenue,SB,14,86.53999,0.0
2021-08-25,13,Queens,160 STREET,Alley,Oak Avenue,SB,12,86.53999,0.0
2021-08-25,13,Queens,160 STREET,Alley,Oak Avenue,SB,5,86.53999,0.0
2021-08-25,14,Queens,160 STREET,Alley,Oak Avenue,SB,15,87.53,0.0
2021-08-25,14,Queens,160 STREET,Alley,Oak Avenue,SB,14,87.53,0.0
2021-08-25,14,Queens,160 STREET,Alley,Oak Avenue,SB,9,87.53,0.0
2021-08-25,14,Queens,160 STREET,Alley,Oak Avenue,SB,13,87.53,0.0
2021-08-25,15,Queens,160 STREET,Alley,Oak Avenue,SB,18,88.16,0.0
2021-08-25,15,Queens,160 STREET,Alley,Oak Avenue,SB,14,88.16,0.0
2021-08-25,15,Queens,160 STREET,Alley,Oak Avenue,SB,10,88.16,0.0
2021-08-25,15,Queens,160 STREET,Alley,Oak Avenue,SB,8,88.16,0.0
2021-08-25,16,Queens,160 STREET,Alley,Oak Avenue,SB,13,88.520004,0.0
2021-08-25,16,Queens,160 STREET,Alley,Oak Avenue,SB,10,88.520004,0.0
2021-08-25,16,Queens,160 STREET,Alley,Oak Avenue,SB,8,88.520004,0.0
2021-08-25,16,Queens,160 STREET,Alley,Oak Avenue,SB,14,88.520004,0.0
2021-08-25,17,Queens,160 STREET,Alley,Oak Avenue,SB,13,88.7,0.0
2021-08-25,17,Queens,160 STREET,Alley,Oak Avenue,SB,11,88.7,0.0
2021-08-25,17,Queens,160 STREET,Alley,Oak Avenue,SB,17,88.7,0.0
2021-08-25,17,Queens,160 STREET,Alley,Oak Avenue,SB,14,88.7,0.0
2021-08-25,18,Queens,160 STREET,Alley,Oak Avenue,SB,10,86.53999,0.0
2021-08-25,18,Queens,160 STREET,Alley,Oak Avenue,SB,10,86.53999,0.0
2021-08-25,18,Queens,160 STREET,Alley,Oak Avenue,SB,12,86.53999,0.0
2021-08-25,18,Queens,160 STREET,Alley,Oak Avenue,SB,19,86.53999,0.0
2021-08-25,19,Queens,160 STREET,Alley,Oak Avenue,SB,6,81.68,0.0
2021-08-25,19,Queens,160 STREET,Alley,Oak Avenue,SB,9,81.68,0.0
2021-08-25,19,Queens,160 STREET,Alley,Oak Avenue,SB,4,81.68,0.0
2021-08-25,19,Queens,160 STREET,Alley,Oak Avenue,SB,8,81.68,0.0
2021-08-25,20,Queens,160 STREET,Alley,Oak Avenue,SB,13,81.41,0.0
2021-08-25,20,Queens,160 STREET,Alley,Oak Avenue,SB,13,81.41,0.0
2021-08-25,20,Queens,160 STREET,Alley,Oak Avenue,SB,15,81.41,0.0
2021-08-25,20,Queens,160 STREET,Alley,Oak Avenue,SB,11,81.41,0.0
2021-08-25,21,Queens,160 STREET,Alley,Oak Avenue,SB,9,81.14,0.0
2021-08-25,21,Queens,160 STREET,Alley,Oak Avenue,SB,10,81.14,0.0
2021-08-25,21,Queens,160 STREET,Alley,Oak Avenue,SB,10,81.14,0.0
2021-08-25,21,Queens,160 STREET,Alley,Oak Avenue,SB,10,81.14,0.0
2021-08-25,22,Queens,160 STREET,Alley,Oak Avenue,SB,8,79.880005,0.0
2021-08-25,22,Queens,160 STREET,Alley,Oak Avenue,SB,10,79.880005,0.0
2021-08-25,22,Queens,160 STREET,Alley,Oak Avenue,SB,0,79.880005,0.0
2021-08-25,22,Queens,160 STREET,Alley,Oak Avenue,SB,3,79.880005,0.0
2021-08-25,23,Queens,160 STREET,Alley,Oak Avenue,SB,5,79.25,0.0
2021-08-25,23,Queens,160 STREET,Alley,Oak Avenue,SB,9,79.25,0.0
2021-08-25,23,Queens,160 STREET,Alley,Oak Avenue,SB,0,79.25,0.0
2021-08-25,23,Queens,160 STREET,Alley,Oak Avenue,SB,3,79.25,0.0
2021-08-26,0,Queens,160 STREET,Alley,Oak Avenue,SB,3,78.619995,0.0
2021-08-26,0,Queens,160 STREET,Alley,Oak Avenue,SB,4,78.619995,0.0
2021-08-26,0,Queens,160 STREET,Alley,Oak Avenue,SB,2,78.619995,0.0
2021-08-26,0,Queens,160 STREET,Alley,Oak Avenue,SB,1,78.619995,0.0
2021-08-26,1,Queens,160 STREET,Alley,Oak Avenue,SB,2,77.9,0.0
2021-08-26,1,Queens,160 STREET,Alley,Oak Avenue,SB,2,77.9,0.0
2021-08-26,1,Queens,160 STREET,Alley,Oak Avenue,SB,4,77.9,0.0
2021-08-26,1,Queens,160 STREET,Alley,Oak Avenue,SB,10,77.9,0.0
2021-08-26,2,Queens,160 STREET,Alley,Oak Avenue,SB,1,77.09,0.0
2021-08-26,2,Queens,160 STREET,Alley,Oak Avenue,SB,1,77.09,0.0
2021-08-26,2,Queens,160 STREET,Alley,Oak Avenue,SB,1,77.09,0.0
2021-08-26,2,Queens,160 STREET,Alley,Oak Avenue,SB,1,77.09,0.0
2021-08-26,3,Queens,160 STREET,Alley,Oak Avenue,SB,2,75.92,0.0
2021-08-26,3,Queens,160 STREET,Alley,Oak Avenue,SB,1,75.92,0.0
2021-08-26,3,Queens,160 STREET,Alley,Oak Avenue,SB,3,75.92,0.0
2021-08-26,3,Queens,160 STREET,Alley,Oak Avenue,SB,1,75.92,0.0
2021-08-26,4,Queens,160 STREET,Alley,Oak Avenue,SB,1,75.2,0.0
2021-08-26,4,Queens,160 STREET,Alley,Oak Avenue,SB,5,75.2,0.0
2021-08-26,4,Queens,160 STREET,Alley,Oak Avenue,SB,5,75.2,0.0
2021-08-26,4,Queens,160 STREET,Alley,Oak Avenue,SB,1,75.2,0.0
2021-08-26,5,Queens,160 STREET,Alley,Oak Avenue,SB,2,74.03,0.0
2021-08-26,5,Queens,160 STREET,Alley,Oak Avenue,SB,5,74.03,0.0
2021-10-28,0,Manhattan,ED KOCH QUEENSBORO BRIDGE,East River West Channel Shl,Dead end,WB,0,51.89,0.0
2021-10-28,0,Manhattan,ED KOCH QUEENSBORO BRIDGE,East River West Channel Shl,Dead end,WB,0,51.89,0.0
2021-10-28,0,Manhattan,ED KOCH QUEENSBORO BRIDGE,East River West Channel Shl,Dead end,WB,0,51.89,0.0
2021-10-28,1,Manhattan,ED KOCH QUEENSBORO BRIDGE,East River West Channel Shl,Dead end,WB,0,50.45,0.0
2021-10-28,1,Manhattan,ED KOCH QUEENSBORO BRIDGE,East River West Channel Shl,Dead end,WB,0,50.45,0.0
2021-10-28,1,Manhattan,ED KOCH QUEENSBORO BRIDGE,East River West Channel Shl,Dead end,WB,0,50.45,0.0
2021-10-28,1,Manhattan,ED KOCH QUEENSBORO BRIDGE,East River West Channel Shl,Dead end,WB,0,50.45,0.0
2021-10-28,2,Manhattan,ED KOCH QUEENSBORO BRIDGE,East River West Channel Shl,Dead end,WB,0,49.55,0.0
2021-10-28,2,Manhattan,ED KOCH QUEENSBORO BRIDGE,East River West Channel Shl,Dead end,WB,0,49.55,0.0
2021-10-28,2,Manhattan,ED KOCH QUEENSBORO BRIDGE,East River West Channel Shl,Dead end,WB,0,49.55,0.0
2021-10-28,2,Manhattan,ED KOCH QUEENSBORO BRIDGE,East River West Channel Shl,Dead end,WB,0,49.55,0.0
2021-10-28,3,Manhattan,ED KOCH QUEENSBORO BRIDGE,East River West Channel Shl,Dead end,WB,0,48.74,0.0
2021-10-28,3,Manhattan,ED KOCH QUEENSBORO BRIDGE,East River West Channel Shl,Dead end,WB,0,48.74,0.0
2021-10-28,3,Manhattan,ED KOCH QUEENSBORO BRIDGE,East River West Channel Shl,Dead end,WB,0,48.74,0.0
2021-10-28,3,Manhattan,ED KOCH QUEENSBORO BRIDGE,East River West Channel Shl,Dead end,WB,0,48.74,0.0
2021-10-28,4,Manhattan,ED KOCH QUEENSBORO BRIDGE,East River West Channel Shl,Dead end,WB,0,48.2,0.0
2021-10-28,4,Manhattan,ED KOCH QUEENSBORO BRIDGE,East River West Channel Shl,Dead end,WB,0,48.2,0.0
2021-10-28,4,Manhattan,ED KOCH QUEENSBORO BRIDGE,East River West Channel Shl,Dead end,WB,0,48.2,0.0
2021-10-28,4,Manhattan,ED KOCH QUEENSBORO BRIDGE,East River West Channel Shl,Dead end,WB,0,48.2,0.0
2021-10-28,5,Manhattan,ED KOCH QUEENSBORO BRIDGE,East River West Channel Shl,Dead end,WB,0,47.57,0.0
2021-10-28,5,Manhattan,ED KOCH QUEENSBORO BRIDGE,East River West Channel Shl,Dead end,WB,0,47.57,0.0
2021-10-28,5,Manhattan,ED KOCH QUEENSBORO BRIDGE,East River West Channel Shl,Dead end,WB,0,47.57,0.0
2021-10-28,5,Manhattan,ED KOCH QUEENSBORO BRIDGE,East River West Channel Shl,Dead end,WB,0,47.57,0.0
2021-10-28,6,Manhattan,ED KOCH QUEENSBORO BRIDGE,East River West Channel Shl,Dead end,WB,117,46.940002,0.0
2021-10-28,6,Manhattan,ED KOCH QUEENSBORO BRIDGE,East River West Channel Shl,Dead end,WB,241,46.940002,0.0
2021-10-28,6,Manhattan,ED KOCH QUEENSBORO BRIDGE,East River West Channel Shl,Dead end,WB,290,46.940002,0.0
2021-10-28,6,Manhattan,ED KOCH QUEENSBORO BRIDGE,East River West Channel Shl,Dead end,WB,308,46.940002,0.0
2021-10-28,7,Manhattan,ED KOCH QUEENSBORO BRIDGE,East River West Channel Shl,Dead end,WB,252,46.309998,0.0
2021-10-28,7,Manhattan,ED KOCH QUEENSBORO BRIDGE,East River West Channel Shl,Dead end,WB,329,46.309998,0.0
2021-10-28,7,Manhattan,ED KOCH QUEENSBORO BRIDGE,East River West Channel Shl,Dead end,WB,358,46.309998,0.0
2021-10-28,7,Manhattan,ED KOCH QUEENSBORO BRIDGE,East River West Channel Shl,Dead end,WB,352,46.309998,0.0
2021-10-28,8,Manhattan,ED KOCH QUEENSBORO BRIDGE,East River West Channel Shl,Dead end,WB,310,48.02,0.0
2021-10-28,8,Manhattan,ED KOCH QUEENSBORO BRIDGE,East River West Channel Shl,Dead end,WB,302,48.02,0.0
2021-10-28,8,Manhattan,ED KOCH QUEENSBORO BRIDGE,East River West Channel Shl,Dead end,WB,337,48.02,0.0
2021-10-28,8,Manhattan,ED KOCH QUEENSBORO BRIDGE,East River West Channel Shl,Dead end,WB,294,48.02,0.0
2021-10-28,9,Manhattan,ED KOCH QUEENSBORO BRIDGE,East River West Channel Shl,Dead end,WB,293,50.36,0.0
2021-10-28,9,Manhattan,ED KOCH QUEENSBORO BRIDGE,East River West Channel Shl,Dead end,WB,255,50.36,0.0
2021-10-28,9,Manhattan,ED KOCH QUEENSBORO BRIDGE,East River West Channel Shl,Dead end,WB,58,50.36,0.0
2021-10-28,9,Manhattan,ED KOCH QUEENSBORO BRIDGE,East River West Channel Shl,Dead end,WB,0,50.36,0.0
2021-10-28,10,Manhattan,ED KOCH QUEENSBORO BRIDGE,East River West Channel Shl,Dead end,WB,0,52.97,0.0
2021-10-28,10,Manhattan,ED KOCH QUEENSBORO BRIDGE,East River West Channel Shl,Dead end,WB,0,52.97,0.0
2021-10-28,10,Manhattan,ED KOCH QUEENSBORO BRIDGE,East River West Channel Shl,Dead end,WB,0,52.97,0.0
2021-10-28,10,Manhattan,ED KOCH QUEENSBORO BRIDGE,East River West Channel Shl,Dead end,WB,0,52.97,0.0
2021-10-28,11,Manhattan,ED KOCH QUEENSBORO BRIDGE,East River West Channel Shl,Dead end,WB,0,55.04,0.0
2021-10-28,11,Manhattan,ED KOCH QUEENSBORO BRIDGE,East River West Channel Shl,Dead end,WB,0,55.04,0.0
2021-10-28,11,Manhattan,ED KOCH QUEENSBORO BRIDGE,East River West Channel Shl,Dead end,WB,0,55.04,0.0
2021-10-28,11,Manhattan,ED KOCH QUEENSBORO BRIDGE,East River West Channel Shl,Dead end,WB,0,55.04,0.0
2021-10-28,12,Manhattan,ED KOCH QUEENSBORO BRIDGE,East River West Channel Shl,Dead end,WB,0,56.84,0.0
2021-10-28,12,Manhattan,ED KOCH QUEENSBORO BRIDGE,East River West Channel Shl,Dead end,WB,0,56.84,0.0
2021-10-28,12,Manhattan,ED KOCH QUEENSBORO BRIDGE,East River West Channel Shl,Dead end,WB,0,56.84,0.0
2021-10-28,12,Manhattan,ED KOCH QUEENSBORO BRIDGE,East River West Channel Shl,Dead end,WB,0,56.84,0.0
2021-10-28,13,Manhattan,ED KOCH QUEENSBORO BRIDGE,East River West Channel Shl,Dead end,WB,0,57.83,0.0
2021-10-28,13,Manhattan,ED KOCH QUEENSBORO BRIDGE,East River West Channel Shl,Dead end,WB,0,57.83,0.0
2021-10-28,13,Manhattan,ED KOCH QUEENSBORO BRIDGE,East River West Channel Shl,Dead end,WB,0,57.83,0.0
2021-10-28,13,Manhattan,ED KOCH QUEENSBORO BRIDGE,East River West Channel Shl,Dead end,WB,0,57.83,0.0
2021-10-28,14,Manhattan,ED KOCH QUEENSBORO BRIDGE,East River West Channel Shl,Dead end,WB,0,58.64,0.0
2021-10-28,14,Manhattan,ED KOCH QUEENSBORO BRIDGE,East River West Channel Shl,Dead end,WB,0,58.64,0.0
2021-10-28,14,Manhattan,ED KOCH QUEENSBORO BRIDGE,East River West Channel Shl,Dead end,WB,0,58.64,0.0
2021-10-28,14,Manhattan,ED KOCH QUEENSBORO BRIDGE,East River West Channel Shl,Dead end,WB,0,58.64,0.0
2021-10-28,15,Manhattan,ED KOCH QUEENSBORO BRIDGE,East River West Channel Shl,Dead end,WB,0,59.0,0.0
2021-10-28,15,Manhattan,ED KOCH QUEENSBORO BRIDGE,East River West Channel Shl,Dead end,WB,0,59.0,0.0
2021-10-28,15,Manhattan,ED KOCH QUEENSBORO BRIDGE,East River West Channel Shl,Dead end,WB,0,59.0,0.0
2021-10-28,15,Manhattan,ED KOCH QUEENSBORO BRIDGE,East River West Channel Shl,Dead end,WB,0,59.0,0.0
2021-10-28,16,Manhattan,ED KOCH QUEENSBORO BRIDGE,East River West Channel Shl,Dead end,WB,0,59.18,0.0
2021-10-28,16,Manhattan,ED KOCH QUEENSBORO BRIDGE,East River West Channel Shl,Dead end,WB,0,59.18,0.0
2021-10-28,16,Manhattan,ED KOCH QUEENSBORO BRIDGE,East River West Channel Shl,Dead end,WB,0,59.18,0.0
2021-10-28,16,Manhattan,ED KOCH QUEENSBORO BRIDGE,East River West Channel Shl,Dead end,WB,0,59.18,0.0
2021-10-28,17,Manhattan,ED KOCH QUEENSBORO BRIDGE,East River West Channel Shl,Dead end,WB,0,58.64,0.0
2021-10-28,17,Manhattan,ED KOCH QUEENSBORO BRIDGE,East River West Channel Shl,Dead end,WB,0,58.64,0.0
2021-10-28,17,Manhattan,ED KOCH QUEENSBORO BRIDGE,East River West Channel Shl,Dead end,WB,0,58.64,0.0
2021-10-28,17,Manhattan,ED KOCH QUEENSBORO BRIDGE,East River West Channel Shl,Dead end,WB,0,58.64,0.0
2021-10-28,18,Manhattan,ED KOCH QUEENSBORO BRIDGE,East River West Channel Shl,Dead end,WB,0,55.940002,0.0
2021-10-28,18,Manhattan,ED KOCH QUEENSBORO BRIDGE,East River West Channel Shl,Dead end,WB,0,55.940002,0.0
2021-10-28,18,Manhattan,ED KOCH QUEENSBORO BRIDGE,East River West Channel Shl,Dead end,WB,0,55.940002,0.0
2021-10-28,18,Manhattan,ED KOCH QUEENSBORO BRIDGE,East River West Channel Shl,Dead end,WB,0,55.940002,0.0
2021-10-28,19,Manhattan,ED KOCH QUEENSBORO BRIDGE,East River West Channel Shl,Dead end,WB,0,55.22,0.0
2021-10-28,19,Manhattan,ED KOCH QUEENSBORO BRIDGE,East River West Channel Shl,Dead end,WB,0,55.22,0.0
2021-10-28,19,Manhattan,ED KOCH QUEENSBORO BRIDGE,East River West Channel Shl,Dead end,WB,0,55.22,0.0
2021-10-28,19,Manhattan,ED KOCH QUEENSBORO BRIDGE,East River West Channel Shl,Dead end,WB,0,55.22,0.0
2021-10-28,20,Manhattan,ED KOCH QUEENSBORO BRIDGE,East River West Channel Shl,Dead end,WB,0,53.6,0.0
2021-10-28,20,Manhattan,ED KOCH QUEENSBORO BRIDGE,East River West Channel Shl,Dead end,WB,0,53.6,0.0
2021-10-28,20,Manhattan,ED KOCH QUEENSBORO BRIDGE,East River West Channel Shl,Dead end,WB,0,53.6,0.0
2021-10-28,20,Manhattan,ED KOCH QUEENSBORO BRIDGE,East River West Channel Shl,Dead end,WB,0,53.6,0.0
2021-10-28,21,Manhattan,ED KOCH QUEENSBORO BRIDGE,East River West Channel Shl,Dead end,WB,0,53.059998,0.0
2021-10-28,21,Manhattan,ED KOCH QUEENSBORO BRIDGE,East River West Channel Shl,Dead end,WB,0,53.059998,0.0
2021-10-28,21,Manhattan,ED KOCH QUEENSBORO BRIDGE,East River West Channel Shl,Dead end,WB,0,53.059998,0.0
2021-10-28,21,Manhattan,ED KOCH QUEENSBORO BRIDGE,East River West Channel Shl,Dead end,WB,0,53.059998,0.0
2021-10-28,22,Manhattan,ED KOCH QUEENSBORO BRIDGE,East River West Channel Shl,Dead end,WB,0,51.35,0.0
2021-10-28,22,Manhattan,ED KOCH QUEENSBORO BRIDGE,East River West Channel Shl,Dead end,WB,0,51.35,0.0
2021-10-28,22,Manhattan,ED KOCH QUEENSBORO BRIDGE,East River West Channel Shl,Dead end,WB,0,51.35,0.0
2021-10-28,22,Manhattan,ED KOCH QUEENSBORO BRIDGE,East River West Channel Shl,Dead end,WB,0,51.35,0.0
2021-10-28,23,Manhattan,ED KOCH QUEENSBORO BRIDGE,East River West Channel Shl,Dead end,WB,0,51.08,0.0
2021-10-28,23,Manhattan,ED KOCH QUEENSBORO BRIDGE,East River West Channel Shl,Dead end,WB,0,51.08,0.0
2021-10-28,23,Manhattan,ED KOCH QUEENSBORO BRIDGE,East River West Channel Shl,Dead end,WB,0,51.08,0.0
2021-10-28,23,Manhattan,ED KOCH QUEENSBORO BRIDGE,East River West Channel Shl,Dead end,WB,0,51.08,0.0
2023-04-25,0,Queens,GRAND CENTRAL PARKWAY,Dead End,Dead end,WB,161,46.85,0.0
2023-04-25,0,Queens,GRAND CENTRAL PARKWAY,Dead End,Dead end,WB,153,46.85,0.0
2023-04-25,0,Queens,GRAND CENTRAL PARKWAY,Dead End,Dead end,WB,121,46.85,0.0
2023-04-25,0,Queens,GRAND CENTRAL PARKWAY,Dead End,Dead end,WB,108,46.85,0.0
2023-04-25,1,Queens,GRAND CENTRAL PARKWAY,Dead End,Dead end,WB,99,45.05,0.0
2023-04-25,1,Queens,GRAND CENTRAL PARKWAY,Dead End,Dead end,WB,73,45.05,0.0
2023-04-25,1,Queens,GRAND CENTRAL PARKWAY,Dead End,Dead end,WB,60,45.05,0.0
2023-04-25,1,Queens,GRAND CENTRAL PARKWAY,Dead End,Dead end,WB,51,45.05,0.0
2023-04-25,2,Queens,GRAND CENTRAL PARKWAY,Dead End,Dead end,WB,45,44.15,0.0
2023-04-25,2,Queens,GRAND CENTRAL PARKWAY,Dead End,Dead end,WB,60,44.15,0.0
2024-03-08,9,Manhattan,WEST 155 STREET,Harlem River Drive Service Rd W,Frederick Douglass Boulevard,EB,151,38.57,0.0
2024-03-08,9,Manhattan,WEST 155 STREET,Harlem River Drive Service Rd W,Frederick Douglass Boulevard,EB,152,38.57,0.0
2024-03-08,9,Manhattan,WEST 155 STREET,Harlem River Drive Service Rd W,Frederick Douglass Boulevard,EB,163,38.57,0.0
2024-03-08,9,Manhattan,WEST 155 STREET,Harlem River Drive Service Rd W,Frederick Douglass Boulevard,EB,163,38.57,0.0
2024-03-08,10,Manhattan,WEST 155 STREET,Harlem River Drive Service Rd W,Frederick Douglass Boulevard,EB,144,43.07,0.0
2024-03-08,10,Manhattan,WEST 155 STREET,Harlem River Drive Service Rd W,Frederick Douglass Boulevard,EB,154,43.07,0.0
2024-03-08,10,Manhattan,WEST 155 STREET,Harlem River Drive Service Rd W,Frederick Douglass Boulevard,EB,134,43.07,0.0
2024-03-08,10,Manhattan,WEST 155 STREET,Harlem River Drive Service Rd W,Frederick Douglass Boulevard,EB,178,43.07,0.0
2024-03-08,11,Manhattan,WEST 155 STREET,Harlem River Drive Service Rd W,Frederick Douglass Boulevard,EB,153,45.77,0.0
2024-03-08,11,Manhattan,WEST 155 STREET,Harlem River Drive Service Rd W,Frederick Douglass Boulevard,EB,147,45.77,0.0
2024-03-08,11,Manhattan,WEST 155 STREET,Harlem River Drive Service Rd W,Frederick Douglass Boulevard,EB,151,45.77,0.0
2024-03-08,11,Manhattan,WEST 155 STREET,Harlem River Drive Service Rd W,Frederick Douglass Boulevard,EB,161,45.77,0.0
2024-03-08,12,Manhattan,WEST 155 STREET,Harlem River Drive Service Rd W,Frederick Douglass Boulevard,EB,136,48.11,0.0
2024-03-08,12,Manhattan,WEST 155 STREET,Harlem River Drive Service Rd W,Frederick Douglass Boulevard,EB,132,48.11,0.0
2024-03-08,12,Manhattan,WEST 155 STREET,Harlem River Drive Service Rd W,Frederick Douglass Boulevard,EB,131,48.11,0.0
2024-03-08,12,Manhattan,WEST 155 STREET,Harlem River Drive Service Rd W,Frederick Douglass Boulevard,EB,144,48.11,0.0
2024-03-08,13,Manhattan,WEST 155 STREET,Harlem River Drive Service Rd W,Frederick Douglass Boulevard,EB,129,50.18,0.0
2024-03-08,13,Manhattan,WEST 155 STREET,Harlem River Drive Service Rd W,Frederick Douglass Boulevard,EB,163,50.18,0.0
2024-03-08,13,Manhattan,WEST 155 STREET,Harlem River Drive Service Rd W,Frederick Douglass Boulevard,EB,154,50.18,0.0
2024-03-08,13,Manhattan,WEST 155 STREET,Harlem River Drive Service Rd W,Frederick Douglass Boulevard,EB,177,50.18,0.0
2024-03-08,14,Manhattan,WEST 155 STREET,Harlem River Drive Service Rd W,Frederick Douglass Boulevard,EB,149,52.16,0.0
2024-03-08,14,Manhattan,WEST 155 STREET,Harlem River Drive Service Rd W,Frederick Douglass Boulevard,EB,131,52.16,0.0
2024-03-08,14,Manhattan,WEST 155 STREET,Harlem River Drive Service Rd W,Frederick Douglass Boulevard,EB,144,52.16,0.0
2024-03-08,14,Manhattan,WEST 155 STREET,Harlem River Drive Service Rd W,Frederick Douglass Boulevard,EB,147,52.16,0.0
2024-03-08,15,Manhattan,WEST 155 STREET,Harlem River Drive Service Rd W,Frederick Douglass Boulevard,EB,152,53.690002,0.0
2024-03-08,15,Manhattan,WEST 155 STREET,Harlem River Drive Service Rd W,Frederick Douglass Boulevard,EB,150,53.690002,0.0
2024-03-08,15,Manhattan,WEST 155 STREET,Harlem River Drive Service Rd W,Frederick Douglass Boulevard,EB,125,53.690002,0.0
2024-03-08,15,Manhattan,WEST 155 STREET,Harlem River Drive Service Rd W,Frederick Douglass Boulevard,EB,146,53.690002,0.0
2024-03-08,16,Manhattan,WEST 155 STREET,Harlem River Drive Service Rd W,Frederick Douglass Boulevard,EB,136,53.78,0.0
2024-03-08,16,Manhattan,WEST 155 STREET,Harlem River Drive Service Rd W,Frederick Douglass Boulevard,EB,131,53.78,0.0
2024-03-08,16,Manhattan,WEST 155 STREET,Harlem River Drive Service Rd W,Frederick Douglass Boulevard,EB,138,53.78,0.0
2024-03-08,16,Manhattan,WEST 155 STREET,Harlem River Drive Service Rd W,Frederick Douglass Boulevard,EB,140,53.78,0.0
2024-03-08,17,Manhattan,WEST 155 STREET,Harlem River Drive Service Rd W,Frederick Douglass Boulevard,EB,142,50.9,0.0
2024-03-08,17,Manhattan,WEST 155 STREET,Harlem River Drive Service Rd W,Frederick Douglass Boulevard,EB,147,50.9,0.0
2024-03-08,17,Manhattan,WEST 155 STREET,Harlem River Drive Service Rd W,Frederick Douglass Boulevard,EB,162,50.9,0.0
2024-03-08,17,Manhattan,WEST 155 STREET,Harlem River Drive Service Rd W,Frederick Douglass Boulevard,EB,138,50.9,0.0
2024-03-08,18,Manhattan,WEST 155 STREET,Harlem River Drive Service Rd W,Frederick Douglass Boulevard,EB,139,46.85,0.0
2024-03-08,18,Manhattan,WEST 155 STREET,Harlem River Drive Service Rd W,Frederick Douglass Boulevard,EB,138,46.85,0.0
2024-03-08,18,Manhattan,WEST 155 STREET,Harlem River Drive Service Rd W,Frederick Douglass Boulevard,EB,155,46.85,0.0
2024-03-08,18,Manhattan,WEST 155 STREET,Harlem River Drive Service Rd W,Frederick Douglass Boulevard,EB,164,46.85,0.0
2024-03-08,19,Manhattan,WEST 155 STREET,Harlem River Drive Service Rd W,Frederick Douglass Boulevard,EB,152,42.53,0.0
2024-03-08,19,Manhattan,WEST 155 STREET,Harlem River Drive Service Rd W,Frederick Douglass Boulevard,EB,148,42.53,0.0
2024-03-08,19,Manhattan,WEST 155 STREET,Harlem River Drive Service Rd W,Frederick Douglass Boulevard,EB,160,42.53,0.0
2024-03-08,19,Manhattan,WEST 155 STREET,Harlem River Drive Service Rd W,Frederick Douglass Boulevard,EB,164,42.53,0.0
2024-03-08,20,Manhattan,WEST 155 STREET,Harlem River Drive Service Rd W,Frederick Douglass Boulevard,EB,177,40.46,0.0
2024-03-08,20,Manhattan,WEST 155 STREET,Harlem River Drive Service Rd W,Frederick Douglass Boulevard,EB,155,40.46,0.0
2024-03-08,20,Manhattan,WEST 155 STREET,Harlem River Drive Service Rd W,Frederick Douglass Boulevard,EB,145,40.46,0.0
2024-03-08,20,Manhattan,WEST 155 STREET,Harlem River Drive Service Rd W,Frederick Douglass Boulevard,EB,162,40.46,0.0
2024-03-08,21,Manhattan,WEST 155 STREET,Harlem River Drive Service Rd W,Frederick Douglass Boulevard,EB,153,40.370003,0.0
2024-03-08,21,Manhattan,WEST 155 STREET,Harlem River Drive Service Rd W,Frederick Douglass Boulevard,EB,150,40.370003,0.0
2024-03-08,21,Manhattan,WEST 155 STREET,Harlem River Drive Service Rd W,Frederick Douglass Boulevard,EB,163,40.370003,0.0
2024-03-08,21,Manhattan,WEST 155 STREET,Harlem River Drive Service Rd W,Frederick Douglass Boulevard,EB,138,40.370003,0.0
2024-03-08,22,Manhattan,WEST 155 STREET,Harlem River Drive Service Rd W,Frederick Douglass Boulevard,EB,123,40.1,0.0
2024-03-08,22,Manhattan,WEST 155 STREET,Harlem River Drive Service Rd W,Frederick Douglass Boulevard,EB,154,40.1,0.0
2024-03-08,22,Manhattan,WEST 155 STREET,Harlem River Drive Service Rd W,Frederick Douglass Boulevard,EB,133,40.1,0.0
2024-03-08,22,Manhattan,WEST 155 STREET,Harlem River Drive Service Rd W,Frederick Douglass Boulevard,EB,135,40.1,0.0
2024-03-08,23,Manhattan,WEST 155 STREET,Harlem River Drive Service Rd W,Frederick Douglass Boulevard,EB,154,40.28,0.0
2024-03-08,23,Manhattan,WEST 155 STREET,Harlem River Drive Service Rd W,Frederick Douglass Boulevard,EB,157,40.28,0.0
2024-03-08,23,Manhattan,WEST 155 STREET,Harlem River Drive Service Rd W,Frederick Douglass Boulevard,EB,121,40.28,0.0
2024-03-08,23,Manhattan,WEST 155 STREET,Harlem River Drive Service Rd W,Frederick Douglass Boulevard,EB,147,40.28,0.0
2024-03-09,0,Manhattan,WEST 155 STREET,Harlem River Drive Service Rd W,Frederick Douglass Boulevard,EB,119,39.11,0.0
2024-03-09,0,Manhattan,WEST 155 STREET,Harlem River Drive Service Rd W,Frederick Douglass Boulevard,EB,127,39.11,0.0
2024-03-09,0,Manhattan,WEST 155 STREET,Harlem River Drive Service Rd W,Frederick Douglass Boulevard,EB,117,39.11,0.0
2024-03-09,0,Manhattan,WEST 155 STREET,Harlem River Drive Service Rd W,Frederick Douglass Boulevard,EB,104,39.11,0.0
2024-03-09,1,Manhattan,WEST 155 STREET,Harlem River Drive Service Rd W,Frederick Douglass Boulevard,EB,87,39.2,0.0
2024-03-09,1,Manhattan,WEST 155 STREET,Harlem River Drive Service Rd W,Frederick Douglass Boulevard,EB,89,39.2,0.0
2024-03-09,1,Manhattan,WEST 155 STREET,Harlem River Drive Service Rd W,Frederick Douglass Boulevard,EB,68,39.2,0.0
2024-03-09,1,Manhattan,WEST 155 STREET,Harlem River Drive Service Rd W,Frederick Douglass Boulevard,EB,76,39.2,0.0
2024-03-09,2,Manhattan,WEST 155 STREET,Harlem River Drive Service Rd W,Frederick Douglass Boulevard,EB,73,38.93,0.0
2024-03-09,2,Manhattan,WEST 155 STREET,Harlem River Drive Service Rd W,Frederick Douglass Boulevard,EB,72,38.93,0.0
2024-03-09,2,Manhattan,WEST 155 STREET,Harlem River Drive Service Rd W,Frederick Douglass Boulevard,EB,64,38.93,0.0
2024-03-09,2,Manhattan,WEST 155 STREET,Harlem River Drive Service Rd W,Frederick Douglass Boulevard,EB,68,38.93,0.0
2024-03-09,3,Manhattan,WEST 155 STREET,Harlem River Drive Service Rd W,Frederick Douglass Boulevard,EB,46,38.57,0.0
2024-03-09,3,Manhattan,WEST 155 STREET,Harlem River Drive Service Rd W,Frederick Douglass Boulevard,EB,62,38.57,0.0
2024-03-09,3,Manhattan,WEST 155 STREET,Harlem River Drive Service Rd W,Frederick Douglass Boulevard,EB,46,38.57,0.0
2024-03-09,3,Manhattan,WEST 155 STREET,Harlem River Drive Service Rd W,Frederick Douglass Boulevard,EB,60,38.57,0.0
2024-03-09,4,Manhattan,WEST 155 STREET,Harlem River Drive Service Rd W,Frederick Douglass Boulevard,EB,46,38.75,0.0
2024-03-09,4,Manhattan,WEST 155 STREET,Harlem River Drive Service Rd W,Frederick Douglass Boulevard,EB,58,38.75,0.0
2024-03-09,4,Manhattan,WEST 155 STREET,Harlem River Drive Service Rd W,Frederick Douglass Boulevard,EB,47,38.75,0.0
2024-03-09,4,Manhattan,WEST 155 STREET,Harlem River Drive Service Rd W,Frederick Douglass Boulevard,EB,48,38.75,0.0
2024-03-09,5,Manhattan,WEST 155 STREET,Harlem River Drive Service Rd W,Frederick Douglass Boulevard,EB,56,38.57,0.0
2024-03-09,5,Manhattan,WEST 155 STREET,Harlem River Drive Service Rd W,Frederick Douglass Boulevard,EB,42,38.57,0.0
2024-03-09,5,Manhattan,WEST 155 STREET,Harlem River Drive Service Rd W,Frederick Douglass Boulevard,EB,54,38.57,0.0
2024-03-09,5,Manhattan,WEST 155 STREET,Harlem River Drive Service Rd W,Frederick Douglass Boulevard,EB,58,38.57,0.0
2024-03-09,6,Manhattan,WEST 155 STREET,Harlem River Drive Service Rd W,Frederick Douglass Boulevard,EB,67,38.66,0.0
2024-03-09,6,Manhattan,WEST 155 STREET,Harlem River Drive Service Rd W,Frederick Douglass Boulevard,EB,82,38.66,0.0
2024-03-09,6,Manhattan,WEST 155 STREET,Harlem River Drive Service Rd W,Frederick Douglass Boulevard,EB,68,38.66,0.0
2024-03-09,6,Manhattan,WEST 155 STREET,Harlem River Drive Service Rd W,Frederick Douglass Boulevard,EB,80,38.66,0.0
2024-03-09,7,Manhattan,WEST 155 STREET,Harlem River Drive Service Rd W,Frederick Douglass Boulevard,EB,90,38.84,0.0
2024-03-09,7,Manhattan,WEST 155 STREET,Harlem River Drive Service Rd W,Frederick Douglass Boulevard,EB,82,38.84,0.0
2024-03-09,7,Manhattan,WEST 155 STREET,Harlem River Drive Service Rd W,Frederick Douglass Boulevard,EB,101,38.84,0.0
2024-03-09,7,Manhattan,WEST 155 STREET,Harlem River Drive Service Rd W,Frederick Douglass Boulevard,EB,120,38.84,0.0
2024-03-09,8,Manhattan,WEST 155 STREET,Harlem River Drive Service Rd W,Frederick Douglass Boulevard,EB,91,39.38,0.0
2024-03-09,8,Manhattan,WEST 155 STREET,Harlem River Drive Service Rd W,Frederick Douglass Boulevard,EB,108,39.38,0.0
2024-03-09,8,Manhattan,WEST 155 STREET,Harlem River Drive Service Rd W,Frederick Douglass Boulevard,EB,124,39.38,0.0
2024-03-09,8,Manhattan,WEST 155 STREET,Harlem River Drive Service Rd W,Frederick Douglass Boulevard,EB,117,39.38,0.0
2024-03-09,9,Manhattan,WEST 155 STREET,Harlem River Drive Service Rd W,Frederick Douglass Boulevard,EB,128,40.55,0.0
2024-03-09,9,Manhattan,WEST 155 STREET,Harlem River Drive Service Rd W,Frederick Douglass Boulevard,EB,134,40.55,0.0
2024-03-09,9,Manhattan,WEST 155 STREET,Harlem River Drive Service Rd W,Frederick Douglass Boulevard,EB,138,40.55,0.0
2024-03-09,9,Manhattan,WEST 155 STREET,Harlem River Drive Service Rd W,Frederick Douglass Boulevard,EB,162,40.55,0.0
2024-03-09,10,Manhattan,WEST 155 STREET,Harlem River Drive Service Rd W,Frederick Douglass Boulevard,EB,129,41.18,0.0
2024-03-09,10,Manhattan,WEST 155 STREET,Harlem River Drive Service Rd W,Frederick Douglass Boulevard,EB,157,41.18,0.0
2024-03-09,10,Manhattan,WEST 155 STREET,Harlem River Drive Service Rd W,Frederick Douglass Boulevard,EB,161,41.18,0.0
2024-03-09,10,Manhattan,WEST 155 STREET,Harlem River Drive Service Rd W,Frederick Douglass Boulevard,EB,173,41.18,0.0
2024-03-09,11,Manhattan,WEST 155 STREET,Harlem River Drive Service Rd W,Frederick Douglass Boulevard,EB,139,41.989998,0.0
2020-01-31,5,Staten Island,RICHMOND ROAD,Rockland Avenue,Morley Avenue,NB,22,28.76,0.0
2020-01-31,5,Staten Island,RICHMOND ROAD,Rockland Avenue,Morley Avenue,NB,19,28.76,0.0
2020-01-31,5,Staten Island,RICHMOND ROAD,Rockland Avenue,Morley Avenue,NB,35,28.76,0.0
2020-01-31,6,Staten Island,RICHMOND ROAD,Rockland Avenue,Morley Avenue,NB,27,28.22,0.0
2020-01-31,6,Staten Island,RICHMOND ROAD,Rockland Avenue,Morley Avenue,NB,85,28.22,0.0
2020-01-31,6,Staten Island,RICHMOND ROAD,Rockland Avenue,Morley Avenue,NB,48,28.22,0.0
2020-01-31,6,Staten Island,RICHMOND ROAD,Rockland Avenue,Morley Avenue,NB,68,28.22,0.0
2020-01-31,7,Staten Island,RICHMOND ROAD,Rockland Avenue,Morley Avenue,NB,88,27.95,0.0
2020-01-31,7,Staten Island,RICHMOND ROAD,Rockland Avenue,Morley Avenue,NB,120,27.95,0.0
2020-01-31,7,Staten Island,RICHMOND ROAD,Rockland Avenue,Morley Avenue,NB,158,27.95,0.0
2020-01-31,7,Staten Island,RICHMOND ROAD,Rockland Avenue,Morley Avenue,NB,157,27.95,0.0
2020-01-31,8,Staten Island,RICHMOND ROAD,Rockland Avenue,Morley Avenue,NB,209,31.91,0.0
2020-01-31,8,Staten Island,RICHMOND ROAD,Rockland Avenue,Morley Avenue,NB,251,31.91,0.0
2020-01-31,8,Staten Island,RICHMOND ROAD,Rockland Avenue,Morley Avenue,NB,219,31.91,0.0
2020-01-31,8,Staten Island,RICHMOND ROAD,Rockland Avenue,Morley Avenue,NB,194,31.91,0.0
2020-01-31,9,Staten Island,RICHMOND ROAD,Rockland Avenue,Morley Avenue,NB,164,33.17,0.0
2020-01-31,9,Staten Island,RICHMOND ROAD,Rockland Avenue,Morley Avenue,NB,197,33.17,0.0
2020-01-31,9,Staten Island,RICHMOND ROAD,Rockland Avenue,Morley Avenue,NB,202,33.17,0.0
2020-01-31,9,Staten Island,RICHMOND ROAD,Rockland Avenue,Morley Avenue,NB,175,33.17,0.0
2020-01-31,10,Staten Island,RICHMOND ROAD,Rockland Avenue,Morley Avenue,NB,188,36.32,0.0
2020-01-31,10,Staten Island,RICHMOND ROAD,Rockland Avenue,Morley Avenue,NB,172,36.32,0.0
2020-01-31,10,Staten Island,RICHMOND ROAD,Rockland Avenue,Morley Avenue,NB,179,36.32,0.0
2020-01-31,10,Staten Island,RICHMOND ROAD,Rockland Avenue,Morley Avenue,NB,155,36.32,0.0
2020-01-31,11,Staten Island,RICHMOND ROAD,Rockland Avenue,Morley Avenue,NB,180,39.47,0.0
2020-01-31,11,Staten Island,RICHMOND ROAD,Rockland Avenue,Morley Avenue,NB,202,39.47,0.0
2020-01-31,11,Staten Island,RICHMOND ROAD,Rockland Avenue,Morley Avenue,NB,193,39.47,0.0
2020-01-31,11,Staten Island,RICHMOND ROAD,Rockland Avenue,Morley Avenue,NB,215,39.47,0.0
2020-01-31,12,Staten Island,RICHMOND ROAD,Rockland Avenue,Morley Avenue,NB,226,42.260002,0.0
2020-01-31,12,Staten Island,RICHMOND ROAD,Rockland Avenue,Morley Avenue,NB,211,42.260002,0.0
2020-01-31,12,Staten Island,RICHMOND ROAD,Rockland Avenue,Morley Avenue,NB,204,42.260002,0.0
2020-01-31,12,Staten Island,RICHMOND ROAD,Rockland Avenue,Morley Avenue,NB,219,42.260002,0.0
2020-01-31,13,Staten Island,RICHMOND ROAD,Rockland Avenue,Morley Avenue,NB,199,43.07,0.0
2020-01-31,13,Staten Island,RICHMOND ROAD,Rockland Avenue,Morley Avenue,NB,216,43.07,0.0
2020-01-31,13,Staten Island,RICHMOND ROAD,Rockland Avenue,Morley Avenue,NB,212,43.07,0.0
2020-01-31,13,Staten Island,RICHMOND ROAD,Rockland Avenue,Morley Avenue,NB,147,43.07,0.0
2020-01-31,14,Staten Island,RICHMOND ROAD,Rockland Avenue,Morley Avenue,NB,143,43.43,0.0
2020-01-31,14,Staten Island,RICHMOND ROAD,Rockland Avenue,Morley Avenue,NB,120,43.43,0.0
2020-01-31,14,Staten Island,RICHMOND ROAD,Rockland Avenue,Morley Avenue,NB,178,43.43,0.0
2020-01-31,14,Staten Island,RICHMOND ROAD,Rockland Avenue,Morley Avenue,NB,150,43.43,0.0
2020-01-31,15,Staten Island,RICHMOND ROAD,Rockland Avenue,Morley Avenue,NB,146,43.25,0.0
2020-01-31,15,Staten Island,RICHMOND ROAD,Rockland Avenue,Morley Avenue,NB,185,43.25,0.0
2020-01-31,15,Staten Island,RICHMOND ROAD,Rockland Avenue,Morley Avenue,NB,204,43.25,0.0
2020-01-31,15,Staten Island,RICHMOND ROAD,Rockland Avenue,Morley Avenue,NB,160,43.25,0.0
2020-01-31,16,Staten Island,RICHMOND ROAD,Rockland Avenue,Morley Avenue,NB,165,41.9,0.0
2020-01-31,16,Staten Island,RICHMOND ROAD,Rockland Avenue,Morley Avenue,NB,168,41.9,0.0
2020-01-31,16,Staten Island,RICHMOND ROAD,Rockland Avenue,Morley Avenue,NB,123,41.9,0.0
2020-01-31,16,Staten Island,RICHMOND ROAD,Rockland Avenue,Morley Avenue,NB,142,41.9,0.0
2020-01-31,17,Staten Island,RICHMOND ROAD,Rockland Avenue,Morley Avenue,NB,169,41.54,0.0
2020-01-31,17,Staten Island,RICHMOND ROAD,Rockland Avenue,Morley Avenue,NB,279,41.54,0.0
2020-01-31,17,Staten Island,RICHMOND ROAD,Rockland Avenue,Morley Avenue,NB,235,41.54,0.0
2020-01-31,17,Staten Island,RICHMOND ROAD,Rockland Avenue,Morley Avenue,NB,281,41.54,0.0
2020-01-31,18,Staten Island,RICHMOND ROAD,Rockland Avenue,Morley Avenue,NB,241,40.28,0.0
2020-01-31,18,Staten Island,RICHMOND ROAD,Rockland Avenue,Morley Avenue,NB,233,40.28,0.0
2020-01-31,18,Staten Island,RICHMOND ROAD,Rockland Avenue,Morley Avenue,NB,280,40.28,0.0
2020-01-31,18,Staten Island,RICHMOND ROAD,Rockland Avenue,Morley Avenue,NB,267,40.28,0.0
2020-01-31,19,Staten Island,RICHMOND ROAD,Rockland Avenue,Morley Avenue,NB,292,38.93,0.0
2020-01-31,19,Staten Island,RICHMOND ROAD,Rockland Avenue,Morley Avenue,NB,244,38.93,0.0
2020-01-31,19,Staten Island,RICHMOND ROAD,Rockland Avenue,Morley Avenue,NB,253,38.93,0.0
2020-01-31,19,Staten Island,RICHMOND ROAD,Rockland Avenue,Morley Avenue,NB,245,38.93,0.0
2020-01-31,20,Staten Island,RICHMOND ROAD,Rockland Avenue,Morley Avenue,NB,206,38.66,0.0
2020-01-31,20,Staten Island,RICHMOND ROAD,Rockland Avenue,Morley Avenue,NB,229,38.66,0.0
2020-01-31,20,Staten Island,RICHMOND ROAD,Rockland Avenue,Morley Avenue,NB,221,38.66,0.0
2020-01-31,20,Staten Island,RICHMOND ROAD,Rockland Avenue,Morley Avenue,NB,186,38.66,0.0
2020-01-31,21,Staten Island,RICHMOND ROAD,Rockland Avenue,Morley Avenue,NB,159,38.21,0.003937008
2020-01-31,21,Staten Island,RICHMOND ROAD,Rockland Avenue,Morley Avenue,NB,194,38.21,0.003937008
2020-01-31,21,Staten Island,RICHMOND ROAD,Rockland Avenue,Morley Avenue,NB,220,38.21,0.003937008
2020-01-31,21,Staten Island,RICHMOND ROAD,Rockland Avenue,Morley Avenue,NB,174,38.21,0.003937008
2020-01-31,22,Staten Island,RICHMOND ROAD,Rockland Avenue,Morley Avenue,NB,164,37.31,0.015748031
2020-01-31,22,Staten Island,RICHMOND ROAD,Rockland Avenue,Morley Avenue,NB,165,37.31,0.015748031
2020-01-31,22,Staten Island,RICHMOND ROAD,Rockland Avenue,Morley Avenue,NB,135,37.31,0.015748031
2020-01-31,22,Staten Island,RICHMOND ROAD,Rockland Avenue,Morley Avenue,NB,118,37.31,0.015748031
2020-01-31,23,Staten Island,RICHMOND ROAD,Rockland Avenue,Morley Avenue,NB,128,36.86,0.023622049
2020-01-31,23,Staten Island,RICHMOND ROAD,Rockland Avenue,Morley Avenue,NB,118,36.86,0.023622049
2020-01-31,23,Staten Island,RICHMOND ROAD,Rockland Avenue,Morley Avenue,NB,119,36.86,0.023622049
2020-01-31,23,Staten Island,RICHMOND ROAD,Rockland Avenue,Morley Avenue,NB,102,36.86,0.023622049
2020-01-27,0,Staten Island,RICHMOND ROAD,Rockland Avenue,Morley Avenue,SB,32,35.06,0.0
2020-01-27,0,Staten Island,RICHMOND ROAD,Rockland Avenue,Morley Avenue,SB,53,35.06,0.0
2020-01-27,0,Staten Island,RICHMOND ROAD,Rockland Avenue,Morley Avenue,SB,31,35.06,0.0
2020-01-27,0,Staten Island,RICHMOND ROAD,Rockland Avenue,Morley Avenue,SB,24,35.06,0.0
2020-01-27,1,Staten Island,RICHMOND ROAD,Rockland Avenue,Morley Avenue,SB,41,34.07,0.0
2020-01-27,1,Staten Island,RICHMOND ROAD,Rockland Avenue,Morley Avenue,SB,19,34.07,0.0
2020-01-27,1,Staten Island,RICHMOND ROAD,Rockland Avenue,Morley Avenue,SB,23,34.07,0.0
2020-01-27,1,Staten Island,RICHMOND ROAD,Rockland Avenue,Morley Avenue,SB,13,34.07,0.0
2020-01-27,2,Staten Island,RICHMOND ROAD,Rockland Avenue,Morley Avenue,SB,15,32.9,0.0
2020-01-27,2,Staten Island,RICHMOND ROAD,Rockland Avenue,Morley Avenue,SB,15,32.9,0.0
2020-01-27,2,Staten Island,RICHMOND ROAD,Rockland Avenue,Morley Avenue,SB,10,32.9,0.0
2020-01-27,2,Staten Island,RICHMOND ROAD,Rockland Avenue,Morley Avenue,SB,10,32.9,0.0
2020-01-27,3,Staten Island,RICHMOND ROAD,Rockland Avenue,Morley Avenue,SB,21,32.45,0.0
2020-01-27,3,Staten Island,RICHMOND ROAD,Rockland Avenue,Morley Avenue,SB,7,32.45,0.0
2020-01-27,3,Staten Island,RICHMOND ROAD,Rockland Avenue,Morley Avenue,SB,8,32.45,0.0
2020-01-27,3,Staten Island,RICHMOND ROAD,Rockland Avenue,Morley Avenue,SB,9,32.45,0.0
2020-01-27,4,Staten Island,RICHMOND ROAD,Rockland Avenue,Morley Avenue,SB,5,32.36,0.0
2020-01-27,4,Staten Island,RICHMOND ROAD,Rockland Avenue,Morley Avenue,SB,11,32.36,0.0
2020-01-27,4,Staten Island,RICHMOND ROAD,Rockland Avenue,Morley Avenue,SB,8,32.36,0.0
2020-01-27,4,Staten Island,RICHMOND ROAD,Rockland Avenue,Morley Avenue,SB,12,32.36,0.0
2020-01-27,5,Staten Island,RICHMOND ROAD,Rockland Avenue,Morley Avenue,SB,5,32.18,0.0
2020-01-27,5,Staten Island,RICHMOND ROAD,Rockland Avenue,Morley Avenue,SB,9,32.18,0.0
2020-01-27,5,Staten Island,RICHMOND ROAD,Rockland Avenue,Morley Avenue,SB,10,32.18,0.0
2020-01-27,5,Staten Island,RICHMOND ROAD,Rockland Avenue,Morley Avenue,SB,18,32.18,0.0
2020-01-27,6,Staten Island,RICHMOND ROAD,Rockland Avenue,Morley Avenue,SB,13,32.0,0.0
2020-01-27,6,Staten Island,RICHMOND ROAD,Rockland Avenue,Morley Avenue,SB,17,32.0,0.0
2020-01-27,6,Staten Island,RICHMOND ROAD,Rockland Avenue,Morley Avenue,SB,20,32.0,0.0
2020-01-27,6,Staten Island,RICHMOND ROAD,Rockland Avenue,Morley Avenue,SB,25,32.0,0.0
2020-01-27,7,Staten Island,RICHMOND ROAD,Rockland Avenue,Morley Avenue,SB,36,31.55,0.0
2020-01-27,7,Staten Island,RICHMOND ROAD,Rockland Avenue,Morley Avenue,SB,41,31.55,0.0
2024-01-09,17,Queens,GRAND AVENUE,72 Street,Mazeau Street,EB,111,45.77,0.0511811
2024-01-09,18,Queens,GRAND AVENUE,72 Street,Mazeau Street,EB,118,48.02,0.031496063
2024-01-09,18,Queens,GRAND AVENUE,72 Street,Mazeau Street,EB,93,48.02,0.031496063
2024-01-09,18,Queens,GRAND AVENUE,72 Street,Mazeau Street,EB,93,48.02,0.031496063
2024-01-09,18,Queens,GRAND AVENUE,72 Street,Mazeau Street,EB,96,48.02,0.031496063
2024-01-09,19,Queens,GRAND AVENUE,72 Street,Mazeau Street,EB,82,49.82,0.09055118
2024-01-09,19,Queens,GRAND AVENUE,72 Street,Mazeau Street,EB,65,49.82,0.09055118
2024-01-09,19,Queens,GRAND AVENUE,72 Street,Mazeau Street,EB,64,49.82,0.09055118
2024-01-09,19,Queens,GRAND AVENUE,72 Street,Mazeau Street,EB,73,49.82,0.09055118
2024-01-09,20,Queens,GRAND AVENUE,72 Street,Mazeau Street,EB,52,51.26,0.16141732
2024-01-09,20,Queens,GRAND AVENUE,72 Street,Mazeau Street,EB,56,51.26,0.16141732
2024-01-09,20,Queens,GRAND AVENUE,72 Street,Mazeau Street,EB,61,51.26,0.16141732
2024-01-09,20,Queens,GRAND AVENUE,72 Street,Mazeau Street,EB,56,51.26,0.16141732
2024-01-09,21,Queens,GRAND AVENUE,72 Street,Mazeau Street,EB,51,53.059998,0.19685039
2024-01-09,21,Queens,GRAND AVENUE,72 Street,Mazeau Street,EB,54,53.059998,0.19685039
2024-01-09,21,Queens,GRAND AVENUE,72 Street,Mazeau Street,EB,66,53.059998,0.19685039
2024-01-09,21,Queens,GRAND AVENUE,72 Street,Mazeau Street,EB,51,53.059998,0.19685039
2024-01-09,22,Queens,GRAND AVENUE,72 Street,Mazeau Street,EB,53,53.87,0.23228347
2024-01-09,22,Queens,GRAND AVENUE,72 Street,Mazeau Street,EB,48,53.87,0.23228347
2024-01-09,22,Queens,GRAND AVENUE,72 Street,Mazeau Street,EB,46,53.87,0.23228347
2024-01-09,22,Queens,GRAND AVENUE,72 Street,Mazeau Street,EB,30,53.87,0.23228347
2024-01-09,23,Queens,GRAND AVENUE,72 Street,Mazeau Street,EB,26,55.22,0.25984251
2024-01-09,23,Queens,GRAND AVENUE,72 Street,Mazeau Street,EB,22,55.22,0.25984251
2024-01-09,23,Queens,GRAND AVENUE,72 Street,Mazeau Street,EB,30,55.22,0.25984251
2024-01-09,23,Queens,GRAND AVENUE,72 Street,Mazeau Street,EB,32,55.22,0.25984251
2024-01-10,0,Queens,GRAND AVENUE,72 Street,Mazeau Street,EB,9,56.03,0.2952756
2024-01-10,0,Queens,GRAND AVENUE,72 Street,Mazeau Street,EB,8,56.03,0.2952756
2024-01-10,0,Queens,GRAND AVENUE,72 Street,Mazeau Street,EB,19,56.03,0.2952756
2024-01-10,0,Queens,GRAND AVENUE,72 Street,Mazeau Street,EB,20,56.03,0.2952756
2024-01-10,1,Queens,GRAND AVENUE,72 Street,Mazeau Street,EB,10,55.04,0.6614173
2024-01-10,1,Queens,GRAND AVENUE,72 Street,Mazeau Street,EB,14,55.04,0.6614173
2024-01-10,1,Queens,GRAND AVENUE,72 Street,Mazeau Street,EB,16,55.04,0.6614173
2024-01-10,1,Queens,GRAND AVENUE,72 Street,Mazeau Street,EB,14,55.04,0.6614173
2024-01-10,2,Queens,GRAND AVENUE,72 Street,Mazeau Street,EB,8,55.309998,0.47244096
2024-01-10,2,Queens,GRAND AVENUE,72 Street,Mazeau Street,EB,17,55.309998,0.47244096
2024-01-10,2,Queens,GRAND AVENUE,72 Street,Mazeau Street,EB,1,55.309998,0.47244096
2024-01-10,2,Queens,GRAND AVENUE,72 Street,Mazeau Street,EB,6,55.309998,0.47244096
2024-01-10,3,Queens,GRAND AVENUE,72 Street,Mazeau Street,EB,8,56.39,0.03937008
2024-01-10,3,Queens,GRAND AVENUE,72 Street,Mazeau Street,EB,4,56.39,0.03937008
2024-01-10,3,Queens,GRAND AVENUE,72 Street,Mazeau Street,EB,7,56.39,0.03937008
2024-01-10,3,Queens,GRAND AVENUE,72 Street,Mazeau Street,EB,3,56.39,0.03937008
2024-01-10,4,Queens,GRAND AVENUE,72 Street,Mazeau Street,EB,13,56.21,0.015748031
2024-01-10,4,Queens,GRAND AVENUE,72 Street,Mazeau Street,EB,8,56.21,0.015748031
2024-01-10,4,Queens,GRAND AVENUE,72 Street,Mazeau Street,EB,5,56.21,0.015748031
2024-01-10,4,Queens,GRAND AVENUE,72 Street,Mazeau Street,EB,16,56.21,0.015748031
2024-01-10,5,Queens,GRAND AVENUE,72 Street,Mazeau Street,EB,15,55.22,0.003937008
2024-01-10,5,Queens,GRAND AVENUE,72 Street,Mazeau Street,EB,14,55.22,0.003937008
2024-01-10,5,Queens,GRAND AVENUE,72 Street,Mazeau Street,EB,14,55.22,0.003937008
2024-01-10,5,Queens,GRAND AVENUE,72 Street,Mazeau Street,EB,11,55.22,0.003937008
2024-01-10,6,Queens,GRAND AVENUE,72 Street,Mazeau Street,EB,33,51.98,0.0
2024-01-10,6,Queens,GRAND AVENUE,72 Street,Mazeau Street,EB,28,51.98,0.0
2024-01-10,6,Queens,GRAND AVENUE,72 Street,Mazeau Street,EB,38,51.98,0.0
2024-01-10,6,Queens,GRAND AVENUE,72 Street,Mazeau Street,EB,44,51.98,0.0
2024-01-10,7,Queens,GRAND AVENUE,72 Street,Mazeau Street,EB,60,48.11,0.0
2024-01-10,7,Queens,GRAND AVENUE,72 Street,Mazeau Street,EB,57,48.11,0.0
2024-01-10,7,Queens,GRAND AVENUE,72 Street,Mazeau Street,EB,76,48.11,0.0
2024-01-10,7,Queens,GRAND AVENUE,72 Street,Mazeau Street,EB,70,48.11,0.0
2024-01-10,8,Queens,GRAND AVENUE,72 Street,Mazeau Street,EB,74,45.05,0.0
2024-01-10,8,Queens,GRAND AVENUE,72 Street,Mazeau Street,EB,69,45.05,0.0
2024-01-10,8,Queens,GRAND AVENUE,72 Street,Mazeau Street,EB,63,45.05,0.0
2024-01-10,8,Queens,GRAND AVENUE,72 Street,Mazeau Street,EB,52,45.05,0.0
2024-01-10,9,Queens,GRAND AVENUE,72 Street,Mazeau Street,EB,55,47.3,0.0
2024-01-10,9,Queens,GRAND AVENUE,72 Street,Mazeau Street,EB,65,47.3,0.0
2024-01-10,9,Queens,GRAND AVENUE,72 Street,Mazeau Street,EB,74,47.3,0.0
2024-01-10,9,Queens,GRAND AVENUE,72 Street,Mazeau Street,EB,65,47.3,0.0
2024-01-10,10,Queens,GRAND AVENUE,72 Street,Mazeau Street,EB,58,47.48,0.0
2024-01-10,10,Queens,GRAND AVENUE,72 Street,Mazeau Street,EB,52,47.48,0.0
2024-01-10,10,Queens,GRAND AVENUE,72 Street,Mazeau Street,EB,48,47.48,0.0
2024-01-10,10,Queens,GRAND AVENUE,72 Street,Mazeau Street,EB,53,47.48,0.0
2024-01-10,11,Queens,GRAND AVENUE,72 Street,Mazeau Street,EB,56,47.39,0.0
2024-01-10,11,Queens,GRAND AVENUE,72 Street,Mazeau Street,EB,62,47.39,0.0
2024-01-10,11,Queens,GRAND AVENUE,72 Street,Mazeau Street,EB,55,47.39,0.0
2024-01-10,11,Queens,GRAND AVENUE,72 Street,Mazeau Street,EB,64,47.39,0.0
2024-01-10,12,Queens,GRAND AVENUE,72 Street,Mazeau Street,EB,74,48.11,0.0
2024-01-10,12,Queens,GRAND AVENUE,72 Street,Mazeau Street,EB,75,48.11,0.0
2024-01-10,12,Queens,GRAND AVENUE,72 Street,Mazeau Street,EB,84,48.11,0.0
2024-01-10,12,Queens,GRAND AVENUE,72 Street,Mazeau Street,EB,76,48.11,0.0
2024-01-10,13,Queens,GRAND AVENUE,72 Street,Mazeau Street,EB,76,48.559998,0.0
2024-01-10,13,Queens,GRAND AVENUE,72 Street,Mazeau Street,EB,75,48.559998,0.0
2024-01-10,13,Queens,GRAND AVENUE,72 Street,Mazeau Street,EB,77,48.559998,0.0
2024-01-10,13,Queens,GRAND AVENUE,72 Street,Mazeau Street,EB,83,48.559998,0.0
2024-01-10,14,Queens,GRAND AVENUE,72 Street,Mazeau Street,EB,86,49.37,0.0
2024-01-10,14,Queens,GRAND AVENUE,72 Street,Mazeau Street,EB,91,49.37,0.0
2024-01-10,14,Queens,GRAND AVENUE,72 Street,Mazeau Street,EB,99,49.37,0.0
2024-01-10,14,Queens,GRAND AVENUE,72 Street,Mazeau Street,EB,104,49.37,0.0
2024-01-10,15,Queens,GRAND AVENUE,72 Street,Mazeau Street,EB,114,47.66,0.0
2024-01-10,15,Queens,GRAND AVENUE,72 Street,Mazeau Street,EB,102,47.66,0.0
2024-01-10,15,Queens,GRAND AVENUE,72 Street,Mazeau Street,EB,97,47.66,0.0
2024-01-10,15,Queens,GRAND AVENUE,72 Street,Mazeau Street,EB,96,47.66,0.0
2024-01-10,16,Queens,GRAND AVENUE,72 Street,Mazeau Street,EB,108,47.12,0.0
2024-01-10,16,Queens,GRAND AVENUE,72 Street,Mazeau Street,EB,92,47.12,0.0
2024-01-10,16,Queens,GRAND AVENUE,72 Street,Mazeau Street,EB,99,47.12,0.0
2024-01-10,16,Queens,GRAND AVENUE,72 Street,Mazeau Street,EB,107,47.12,0.0
2024-01-10,17,Queens,GRAND AVENUE,72 Street,Mazeau Street,EB,111,46.4,0.0
2024-01-10,17,Queens,GRAND AVENUE,72 Street,Mazeau Street,EB,94,46.4,0.0
2024-01-10,17,Queens,GRAND AVENUE,72 Street,Mazeau Street,EB,109,46.4,0.0
2024-01-10,17,Queens,GRAND AVENUE,72 Street,Mazeau Street,EB,98,46.4,0.0
2024-01-10,18,Queens,GRAND AVENUE,72 Street,Mazeau Street,EB,100,44.059998,0.0
2024-01-10,18,Queens,GRAND AVENUE,72 Street,Mazeau Street,EB,88,44.059998,0.0
2024-01-10,18,Queens,GRAND AVENUE,72 Street,Mazeau Street,EB,88,44.059998,0.0
2024-01-10,18,Queens,GRAND AVENUE,72 Street,Mazeau Street,EB,81,44.059998,0.0
2024-01-10,19,Queens,GRAND AVENUE,72 Street,Mazeau Street,EB,72,42.53,0.0
2024-01-10,19,Queens,GRAND AVENUE,72 Street,Mazeau Street,EB,75,42.53,0.0
2024-01-10,19,Queens,GRAND AVENUE,72 Street,Mazeau Street,EB,82,42.53,0.0
2024-01-10,19,Queens,GRAND AVENUE,72 Street,Mazeau Street,EB,63,42.53,0.0
2021-04-24,10,Queens,UNION TURNPIKE,Langdale Street,Hewlett Street,EB,92,60.44,0.0
2021-04-24,10,Queens,UNION TURNPIKE,Langdale Street,Hewlett Street,EB,105,60.44,0.0
2021-04-24,10,Queens,UNION TURNPIKE,Langdale Street,Hewlett Street,EB,93,60.44,0.0
2021-04-24,11,Queens,UNION TURNPIKE,Langdale Street,Hewlett Street,EB,116,63.41,0.0
2021-04-24,11,Queens,UNION TURNPIKE,Langdale Street,Hewlett Street,EB,102,63.41,0.0
2021-04-24,11,Queens,UNION TURNPIKE,Langdale Street,Hewlett Street,EB,110,63.41,0.0
2021-04-24,11,Queens,UNION TURNPIKE,Langdale Street,Hewlett Street,EB,120,63.41,0.0
2021-04-24,12,Queens,UNION TURNPIKE,Langdale Street,Hewlett Street,EB,81,65.3,0.0
2021-04-24,12,Queens,UNION TURNPIKE,Langdale Street,Hewlett Street,EB,132,65.3,0.0
2021-04-24,12,Queens,UNION TURNPIKE,Langdale Street,Hewlett Street,EB,147,65.3,0.0
2021-04-24,12,Queens,UNION TURNPIKE,Langdale Street,Hewlett Street,EB,136,65.3,0.0
2021-04-24,13,Queens,UNION TURNPIKE,Langdale Street,Hewlett Street,EB,167,66.74,0.0
2021-04-24,13,Queens,UNION TURNPIKE,Langdale Street,Hewlett Street,EB,153,66.74,0.0
2021-04-24,13,Queens,UNION TURNPIKE,Langdale Street,Hewlett Street,EB,181,66.74,0.0
2021-04-24,13,Queens,UNION TURNPIKE,Langdale Street,Hewlett Street,EB,183,66.74,0.0
2021-04-24,14,Queens,UNION TURNPIKE,Langdale Street,Hewlett Street,EB,168,67.91,0.0
2021-04-24,14,Queens,UNION TURNPIKE,Langdale Street,Hewlett Street,EB,163,67.91,0.0
2021-04-24,14,Queens,UNION TURNPIKE,Langdale Street,Hewlett Street,EB,157,67.91,0.0
2021-04-24,14,Queens,UNION TURNPIKE,Langdale Street,Hewlett Street,EB,139,67.91,0.0
2021-04-24,15,Queens,UNION TURNPIKE,Langdale Street,Hewlett Street,EB,175,65.93,0.0
2021-04-24,15,Queens,UNION TURNPIKE,Langdale Street,Hewlett Street,EB,183,65.93,0.0
2021-04-24,15,Queens,UNION TURNPIKE,Langdale Street,Hewlett Street,EB,131,65.93,0.0
2021-04-24,15,Queens,UNION TURNPIKE,Langdale Street,Hewlett Street,EB,128,65.93,0.0
2021-04-24,16,Queens,UNION TURNPIKE,Langdale Street,Hewlett Street,EB,134,62.15,0.0
2021-04-24,16,Queens,UNION TURNPIKE,Langdale Street,Hewlett Street,EB,118,62.15,0.0
2021-04-24,16,Queens,UNION TURNPIKE,Langdale Street,Hewlett Street,EB,127,62.15,0.0
2021-04-24,16,Queens,UNION TURNPIKE,Langdale Street,Hewlett Street,EB,109,62.15,0.0
2021-04-24,17,Queens,UNION TURNPIKE,Langdale Street,Hewlett Street,EB,104,59.45,0.0
2021-04-24,17,Queens,UNION TURNPIKE,Langdale Street,Hewlett Street,EB,112,59.45,0.0
2021-04-24,17,Queens,UNION TURNPIKE,Langdale Street,Hewlett Street,EB,106,59.45,0.0
2021-04-24,17,Queens,UNION TURNPIKE,Langdale Street,Hewlett Street,EB,87,59.45,0.0
2021-04-24,18,Queens,UNION TURNPIKE,Langdale Street,Hewlett Street,EB,91,56.57,0.0
2021-04-24,18,Queens,UNION TURNPIKE,Langdale Street,Hewlett Street,EB,77,56.57,0.0
2021-04-24,18,Queens,UNION TURNPIKE,Langdale Street,Hewlett Street,EB,83,56.57,0.0
2021-04-24,18,Queens,UNION TURNPIKE,Langdale Street,Hewlett Street,EB,68,56.57,0.0
2021-04-24,19,Queens,UNION TURNPIKE,Langdale Street,Hewlett Street,EB,63,55.4,0.0
2021-04-24,19,Queens,UNION TURNPIKE,Langdale Street,Hewlett Street,EB,57,55.4,0.0
2021-04-24,19,Queens,UNION TURNPIKE,Langdale Street,Hewlett Street,EB,56,55.4,0.0
2021-04-24,19,Queens,UNION TURNPIKE,Langdale Street,Hewlett Street,EB,59,55.4,0.0
2021-04-24,20,Queens,UNION TURNPIKE,Langdale Street,Hewlett Street,EB,57,55.49,0.0
2021-04-24,20,Queens,UNION TURNPIKE,Langdale Street,Hewlett Street,EB,45,55.49,0.0
2021-04-24,20,Queens,UNION TURNPIKE,Langdale Street,Hewlett Street,EB,35,55.49,0.0
2021-04-24,20,Queens,UNION TURNPIKE,Langdale Street,Hewlett Street,EB,51,55.49,0.0
2021-04-24,21,Queens,UNION TURNPIKE,Langdale Street,Hewlett Street,EB,36,55.49,0.0
2021-04-24,21,Queens,UNION TURNPIKE,Langdale Street,Hewlett Street,EB,45,55.49,0.0
2021-04-24,21,Queens,UNION TURNPIKE,Langdale Street,Hewlett Street,EB,54,55.49,0.0
2021-04-24,21,Queens,UNION TURNPIKE,Langdale Street,Hewlett Street,EB,34,55.49,0.0
2021-04-24,22,Queens,UNION TURNPIKE,Langdale Street,Hewlett Street,EB,30,55.22,0.0
2021-04-24,22,Queens,UNION TURNPIKE,Langdale Street,Hewlett Street,EB,33,55.22,0.0
2021-04-24,22,Queens,UNION TURNPIKE,Langdale Street,Hewlett Street,EB,44,55.22,0.0
2021-04-24,22,Queens,UNION TURNPIKE,Langdale Street,Hewlett Street,EB,32,55.22,0.0
2021-04-24,23,Queens,UNION TURNPIKE,Langdale Street,Hewlett Street,EB,32,53.78,0.0
2021-04-24,23,Queens,UNION TURNPIKE,Langdale Street,Hewlett Street,EB,28,53.78,0.0
2021-04-24,23,Queens,UNION TURNPIKE,Langdale Street,Hewlett Street,EB,22,53.78,0.0
2021-04-24,23,Queens,UNION TURNPIKE,Langdale Street,Hewlett Street,EB,23,53.78,0.0
2021-04-25,0,Queens,UNION TURNPIKE,Langdale Street,Hewlett Street,EB,38,51.89,0.0
2021-04-25,0,Queens,UNION TURNPIKE,Langdale Street,Hewlett Street,EB,20,51.89,0.0
2021-04-25,0,Queens,UNION TURNPIKE,Langdale Street,Hewlett Street,EB,12,51.89,0.0
2021-04-25,0,Queens,UNION TURNPIKE,Langdale Street,Hewlett Street,EB,17,51.89,0.0
2021-04-25,1,Queens,UNION TURNPIKE,Langdale Street,Hewlett Street,EB,14,51.08,0.0
2021-04-25,1,Queens,UNION TURNPIKE,Langdale Street,Hewlett Street,EB,7,51.08,0.0
2021-04-25,1,Queens,UNION TURNPIKE,Langdale Street,Hewlett Street,EB,8,51.08,0.0
2021-04-25,1,Queens,UNION TURNPIKE,Langdale Street,Hewlett Street,EB,10,51.08,0.0
2021-04-25,2,Queens,UNION TURNPIKE,Langdale Street,Hewlett Street,EB,6,50.09,0.0
2021-04-25,2,Queens,UNION TURNPIKE,Langdale Street,Hewlett Street,EB,4,50.09,0.0
2021-04-25,2,Queens,UNION TURNPIKE,Langdale Street,Hewlett Street,EB,4,50.09,0.0
2021-04-25,2,Queens,UNION TURNPIKE,Langdale Street,Hewlett Street,EB,7,50.09,0.0
2021-04-25,3,Queens,UNION TURNPIKE,Langdale Street,Hewlett Street,EB,11,49.37,0.0118110245
2021-04-25,3,Queens,UNION TURNPIKE,Langdale Street,Hewlett Street,EB,8,49.37,0.0118110245
2021-04-25,3,Queens,UNION TURNPIKE,Langdale Street,Hewlett Street,EB,2,49.37,0.0118110245
2021-04-25,3,Queens,UNION TURNPIKE,Langdale Street,Hewlett Street,EB,2,49.37,0.0118110245
2021-04-25,4,Queens,UNION TURNPIKE,Langdale Street,Hewlett Street,EB,0,48.38,0.04330709
2021-04-25,4,Queens,UNION TURNPIKE,Langdale Street,Hewlett Street,EB,1,48.38,0.04330709
2021-04-25,4,Queens,UNION TURNPIKE,Langdale Street,Hewlett Street,EB,5,48.38,0.04330709
2021-04-25,4,Queens,UNION TURNPIKE,Langdale Street,Hewlett Street,EB,4,48.38,0.04330709
2021-04-25,5,Queens,UNION TURNPIKE,Langdale Street,Hewlett Street,EB,2,48.02,0.09055118
2021-04-25,5,Queens,UNION TURNPIKE,Langdale Street,Hewlett Street,EB,2,48.02,0.09055118
2021-04-25,5,Queens,UNION TURNPIKE,Langdale Street,Hewlett Street,EB,7,48.02,0.09055118
2021-04-25,5,Queens,UNION TURNPIKE,Langdale Street,Hewlett Street,EB,7,48.02,0.09055118
2021-04-25,6,Queens,UNION TURNPIKE,Langdale Street,Hewlett Street,EB,12,47.66,0.06692914
2021-04-25,6,Queens,UNION TURNPIKE,Langdale Street,Hewlett Street,EB,13,47.66,0.06692914
2021-04-25,6,Queens,UNION TURNPIKE,Langdale Street,Hewlett Street,EB,22,47.66,0.06692914
2021-04-25,6,Queens,UNION TURNPIKE,Langdale Street,Hewlett Street,EB,17,47.66,0.06692914
2021-04-25,7,Queens,UNION TURNPIKE,Langdale Street,Hewlett Street,EB,14,48.02,0.094488196
2021-04-25,7,Queens,UNION TURNPIKE,Langdale Street,Hewlett Street,EB,23,48.02,0.094488196
2021-04-25,7,Queens,UNION TURNPIKE,Langdale Street,Hewlett Street,EB,32,48.02,0.094488196
2021-04-25,7,Queens,UNION TURNPIKE,Langdale Street,Hewlett Street,EB,30,48.02,0.094488196
2021-04-25,8,Queens,UNION TURNPIKE,Langdale Street,Hewlett Street,EB,26,49.1,0.08661418
2021-04-25,8,Queens,UNION TURNPIKE,Langdale Street,Hewlett Street,EB,30,49.1,0.08661418
2021-04-25,8,Queens,UNION TURNPIKE,Langdale Street,Hewlett Street,EB,41,49.1,0.08661418
2021-04-25,8,Queens,UNION TURNPIKE,Langdale Street,Hewlett Street,EB,34,49.1,0.08661418
2021-04-25,9,Queens,UNION TURNPIKE,Langdale Street,Hewlett Street,EB,40,49.46,0.07480315
2021-04-25,9,Queens,UNION TURNPIKE,Langdale Street,Hewlett Street,EB,40,49.46,0.07480315
2021-04-25,9,Queens,UNION TURNPIKE,Langdale Street,Hewlett Street,EB,29,49.46,0.07480315
2021-04-25,9,Queens,UNION TURNPIKE,Langdale Street,Hewlett Street,EB,50,49.46,0.07480315
2021-04-25,10,Queens,UNION TURNPIKE,Langdale Street,Hewlett Street,EB,40,50.36,0.047244098
2021-04-25,10,Queens,UNION TURNPIKE,Langdale Street,Hewlett Street,EB,53,50.36,0.047244098
2021-04-25,10,Queens,UNION TURNPIKE,Langdale Street,Hewlett Street,EB,56,50.36,0.047244098
2021-04-25,10,Queens,UNION TURNPIKE,Langdale Street,Hewlett Street,EB,52,50.36,0.047244098
2021-04-25,11,Queens,UNION TURNPIKE,Langdale Street,Hewlett Street,EB,75,51.53,0.015748031
2021-04-25,11,Queens,UNION TURNPIKE,Langdale Street,Hewlett Street,EB,60,51.53,0.015748031
2021-04-25,11,Queens,UNION TURNPIKE,Langdale Street,Hewlett Street,EB,69,51.53,0.015748031
2021-04-25,11,Queens,UNION TURNPIKE,Langdale Street,Hewlett Street,EB,81,51.53,0.015748031
2021-04-25,12,Queens,UNION TURNPIKE,Langdale Street,Hewlett Street,EB,65,53.51,0.003937008
2021-04-25,12,Queens,UNION TURNPIKE,Langdale Street,Hewlett Street,EB,78,53.51,0.003937008
2020-01-27,7,Staten Island,RICHMOND ROAD,Rockland Avenue,Morley Avenue,SB,54,31.55,0.0
2020-01-27,7,Staten Island,RICHMOND ROAD,Rockland Avenue,Morley Avenue,SB,68,31.55,0.0
2020-01-27,8,Staten Island,RICHMOND ROAD,Rockland Avenue,Morley Avenue,SB,79,34.7,0.0
2020-01-27,8,Staten Island,RICHMOND ROAD,Rockland Avenue,Morley Avenue,SB,94,34.7,0.0
2020-01-27,8,Staten Island,RICHMOND ROAD,Rockland Avenue,Morley Avenue,SB,127,34.7,0.0
2020-01-27,8,Staten Island,RICHMOND ROAD,Rockland Avenue,Morley Avenue,SB,171,34.7,0.0
2020-01-27,9,Staten Island,RICHMOND ROAD,Rockland Avenue,Morley Avenue,SB,83,35.510002,0.0
2020-01-27,9,Staten Island,RICHMOND ROAD,Rockland Avenue,Morley Avenue,SB,94,35.510002,0.0
2020-01-27,9,Staten Island,RICHMOND ROAD,Rockland Avenue,Morley Avenue,SB,109,35.510002,0.0
2020-01-27,9,Staten Island,RICHMOND ROAD,Rockland Avenue,Morley Avenue,SB,104,35.510002,0.0
2020-01-27,10,Staten Island,RICHMOND ROAD,Rockland Avenue,Morley Avenue,SB,110,37.4,0.0
2020-01-27,10,Staten Island,RICHMOND ROAD,Rockland Avenue,Morley Avenue,SB,103,37.4,0.0
2020-01-27,10,Staten Island,RICHMOND ROAD,Rockland Avenue,Morley Avenue,SB,101,37.4,0.0
2020-01-27,10,Staten Island,RICHMOND ROAD,Rockland Avenue,Morley Avenue,SB,121,37.4,0.0
2020-01-27,11,Staten Island,RICHMOND ROAD,Rockland Avenue,Morley Avenue,SB,115,39.920002,0.0
2020-01-27,11,Staten Island,RICHMOND ROAD,Rockland Avenue,Morley Avenue,SB,113,39.920002,0.0
2020-01-27,11,Staten Island,RICHMOND ROAD,Rockland Avenue,Morley Avenue,SB,125,39.920002,0.0
2020-01-27,11,Staten Island,RICHMOND ROAD,Rockland Avenue,Morley Avenue,SB,115,39.920002,0.0
2020-01-27,12,Staten Island,RICHMOND ROAD,Rockland Avenue,Morley Avenue,SB,123,42.8,0.0
2020-01-27,12,Staten Island,RICHMOND ROAD,Rockland Avenue,Morley Avenue,SB,123,42.8,0.0
2020-01-27,12,Staten Island,RICHMOND ROAD,Rockland Avenue,Morley Avenue,SB,140,42.8,0.0
2020-01-27,12,Staten Island,RICHMOND ROAD,Rockland Avenue,Morley Avenue,SB,134,42.8,0.0
2020-01-27,13,Staten Island,RICHMOND ROAD,Rockland Avenue,Morley Avenue,SB,118,43.79,0.0
2020-01-27,13,Staten Island,RICHMOND ROAD,Rockland Avenue,Morley Avenue,SB,151,43.79,0.0
2020-01-27,13,Staten Island,RICHMOND ROAD,Rockland Avenue,Morley Avenue,SB,150,43.79,0.0
2020-01-27,13,Staten Island,RICHMOND ROAD,Rockland Avenue,Morley Avenue,SB,139,43.79,0.0
2020-01-27,14,Staten Island,RICHMOND ROAD,Rockland Avenue,Morley Avenue,SB,152,44.059998,0.0
2020-01-27,14,Staten Island,RICHMOND ROAD,Rockland Avenue,Morley Avenue,SB,139,44.059998,0.0
2020-01-27,14,Staten Island,RICHMOND ROAD,Rockland Avenue,Morley Avenue,SB,144,44.059998,0.0
2020-01-27,14,Staten Island,RICHMOND ROAD,Rockland Avenue,Morley Avenue,SB,152,44.059998,0.0
2020-01-27,15,Staten Island,RICHMOND ROAD,Rockland Avenue,Morley Avenue,SB,156,43.879997,0.0
2020-01-27,15,Staten Island,RICHMOND ROAD,Rockland Avenue,Morley Avenue,SB,140,43.879997,0.0
2020-01-27,15,Staten Island,RICHMOND ROAD,Rockland Avenue,Morley Avenue,SB,178,43.879997,0.0
2020-01-27,15,Staten Island,RICHMOND ROAD,Rockland Avenue,Morley Avenue,SB,159,43.879997,0.0
2020-01-27,16,Staten Island,RICHMOND ROAD,Rockland Avenue,Morley Avenue,SB,154,44.87,0.0
2020-01-27,16,Staten Island,RICHMOND ROAD,Rockland Avenue,Morley Avenue,SB,190,44.87,0.0
2020-01-27,16,Staten Island,RICHMOND ROAD,Rockland Avenue,Morley Avenue,SB,179,44.87,0.0
2020-01-27,16,Staten Island,RICHMOND ROAD,Rockland Avenue,Morley Avenue,SB,189,44.87,0.0
2020-01-27,17,Staten Island,RICHMOND ROAD,Rockland Avenue,Morley Avenue,SB,179,43.879997,0.0
2020-01-27,17,Staten Island,RICHMOND ROAD,Rockland Avenue,Morley Avenue,SB,220,43.879997,0.0
2020-01-27,17,Staten Island,RICHMOND ROAD,Rockland Avenue,Morley Avenue,SB,209,43.879997,0.0
2020-01-27,17,Staten Island,RICHMOND ROAD,Rockland Avenue,Morley Avenue,SB,229,43.879997,0.0
2020-01-27,18,Staten Island,RICHMOND ROAD,Rockland Avenue,Morley Avenue,SB,216,41.0,0.0
2020-01-27,18,Staten Island,RICHMOND ROAD,Rockland Avenue,Morley Avenue,SB,218,41.0,0.0
2020-01-27,18,Staten Island,RICHMOND ROAD,Rockland Avenue,Morley Avenue,SB,216,41.0,0.0
2020-01-27,18,Staten Island,RICHMOND ROAD,Rockland Avenue,Morley Avenue,SB,203,41.0,0.0
2020-01-27,19,Staten Island,RICHMOND ROAD,Rockland Avenue,Morley Avenue,SB,219,39.47,0.0
2020-01-27,19,Staten Island,RICHMOND ROAD,Rockland Avenue,Morley Avenue,SB,191,39.47,0.0
2020-01-27,19,Staten Island,RICHMOND ROAD,Rockland Avenue,Morley Avenue,SB,155,39.47,0.0
2020-01-27,19,Staten Island,RICHMOND ROAD,Rockland Avenue,Morley Avenue,SB,180,39.47,0.0
2020-01-27,20,Staten Island,RICHMOND ROAD,Rockland Avenue,Morley Avenue,SB,178,39.920002,0.0
2020-01-27,20,Staten Island,RICHMOND ROAD,Rockland Avenue,Morley Avenue,SB,155,39.920002,0.0
2020-01-27,20,Staten Island,RICHMOND ROAD,Rockland Avenue,Morley Avenue,SB,130,39.920002,0.0
2020-01-27,20,Staten Island,RICHMOND ROAD,Rockland Avenue,Morley Avenue,SB,122,39.920002,0.0
2020-01-27,21,Staten Island,RICHMOND ROAD,Rockland Avenue,Morley Avenue,SB,118,38.12,0.0
2020-01-27,21,Staten Island,RICHMOND ROAD,Rockland Avenue,Morley Avenue,SB,117,38.12,0.0
2020-01-27,21,Staten Island,RICHMOND ROAD,Rockland Avenue,Morley Avenue,SB,224,38.12,0.0
2020-01-27,21,Staten Island,RICHMOND ROAD,Rockland Avenue,Morley Avenue,SB,201,38.12,0.0
2020-01-27,22,Staten Island,RICHMOND ROAD,Rockland Avenue,Morley Avenue,SB,140,37.13,0.0
2020-01-27,22,Staten Island,RICHMOND ROAD,Rockland Avenue,Morley Avenue,SB,133,37.13,0.0
2020-01-27,22,Staten Island,RICHMOND ROAD,Rockland Avenue,Morley Avenue,SB,118,37.13,0.0
2020-01-27,22,Staten Island,RICHMOND ROAD,Rockland Avenue,Morley Avenue,SB,110,37.13,0.0
2020-01-27,23,Staten Island,RICHMOND ROAD,Rockland Avenue,Morley Avenue,SB,120,38.03,0.0
2020-01-27,23,Staten Island,RICHMOND ROAD,Rockland Avenue,Morley Avenue,SB,85,38.03,0.0
2020-01-27,23,Staten Island,RICHMOND ROAD,Rockland Avenue,Morley Avenue,SB,93,38.03,0.0
2020-01-27,23,Staten Island,RICHMOND ROAD,Rockland Avenue,Morley Avenue,SB,69,38.03,0.0
2020-01-28,0,Staten Island,RICHMOND ROAD,Rockland Avenue,Morley Avenue,SB,69,37.22,0.0
2020-01-28,0,Staten Island,RICHMOND ROAD,Rockland Avenue,Morley Avenue,SB,52,37.22,0.0
2020-01-28,0,Staten Island,RICHMOND ROAD,Rockland Avenue,Morley Avenue,SB,63,37.22,0.0
2020-01-28,0,Staten Island,RICHMOND ROAD,Rockland Avenue,Morley Avenue,SB,35,37.22,0.0
2020-01-28,1,Staten Island,RICHMOND ROAD,Rockland Avenue,Morley Avenue,SB,36,37.4,0.0
2020-01-28,1,Staten Island,RICHMOND ROAD,Rockland Avenue,Morley Avenue,SB,34,37.4,0.0
2020-01-28,1,Staten Island,RICHMOND ROAD,Rockland Avenue,Morley Avenue,SB,31,37.4,0.0
2020-01-28,1,Staten Island,RICHMOND ROAD,Rockland Avenue,Morley Avenue,SB,15,37.4,0.0
2020-01-28,2,Staten Island,RICHMOND ROAD,Rockland Avenue,Morley Avenue,SB,33,36.68,0.0
2020-01-28,2,Staten Island,RICHMOND ROAD,Rockland Avenue,Morley Avenue,SB,36,36.68,0.0
2020-01-28,2,Staten Island,RICHMOND ROAD,Rockland Avenue,Morley Avenue,SB,14,36.68,0.0
2020-01-28,2,Staten Island,RICHMOND ROAD,Rockland Avenue,Morley Avenue,SB,6,36.68,0.0
2020-01-28,3,Staten Island,RICHMOND ROAD,Rockland Avenue,Morley Avenue,SB,6,33.8,0.0
2020-01-28,3,Staten Island,RICHMOND ROAD,Rockland Avenue,Morley Avenue,SB,9,33.8,0.0
2020-01-28,3,Staten Island,RICHMOND ROAD,Rockland Avenue,Morley Avenue,SB,4,33.8,0.0
2020-01-28,3,Staten Island,RICHMOND ROAD,Rockland Avenue,Morley Avenue,SB,17,33.8,0.0
2020-01-28,4,Staten Island,RICHMOND ROAD,Rockland Avenue,Morley Avenue,SB,4,32.54,0.0
2020-01-28,4,Staten Island,RICHMOND ROAD,Rockland Avenue,Morley Avenue,SB,10,32.54,0.0
2020-01-28,4,Staten Island,RICHMOND ROAD,Rockland Avenue,Morley Avenue,SB,11,32.54,0.0
2020-01-28,4,Staten Island,RICHMOND ROAD,Rockland Avenue,Morley Avenue,SB,12,32.54,0.0
2020-01-28,5,Staten Island,RICHMOND ROAD,Rockland Avenue,Morley Avenue,SB,7,32.63,0.0
2020-01-28,5,Staten Island,RICHMOND ROAD,Rockland Avenue,Morley Avenue,SB,8,32.63,0.0
2020-01-28,5,Staten Island,RICHMOND ROAD,Rockland Avenue,Morley Avenue,SB,15,32.63,0.0
2020-01-28,5,Staten Island,RICHMOND ROAD,Rockland Avenue,Morley Avenue,SB,15,32.63,0.0
2020-01-28,6,Staten Island,RICHMOND ROAD,Rockland Avenue,Morley Avenue,SB,23,31.82,0.0
2020-01-28,6,Staten Island,RICHMOND ROAD,Rockland Avenue,Morley Avenue,SB,30,31.82,0.0
2020-01-28,6,Staten Island,RICHMOND ROAD,Rockland Avenue,Morley Avenue,SB,33,31.82,0.0
2020-01-28,6,Staten Island,RICHMOND ROAD,Rockland Avenue,Morley Avenue,SB,28,31.82,0.0
2020-01-28,7,Staten Island,RICHMOND ROAD,Rockland Avenue,Morley Avenue,SB,62,31.1,0.0
2020-01-28,7,Staten Island,RICHMOND ROAD,Rockland Avenue,Morley Avenue,SB,68,31.1,0.0
2020-01-28,7,Staten Island,RICHMOND ROAD,Rockland Avenue,Morley Avenue,SB,92,31.1,0.0
2020-01-28,7,Staten Island,RICHMOND ROAD,Rockland Avenue,Morley Avenue,SB,121,31.1,0.0
2020-01-28,8,Staten Island,RICHMOND ROAD,Rockland Avenue,Morley Avenue,SB,145,34.61,0.0
2020-01-28,8,Staten Island,RICHMOND ROAD,Rockland Avenue,Morley Avenue,SB,153,34.61,0.0
2020-01-28,8,Staten Island,RICHMOND ROAD,Rockland Avenue,Morley Avenue,SB,207,34.61,0.0
2020-01-28,8,Staten Island,RICHMOND ROAD,Rockland Avenue,Morley Avenue,SB,298,34.61,0.0
2020-01-28,9,Staten Island,RICHMOND ROAD,Rockland Avenue,Morley Avenue,SB,183,36.41,0.0
2020-01-28,9,Staten Island,RICHMOND ROAD,Rockland Avenue,Morley Avenue,SB,187,36.41,0.0
2020-01-28,9,Staten Island,RICHMOND ROAD,Rockland Avenue,Morley Avenue,SB,165,36.41,0.0
2020-11-07,0,Manhattan,DYCKMAN STREET,Sherman Avenue,Vermilyea Avenue,NB,30,52.61,0.0
2020-11-07,0,Manhattan,DYCKMAN STREET,Sherman Avenue,Vermilyea Avenue,NB,25,52.61,0.0
2020-11-07,0,Manhattan,DYCKMAN STREET,Sherman Avenue,Vermilyea Avenue,NB,35,52.61,0.0
2020-11-07,0,Manhattan,DYCKMAN STREET,Sherman Avenue,Vermilyea Avenue,NB,25,52.61,0.0
2020-11-07,1,Manhattan,DYCKMAN STREET,Sherman Avenue,Vermilyea Avenue,NB,19,51.89,0.0
2020-11-07,1,Manhattan,DYCKMAN STREET,Sherman Avenue,Vermilyea Avenue,NB,13,51.89,0.0
2020-11-07,1,Manhattan,DYCKMAN STREET,Sherman Avenue,Vermilyea Avenue,NB,17,51.89,0.0
2020-11-07,1,Manhattan,DYCKMAN STREET,Sherman Avenue,Vermilyea Avenue,NB,25,51.89,0.0
2020-11-07,2,Manhattan,DYCKMAN STREET,Sherman Avenue,Vermilyea Avenue,NB,11,51.35,0.0
2020-11-07,2,Manhattan,DYCKMAN STREET,Sherman Avenue,Vermilyea Avenue,NB,17,51.35,0.0
2020-11-07,2,Manhattan,DYCKMAN STREET,Sherman Avenue,Vermilyea Avenue,NB,21,51.35,0.0
2020-11-07,2,Manhattan,DYCKMAN STREET,Sherman Avenue,Vermilyea Avenue,NB,15,51.35,0.0
2020-11-07,3,Manhattan,DYCKMAN STREET,Sherman Avenue,Vermilyea Avenue,NB,13,50.0,0.0
2020-11-07,3,Manhattan,DYCKMAN STREET,Sherman Avenue,Vermilyea Avenue,NB,13,50.0,0.0
2020-11-07,3,Manhattan,DYCKMAN STREET,Sherman Avenue,Vermilyea Avenue,NB,16,50.0,0.0
2020-11-07,3,Manhattan,DYCKMAN STREET,Sherman Avenue,Vermilyea Avenue,NB,12,50.0,0.0
2020-11-07,4,Manhattan,DYCKMAN STREET,Sherman Avenue,Vermilyea Avenue,NB,10,48.83,0.0
2020-11-07,4,Manhattan,DYCKMAN STREET,Sherman Avenue,Vermilyea Avenue,NB,10,48.83,0.0
2020-11-07,4,Manhattan,DYCKMAN STREET,Sherman Avenue,Vermilyea Avenue,NB,15,48.83,0.0
2020-11-07,4,Manhattan,DYCKMAN STREET,Sherman Avenue,Vermilyea Avenue,NB,15,48.83,0.0
2020-11-07,5,Manhattan,DYCKMAN STREET,Sherman Avenue,Vermilyea Avenue,NB,16,48.2,0.0
2020-11-07,5,Manhattan,DYCKMAN STREET,Sherman Avenue,Vermilyea Avenue,NB,24,48.2,0.0
2020-11-07,5,Manhattan,DYCKMAN STREET,Sherman Avenue,Vermilyea Avenue,NB,29,48.2,0.0
2020-11-07,5,Manhattan,DYCKMAN STREET,Sherman Avenue,Vermilyea Avenue,NB,31,48.2,0.0
2020-11-07,6,Manhattan,DYCKMAN STREET,Sherman Avenue,Vermilyea Avenue,NB,34,47.39,0.0
2020-11-07,6,Manhattan,DYCKMAN STREET,Sherman Avenue,Vermilyea Avenue,NB,39,47.39,0.0
2020-11-07,6,Manhattan,DYCKMAN STREET,Sherman Avenue,Vermilyea Avenue,NB,42,47.39,0.0
2020-11-07,6,Manhattan,DYCKMAN STREET,Sherman Avenue,Vermilyea Avenue,NB,28,47.39,0.0
2020-11-07,7,Manhattan,DYCKMAN STREET,Sherman Avenue,Vermilyea Avenue,NB,31,46.85,0.0
2020-11-07,7,Manhattan,DYCKMAN STREET,Sherman Avenue,Vermilyea Avenue,NB,29,46.85,0.0
2020-11-07,7,Manhattan,DYCKMAN STREET,Sherman Avenue,Vermilyea Avenue,NB,40,46.85,0.0
2020-11-07,7,Manhattan,DYCKMAN STREET,Sherman Avenue,Vermilyea Avenue,NB,32,46.85,0.0
2020-11-07,8,Manhattan,DYCKMAN STREET,Sherman Avenue,Vermilyea Avenue,NB,42,48.65,0.0
2020-11-07,8,Manhattan,DYCKMAN STREET,Sherman Avenue,Vermilyea Avenue,NB,48,48.65,0.0
2020-11-07,8,Manhattan,DYCKMAN STREET,Sherman Avenue,Vermilyea Avenue,NB,48,48.65,0.0
2020-11-07,8,Manhattan,DYCKMAN STREET,Sherman Avenue,Vermilyea Avenue,NB,68,48.65,0.0
2020-11-07,9,Manhattan,DYCKMAN STREET,Sherman Avenue,Vermilyea Avenue,NB,58,54.23,0.0
2020-11-07,9,Manhattan,DYCKMAN STREET,Sherman Avenue,Vermilyea Avenue,NB,61,54.23,0.0
2020-11-07,9,Manhattan,DYCKMAN STREET,Sherman Avenue,Vermilyea Avenue,NB,65,54.23,0.0
2020-11-07,9,Manhattan,DYCKMAN STREET,Sherman Avenue,Vermilyea Avenue,NB,64,54.23,0.0
2023-03-06,13,Queens,46 AVENUE,218 Street,Springfield Boulevard,WB,9,50.27,0.0
2023-03-06,13,Queens,46 AVENUE,218 Street,Springfield Boulevard,WB,15,50.27,0.0
2023-03-06,13,Queens,46 AVENUE,218 Street,Springfield Boulevard,WB,9,50.27,0.0
2023-03-06,14,Queens,46 AVENUE,218 Street,Springfield Boulevard,WB,25,50.54,0.0
2023-03-06,14,Queens,46 AVENUE,218 Street,Springfield Boulevard,WB,12,50.54,0.0
2023-03-06,14,Queens,46 AVENUE,218 Street,Springfield Boulevard,WB,17,50.54,0.0
2023-03-06,14,Queens,46 AVENUE,218 Street,Springfield Boulevard,WB,8,50.54,0.0
2023-03-06,15,Queens,46 AVENUE,218 Street,Springfield Boulevard,WB,23,50.27,0.0
2023-03-06,15,Queens,46 AVENUE,218 Street,Springfield Boulevard,WB,16,50.27,0.0
2023-03-06,15,Queens,46 AVENUE,218 Street,Springfield Boulevard,WB,15,50.27,0.0
2023-03-06,15,Queens,46 AVENUE,218 Street,Springfield Boulevard,WB,18,50.27,0.0
2023-03-06,16,Queens,46 AVENUE,218 Street,Springfield Boulevard,WB,10,50.0,0.0
2023-03-06,16,Queens,46 AVENUE,218 Street,Springfield Boulevard,WB,25,50.0,0.0
2023-03-06,16,Queens,46 AVENUE,218 Street,Springfield Boulevard,WB,19,50.0,0.0
2023-03-06,16,Queens,46 AVENUE,218 Street,Springfield Boulevard,WB,19,50.0,0.0
2023-03-06,17,Queens,46 AVENUE,218 Street,Springfield Boulevard,WB,10,49.64,0.0
2023-03-06,17,Queens,46 AVENUE,218 Street,Springfield Boulevard,WB,20,49.64,0.0
2023-03-06,17,Queens,46 AVENUE,218 Street,Springfield Boulevard,WB,17,49.64,0.0
2023-03-06,17,Queens,46 AVENUE,218 Street,Springfield Boulevard,WB,11,49.64,0.0
2023-03-06,18,Queens,46 AVENUE,218 Street,Springfield Boulevard,WB,13,48.29,0.0
2023-03-06,18,Queens,46 AVENUE,218 Street,Springfield Boulevard,WB,12,48.29,0.0
2023-03-06,18,Queens,46 AVENUE,218 Street,Springfield Boulevard,WB,11,48.29,0.0
2023-03-06,18,Queens,46 AVENUE,218 Street,Springfield Boulevard,WB,15,48.29,0.0
2023-03-06,19,Queens,46 AVENUE,218 Street,Springfield Boulevard,WB,2,43.52,0.0
2023-03-06,19,Queens,46 AVENUE,218 Street,Springfield Boulevard,WB,4,43.52,0.0
2023-03-06,19,Queens,46 AVENUE,218 Street,Springfield Boulevard,WB,8,43.52,0.0
2023-03-06,19,Queens,46 AVENUE,218 Street,Springfield Boulevard,WB,7,43.52,0.0
2023-03-06,20,Queens,46 AVENUE,218 Street,Springfield Boulevard,WB,2,40.190002,0.0
2023-03-06,20,Queens,46 AVENUE,218 Street,Springfield Boulevard,WB,7,40.190002,0.0
2023-03-06,20,Queens,46 AVENUE,218 Street,Springfield Boulevard,WB,5,40.190002,0.0
2023-03-06,20,Queens,46 AVENUE,218 Street,Springfield Boulevard,WB,7,40.190002,0.0
2023-03-06,21,Queens,46 AVENUE,218 Street,Springfield Boulevard,WB,4,42.71,0.0
2023-03-06,21,Queens,46 AVENUE,218 Street,Springfield Boulevard,WB,10,42.71,0.0
2023-03-06,21,Queens,46 AVENUE,218 Street,Springfield Boulevard,WB,3,42.71,0.0
2023-03-06,21,Queens,46 AVENUE,218 Street,Springfield Boulevard,WB,2,42.71,0.0
2023-03-06,22,Queens,46 AVENUE,218 Street,Springfield Boulevard,WB,0,42.89,0.0
2023-03-06,22,Queens,46 AVENUE,218 Street,Springfield Boulevard,WB,4,42.89,0.0
2023-03-06,22,Queens,46 AVENUE,218 Street,Springfield Boulevard,WB,0,42.89,0.0
2023-03-06,22,Queens,46 AVENUE,218 Street,Springfield Boulevard,WB,8,42.89,0.0
2023-03-06,23,Queens,46 AVENUE,218 Street,Springfield Boulevard,WB,5,41.72,0.0
2023-03-06,23,Queens,46 AVENUE,218 Street,Springfield Boulevard,WB,5,41.72,0.0
2023-03-06,23,Queens,46 AVENUE,218 Street,Springfield Boulevard,WB,7,41.72,0.0
2023-03-06,23,Queens,46 AVENUE,218 Street,Springfield Boulevard,WB,2,41.72,0.0
2023-03-07,0,Queens,46 AVENUE,218 Street,Springfield Boulevard,WB,0,41.27,0.0
2023-03-07,0,Queens,46 AVENUE,218 Street,Springfield Boulevard,WB,1,41.27,0.0
2023-03-07,0,Queens,46 AVENUE,218 Street,Springfield Boulevard,WB,1,41.27,0.0
2023-03-07,0,Queens,46 AVENUE,218 Street,Springfield Boulevard,WB,0,41.27,0.0
2023-03-07,1,Queens,46 AVENUE,218 Street,Springfield Boulevard,WB,0,40.73,0.0
2023-03-07,1,Queens,46 AVENUE,218 Street,Springfield Boulevard,WB,1,40.73,0.0
2023-03-07,1,Queens,46 AVENUE,218 Street,Springfield Boulevard,WB,1,40.73,0.0
2023-03-07,1,Queens,46 AVENUE,218 Street,Springfield Boulevard,WB,0,40.73,0.0
2023-03-07,2,Queens,46 AVENUE,218 Street,Springfield Boulevard,WB,0,38.66,0.007874016
2023-03-07,2,Queens,46 AVENUE,218 Street,Springfield Boulevard,WB,0,38.66,0.007874016
2023-03-07,2,Queens,46 AVENUE,218 Street,Springfield Boulevard,WB,1,38.66,0.007874016
2023-03-07,2,Queens,46 AVENUE,218 Street,Springfield Boulevard,WB,1,38.66,0.007874016
2023-03-07,3,Queens,46 AVENUE,218 Street,Springfield Boulevard,WB,0,36.68,0.027559055
2023-03-07,3,Queens,46 AVENUE,218 Street,Springfield Boulevard,WB,1,36.68,0.027559055
2023-03-07,3,Queens,46 AVENUE,218 Street,Springfield Boulevard,WB,0,36.68,0.027559055
2023-03-07,3,Queens,46 AVENUE,218 Street,Springfield Boulevard,WB,0,36.68,0.027559055
2023-03-07,4,Queens,46 AVENUE,218 Street,Springfield Boulevard,WB,0,34.88,0.03937008
2023-03-07,4,Queens,46 AVENUE,218 Street,Springfield Boulevard,WB,1,34.88,0.03937008
2023-03-07,4,Queens,46 AVENUE,218 Street,Springfield Boulevard,WB,1,34.88,0.03937008
2023-03-07,4,Queens,46 AVENUE,218 Street,Springfield Boulevard,WB,2,34.88,0.03937008
2023-03-07,5,Queens,46 AVENUE,218 Street,Springfield Boulevard,WB,3,34.7,0.007874016
2023-03-07,5,Queens,46 AVENUE,218 Street,Springfield Boulevard,WB,0,34.7,0.007874016
2023-03-07,5,Queens,46 AVENUE,218 Street,Springfield Boulevard,WB,0,34.7,0.007874016
2023-03-07,5,Queens,46 AVENUE,218 Street,Springfield Boulevard,WB,3,34.7,0.007874016
2023-03-07,6,Queens,46 AVENUE,218 Street,Springfield Boulevard,WB,0,34.97,0.0
2023-03-07,6,Queens,46 AVENUE,218 Street,Springfield Boulevard,WB,5,34.97,0.0
2023-03-07,6,Queens,46 AVENUE,218 Street,Springfield Boulevard,WB,4,34.97,0.0
2023-03-07,6,Queens,46 AVENUE,218 Street,Springfield Boulevard,WB,7,34.97,0.0
2023-03-07,7,Queens,46 AVENUE,218 Street,Springfield Boulevard,WB,9,35.239998,0.0
2023-03-07,7,Queens,46 AVENUE,218 Street,Springfield Boulevard,WB,7,35.239998,0.0
2023-03-07,7,Queens,46 AVENUE,218 Street,Springfield Boulevard,WB,8,35.239998,0.0
2023-03-07,7,Queens,46 AVENUE,218 Street,Springfield Boulevard,WB,21,35.239998,0.0
2023-03-07,8,Queens,46 AVENUE,218 Street,Springfield Boulevard,WB,11,34.88,0.007874016
2023-03-07,8,Queens,46 AVENUE,218 Street,Springfield Boulevard,WB,7,34.88,0.007874016
2023-03-07,8,Queens,46 AVENUE,218 Street,Springfield Boulevard,WB,11,34.88,0.007874016
2023-03-07,8,Queens,46 AVENUE,218 Street,Springfield Boulevard,WB,13,34.88,0.007874016
2023-03-07,9,Queens,46 AVENUE,218 Street,Springfield Boulevard,WB,11,36.23,0.0
2023-03-07,9,Queens,46 AVENUE,218 Street,Springfield Boulevard,WB,8,36.23,0.0
2023-03-07,9,Queens,46 AVENUE,218 Street,Springfield Boulevard,WB,7,36.23,0.0
2023-03-07,9,Queens,46 AVENUE,218 Street,Springfield Boulevard,WB,18,36.23,0.0
2023-03-07,10,Queens,46 AVENUE,218 Street,Springfield Boulevard,WB,12,39.920002,0.0
2023-03-07,10,Queens,46 AVENUE,218 Street,Springfield Boulevard,WB,17,39.920002,0.0
2023-03-07,10,Queens,46 AVENUE,218 Street,Springfield Boulevard,WB,16,39.920002,0.0
2023-03-07,10,Queens,46 AVENUE,218 Street,Springfield Boulevard,WB,12,39.920002,0.0
2023-03-07,11,Queens,46 AVENUE,218 Street,Springfield Boulevard,WB,11,41.72,0.0
2023-03-07,11,Queens,46 AVENUE,218 Street,Springfield Boulevard,WB,18,41.72,0.0
2023-03-07,11,Queens,46 AVENUE,218 Street,Springfield Boulevard,WB,15,41.72,0.0
2023-03-07,11,Queens,46 AVENUE,218 Street,Springfield Boulevard,WB,7,41.72,0.0
2023-03-07,12,Queens,46 AVENUE,218 Street,Springfield Boulevard,WB,15,43.16,0.0
2023-03-07,12,Queens,46 AVENUE,218 Street,Springfield Boulevard,WB,11,43.16,0.0
2023-03-07,12,Queens,46 AVENUE,218 Street,Springfield Boulevard,WB,8,43.16,0.0
2023-03-07,12,Queens,46 AVENUE,218 Street,Springfield Boulevard,WB,11,43.16,0.0
2023-03-07,13,Queens,46 AVENUE,218 Street,Springfield Boulevard,WB,14,43.61,0.0
2023-03-07,13,Queens,46 AVENUE,218 Street,Springfield Boulevard,WB,11,43.61,0.0
2023-03-07,13,Queens,46 AVENUE,218 Street,Springfield Boulevard,WB,9,43.61,0.0
2023-03-07,13,Queens,46 AVENUE,218 Street,Springfield Boulevard,WB,16,43.61,0.0
2023-03-07,14,Queens,46 AVENUE,218 Street,Springfield Boulevard,WB,22,43.97,0.0
2023-03-07,14,Queens,46 AVENUE,218 Street,Springfield Boulevard,WB,14,43.97,0.0
2023-03-07,14,Queens,46 AVENUE,218 Street,Springfield Boulevard,WB,20,43.97,0.0
2023-03-07,14,Queens,46 AVENUE,218 Street,Springfield Boulevard,WB,14,43.97,0.0
2023-03-07,15,Queens,46 AVENUE,218 Street,Springfield Boulevard,WB,16,45.41,0.0
2023-03-07,15,Queens,46 AVENUE,218 Street,Springfield Boulevard,WB,12,45.41,0.0
2024-05-20,1,Brooklyn,LINDEN BOULEVARD,East 49 Street,Utica Avenue,WB,30,53.51,0.0
2024-05-20,1,Brooklyn,LINDEN BOULEVARD,East 49 Street,Utica Avenue,WB,20,53.51,0.0
2024-05-20,1,Brooklyn,LINDEN BOULEVARD,East 49 Street,Utica Avenue,WB,18,53.51,0.0
2024-05-20,2,Brooklyn,LINDEN BOULEVARD,East 49 Street,Utica Avenue,WB,25,52.97,0.0
2024-05-20,2,Brooklyn,LINDEN BOULEVARD,East 49 Street,Utica Avenue,WB,9,52.97,0.0
2024-05-20,2,Brooklyn,LINDEN BOULEVARD,East 49 Street,Utica Avenue,WB,13,52.97,0.0
2024-05-20,2,Brooklyn,LINDEN BOULEVARD,East 49 Street,Utica Avenue,WB,17,52.97,0.0
2024-05-20,3,Brooklyn,LINDEN BOULEVARD,East 49 Street,Utica Avenue,WB,10,52.52,0.0
2024-05-20,3,Brooklyn,LINDEN BOULEVARD,East 49 Street,Utica Avenue,WB,19,52.52,0.0
2024-05-20,3,Brooklyn,LINDEN BOULEVARD,East 49 Street,Utica Avenue,WB,9,52.52,0.0
2024-05-20,3,Brooklyn,LINDEN BOULEVARD,East 49 Street,Utica Avenue,WB,16,52.52,0.0
2024-05-20,4,Brooklyn,LINDEN BOULEVARD,East 49 Street,Utica Avenue,WB,22,52.52,0.0
2024-05-20,4,Brooklyn,LINDEN BOULEVARD,East 49 Street,Utica Avenue,WB,21,52.52,0.0
2024-05-20,4,Brooklyn,LINDEN BOULEVARD,East 49 Street,Utica Avenue,WB,24,52.52,0.0
2024-05-20,4,Brooklyn,LINDEN BOULEVARD,East 49 Street,Utica Avenue,WB,18,52.52,0.0
2024-05-20,5,Brooklyn,LINDEN BOULEVARD,East 49 Street,Utica Avenue,WB,33,51.8,0.0
2024-05-20,5,Brooklyn,LINDEN BOULEVARD,East 49 Street,Utica Avenue,WB,41,51.8,0.0
2024-05-20,5,Brooklyn,LINDEN BOULEVARD,East 49 Street,Utica Avenue,WB,73,51.8,0.0
2024-05-20,5,Brooklyn,LINDEN BOULEVARD,East 49 Street,Utica Avenue,WB,97,51.8,0.0
2024-05-20,6,Brooklyn,LINDEN BOULEVARD,East 49 Street,Utica Avenue,WB,121,51.89,0.0
2024-05-20,6,Brooklyn,LINDEN BOULEVARD,East 49 Street,Utica Avenue,WB,126,51.89,0.0
2024-05-20,6,Brooklyn,LINDEN BOULEVARD,East 49 Street,Utica Avenue,WB,142,51.89,0.0
2024-05-20,6,Brooklyn,LINDEN BOULEVARD,East 49 Street,Utica Avenue,WB,132,51.89,0.0
2024-05-20,7,Brooklyn,LINDEN BOULEVARD,East 49 Street,Utica Avenue,WB,132,53.6,0.0
2024-05-20,7,Brooklyn,LINDEN BOULEVARD,East 49 Street,Utica Avenue,WB,146,53.6,0.0
2024-05-20,7,Brooklyn,LINDEN BOULEVARD,East 49 Street,Utica Avenue,WB,132,53.6,0.0
2024-05-20,7,Brooklyn,LINDEN BOULEVARD,East 49 Street,Utica Avenue,WB,142,53.6,0.0
2024-05-20,8,Brooklyn,LINDEN BOULEVARD,East 49 Street,Utica Avenue,WB,138,57.38,0.0
2024-05-20,8,Brooklyn,LINDEN BOULEVARD,East 49 Street,Utica Avenue,WB,130,57.38,0.0
2024-05-20,8,Brooklyn,LINDEN BOULEVARD,East 49 Street,Utica Avenue,WB,150,57.38,0.0
2024-05-20,8,Brooklyn,LINDEN BOULEVARD,East 49 Street,Utica Avenue,WB,142,57.38,0.0
2024-05-20,9,Brooklyn,LINDEN BOULEVARD,East 49 Street,Utica Avenue,WB,130,62.06,0.0
2024-05-20,9,Brooklyn,LINDEN BOULEVARD,East 49 Street,Utica Avenue,WB,131,62.06,0.0
2024-05-20,9,Brooklyn,LINDEN BOULEVARD,East 49 Street,Utica Avenue,WB,136,62.06,0.0
2024-05-20,9,Brooklyn,LINDEN BOULEVARD,East 49 Street,Utica Avenue,WB,114,62.06,0.0
2024-05-20,10,Brooklyn,LINDEN BOULEVARD,East 49 Street,Utica Avenue,WB,106,64.58,0.0
2024-05-20,10,Brooklyn,LINDEN BOULEVARD,East 49 Street,Utica Avenue,WB,96,64.58,0.0
2024-05-20,10,Brooklyn,LINDEN BOULEVARD,East 49 Street,Utica Avenue,WB,96,64.58,0.0
2024-05-20,10,Brooklyn,LINDEN BOULEVARD,East 49 Street,Utica Avenue,WB,102,64.58,0.0
2024-05-20,11,Brooklyn,LINDEN BOULEVARD,East 49 Street,Utica Avenue,WB,95,68.18,0.0
2024-05-20,11,Brooklyn,LINDEN BOULEVARD,East 49 Street,Utica Avenue,WB,89,68.18,0.0
2024-05-20,11,Brooklyn,LINDEN BOULEVARD,East 49 Street,Utica Avenue,WB,89,68.18,0.0
2024-05-20,11,Brooklyn,LINDEN BOULEVARD,East 49 Street,Utica Avenue,WB,88,68.18,0.0
2024-05-20,12,Brooklyn,LINDEN BOULEVARD,East 49 Street,Utica Avenue,WB,96,71.33,0.0
2024-05-20,12,Brooklyn,LINDEN BOULEVARD,East 49 Street,Utica Avenue,WB,98,71.33,0.0
2024-05-20,12,Brooklyn,LINDEN BOULEVARD,East 49 Street,Utica Avenue,WB,104,71.33,0.0
2024-05-20,12,Brooklyn,LINDEN BOULEVARD,East 49 Street,Utica Avenue,WB,94,71.33,0.0
2024-05-20,13,Brooklyn,LINDEN BOULEVARD,East 49 Street,Utica Avenue,WB,103,73.94,0.0
2024-05-20,13,Brooklyn,LINDEN BOULEVARD,East 49 Street,Utica Avenue,WB,96,73.94,0.0
2024-05-20,13,Brooklyn,LINDEN BOULEVARD,East 49 Street,Utica Avenue,WB,94,73.94,0.0
2024-05-20,13,Brooklyn,LINDEN BOULEVARD,East 49 Street,Utica Avenue,WB,117,73.94,0.0
2024-05-20,14,Brooklyn,LINDEN BOULEVARD,East 49 Street,Utica Avenue,WB,116,71.96,0.0
2024-05-20,14,Brooklyn,LINDEN BOULEVARD,East 49 Street,Utica Avenue,WB,111,71.96,0.0
2024-05-20,14,Brooklyn,LINDEN BOULEVARD,East 49 Street,Utica Avenue,WB,94,71.96,0.0
2024-05-20,14,Brooklyn,LINDEN BOULEVARD,East 49 Street,Utica Avenue,WB,108,71.96,0.0
2024-05-20,15,Brooklyn,LINDEN BOULEVARD,East 49 Street,Utica Avenue,WB,95,69.08,0.0
2024-05-20,15,Brooklyn,LINDEN BOULEVARD,East 49 Street,Utica Avenue,WB,108,69.08,0.0
2024-05-20,15,Brooklyn,LINDEN BOULEVARD,East 49 Street,Utica Avenue,WB,116,69.08,0.0
2024-05-20,15,Brooklyn,LINDEN BOULEVARD,East 49 Street,Utica Avenue,WB,123,69.08,0.0
2024-05-20,16,Brooklyn,LINDEN BOULEVARD,East 49 Street,Utica Avenue,WB,97,69.26,0.0
2024-05-20,16,Brooklyn,LINDEN BOULEVARD,East 49 Street,Utica Avenue,WB,113,69.26,0.0
2024-05-20,16,Brooklyn,LINDEN BOULEVARD,East 49 Street,Utica Avenue,WB,99,69.26,0.0
2024-05-20,16,Brooklyn,LINDEN BOULEVARD,East 49 Street,Utica Avenue,WB,121,69.26,0.0
2024-05-20,17,Brooklyn,LINDEN BOULEVARD,East 49 Street,Utica Avenue,WB,93,67.19,0.0
2024-05-20,17,Brooklyn,LINDEN BOULEVARD,East 49 Street,Utica Avenue,WB,101,67.19,0.0
2024-05-20,17,Brooklyn,LINDEN BOULEVARD,East 49 Street,Utica Avenue,WB,88,67.19,0.0
2024-05-20,17,Brooklyn,LINDEN BOULEVARD,East 49 Street,Utica Avenue,WB,109,67.19,0.0
2024-05-20,18,Brooklyn,LINDEN BOULEVARD,East 49 Street,Utica Avenue,WB,105,64.76,0.0
2024-05-20,18,Brooklyn,LINDEN BOULEVARD,East 49 Street,Utica Avenue,WB,99,64.76,0.0
2024-05-20,18,Brooklyn,LINDEN BOULEVARD,East 49 Street,Utica Avenue,WB,71,64.76,0.0
2024-05-20,18,Brooklyn,LINDEN BOULEVARD,East 49 Street,Utica Avenue,WB,86,64.76,0.0
2024-05-20,19,Brooklyn,LINDEN BOULEVARD,East 49 Street,Utica Avenue,WB,78,61.34,0.0
2024-05-20,19,Brooklyn,LINDEN BOULEVARD,East 49 Street,Utica Avenue,WB,77,61.34,0.0
2024-05-20,19,Brooklyn,LINDEN BOULEVARD,East 49 Street,Utica Avenue,WB,64,61.34,0.0
2024-05-20,19,Brooklyn,LINDEN BOULEVARD,East 49 Street,Utica Avenue,WB,83,61.34,0.0
2024-05-20,20,Brooklyn,LINDEN BOULEVARD,East 49 Street,Utica Avenue,WB,83,58.64,0.0
2024-05-20,20,Brooklyn,LINDEN BOULEVARD,East 49 Street,Utica Avenue,WB,83,58.64,0.0
2024-05-20,20,Brooklyn,LINDEN BOULEVARD,East 49 Street,Utica Avenue,WB,69,58.64,0.0
2024-05-20,20,Brooklyn,LINDEN BOULEVARD,East 49 Street,Utica Avenue,WB,65,58.64,0.0
2024-05-20,21,Brooklyn,LINDEN BOULEVARD,East 49 Street,Utica Avenue,WB,58,57.739998,0.0
2024-05-20,21,Brooklyn,LINDEN BOULEVARD,East 49 Street,Utica Avenue,WB,65,57.739998,0.0
2024-05-20,21,Brooklyn,LINDEN BOULEVARD,East 49 Street,Utica Avenue,WB,48,57.739998,0.0
2024-05-20,21,Brooklyn,LINDEN BOULEVARD,East 49 Street,Utica Avenue,WB,53,57.739998,0.0
2024-05-20,22,Brooklyn,LINDEN BOULEVARD,East 49 Street,Utica Avenue,WB,40,57.02,0.0
2024-05-20,22,Brooklyn,LINDEN BOULEVARD,East 49 Street,Utica Avenue,WB,49,57.02,0.0
2024-05-20,22,Brooklyn,LINDEN BOULEVARD,East 49 Street,Utica Avenue,WB,47,57.02,0.0
2024-05-20,22,Brooklyn,LINDEN BOULEVARD,East 49 Street,Utica Avenue,WB,52,57.02,0.0
2024-05-20,23,Brooklyn,LINDEN BOULEVARD,East 49 Street,Utica Avenue,WB,46,56.3,0.0
2024-05-20,23,Brooklyn,LINDEN BOULEVARD,East 49 Street,Utica Avenue,WB,46,56.3,0.0
2024-05-20,23,Brooklyn,LINDEN BOULEVARD,East 49 Street,Utica Avenue,WB,35,56.3,0.0
2024-05-20,23,Brooklyn,LINDEN BOULEVARD,East 49 Street,Utica Avenue,WB,51,56.3,0.0
2024-05-21,0,Brooklyn,LINDEN BOULEVARD,East 49 Street,Utica Avenue,WB,46,55.76,0.0
2024-05-21,0,Brooklyn,LINDEN BOULEVARD,East 49 Street,Utica Avenue,WB,33,55.76,0.0
2024-05-21,0,Brooklyn,LINDEN BOULEVARD,East 49 Street,Utica Avenue,WB,24,55.76,0.0
2024-05-21,0,Brooklyn,LINDEN BOULEVARD,East 49 Street,Utica Avenue,WB,23,55.76,0.0
2024-05-21,1,Brooklyn,LINDEN BOULEVARD,East 49 Street,Utica Avenue,WB,16,55.49,0.0
2024-05-21,1,Brooklyn,LINDEN BOULEVARD,East 49 Street,Utica Avenue,WB,26,55.49,0.0
2024-05-21,1,Brooklyn,LINDEN BOULEVARD,East 49 Street,Utica Avenue,WB,21,55.49,0.0
2024-05-21,1,Brooklyn,LINDEN BOULEVARD,East 49 Street,Utica Avenue,WB,19,55.49,0.0
2024-05-21,2,Brooklyn,LINDEN BOULEVARD,East 49 Street,Utica Avenue,WB,29,55.22,0.0
2024-05-21,2,Brooklyn,LINDEN BOULEVARD,East 49 Street,Utica Avenue,WB,22,55.22,0.0
2024-05-21,2,Brooklyn,LINDEN BOULEVARD,East 49 Street,Utica Avenue,WB,18,55.22,0.0
2024-05-21,2,Brooklyn,LINDEN BOULEVARD,East 49 Street,Utica Avenue,WB,15,55.22,0.0
2024-05-21,3,Brooklyn,LINDEN BOULEVARD,East 49 Street,Utica Avenue,WB,15,55.04,0.0
2024-05-21,3,Brooklyn,LINDEN BOULEVARD,East 49 Street,Utica Avenue,WB,14,55.04,0.0
2021-08-24,12,Queens,31 AVENUE,75 Street,76 Street,EB,36,85.37,0.0
2021-08-24,12,Queens,31 AVENUE,75 Street,76 Street,EB,41,85.37,0.0
2021-08-24,12,Queens,31 AVENUE,75 Street,76 Street,EB,34,85.37,0.0
2021-08-24,13,Queens,31 AVENUE,75 Street,76 Street,EB,69,86.810005,0.0
2021-08-24,13,Queens,31 AVENUE,75 Street,76 Street,EB,53,86.810005,0.0
2021-08-24,13,Queens,31 AVENUE,75 Street,76 Street,EB,61,86.810005,0.0
2021-08-24,13,Queens,31 AVENUE,75 Street,76 Street,EB,58,86.810005,0.0
2021-08-24,14,Queens,31 AVENUE,75 Street,76 Street,EB,62,87.71001,0.0
2021-08-24,14,Queens,31 AVENUE,75 Street,76 Street,EB,66,87.71001,0.0
2021-08-24,14,Queens,31 AVENUE,75 Street,76 Street,EB,76,87.71001,0.0
2021-08-24,14,Queens,31 AVENUE,75 Street,76 Street,EB,67,87.71001,0.0
2021-08-24,15,Queens,31 AVENUE,75 Street,76 Street,EB,21,87.979996,0.0
2021-08-24,15,Queens,31 AVENUE,75 Street,76 Street,EB,8,87.979996,0.0
2021-08-24,15,Queens,31 AVENUE,75 Street,76 Street,EB,76,87.979996,0.0
2021-08-24,15,Queens,31 AVENUE,75 Street,76 Street,EB,103,87.979996,0.0
2021-08-24,16,Queens,31 AVENUE,75 Street,76 Street,EB,88,88.25,0.0
2021-08-24,16,Queens,31 AVENUE,75 Street,76 Street,EB,86,88.25,0.0
2021-08-24,16,Queens,31 AVENUE,75 Street,76 Street,EB,120,88.25,0.0
2021-08-24,16,Queens,31 AVENUE,75 Street,76 Street,EB,114,88.25,0.0
2021-08-24,17,Queens,31 AVENUE,75 Street,76 Street,EB,125,88.43,0.0
2021-08-24,17,Queens,31 AVENUE,75 Street,76 Street,EB,97,88.43,0.0
2021-08-24,17,Queens,31 AVENUE,75 Street,76 Street,EB,112,88.43,0.0
2021-08-24,17,Queens,31 AVENUE,75 Street,76 Street,EB,105,88.43,0.0
2021-08-24,18,Queens,31 AVENUE,75 Street,76 Street,EB,117,87.26,0.0
2021-08-24,18,Queens,31 AVENUE,75 Street,76 Street,EB,131,87.26,0.0
2021-08-24,18,Queens,31 AVENUE,75 Street,76 Street,EB,121,87.26,0.0
2021-08-24,18,Queens,31 AVENUE,75 Street,76 Street,EB,105,87.26,0.0
2021-08-24,19,Queens,31 AVENUE,75 Street,76 Street,EB,111,83.84,0.0
2021-08-24,19,Queens,31 AVENUE,75 Street,76 Street,EB,123,83.84,0.0
2021-08-24,19,Queens,31 AVENUE,75 Street,76 Street,EB,72,83.84,0.0
2021-08-24,19,Queens,31 AVENUE,75 Street,76 Street,EB,57,83.84,0.0
2021-08-24,20,Queens,31 AVENUE,75 Street,76 Street,EB,52,79.34,0.0
2021-08-24,20,Queens,31 AVENUE,75 Street,76 Street,EB,55,79.34,0.0
2021-08-24,20,Queens,31 AVENUE,75 Street,76 Street,EB,46,79.34,0.0
2021-08-24,20,Queens,31 AVENUE,75 Street,76 Street,EB,47,79.34,0.0
2021-08-24,21,Queens,31 AVENUE,75 Street,76 Street,EB,36,80.24,0.0
2021-08-24,21,Queens,31 AVENUE,75 Street,76 Street,EB,35,80.24,0.0
2021-08-24,21,Queens,31 AVENUE,75 Street,76 Street,EB,27,80.24,0.0
2021-08-24,21,Queens,31 AVENUE,75 Street,76 Street,EB,36,80.24,0.0
2021-08-24,22,Queens,31 AVENUE,75 Street,76 Street,EB,34,79.61,0.0
2021-08-24,22,Queens,31 AVENUE,75 Street,76 Street,EB,24,79.61,0.0
2021-08-24,22,Queens,31 AVENUE,75 Street,76 Street,EB,34,79.61,0.0
2021-08-24,22,Queens,31 AVENUE,75 Street,76 Street,EB,22,79.61,0.0
2021-08-24,23,Queens,31 AVENUE,75 Street,76 Street,EB,17,75.2,0.0
2021-08-24,23,Queens,31 AVENUE,75 Street,76 Street,EB,34,75.2,0.0
2021-08-24,23,Queens,31 AVENUE,75 Street,76 Street,EB,12,75.2,0.0
2021-08-24,23,Queens,31 AVENUE,75 Street,76 Street,EB,17,75.2,0.0
2021-08-25,0,Queens,31 AVENUE,75 Street,76 Street,EB,14,74.119995,0.0
2021-08-25,0,Queens,31 AVENUE,75 Street,76 Street,EB,13,74.119995,0.0
2021-08-25,0,Queens,31 AVENUE,75 Street,76 Street,EB,15,74.119995,0.0
2021-08-25,0,Queens,31 AVENUE,75 Street,76 Street,EB,10,74.119995,0.0
2021-08-25,1,Queens,31 AVENUE,75 Street,76 Street,EB,5,73.130005,0.0
2021-08-25,1,Queens,31 AVENUE,75 Street,76 Street,EB,6,73.130005,0.0
2021-08-25,1,Queens,31 AVENUE,75 Street,76 Street,EB,7,73.130005,0.0
2021-08-25,1,Queens,31 AVENUE,75 Street,76 Street,EB,7,73.130005,0.0
2021-08-25,2,Queens,31 AVENUE,75 Street,76 Street,EB,5,72.14,0.0
2021-08-25,2,Queens,31 AVENUE,75 Street,76 Street,EB,8,72.14,0.0
2021-08-25,2,Queens,31 AVENUE,75 Street,76 Street,EB,9,72.14,0.0
2021-08-25,2,Queens,31 AVENUE,75 Street,76 Street,EB,3,72.14,0.0
2021-08-25,3,Queens,31 AVENUE,75 Street,76 Street,EB,6,71.06,0.0
2021-08-25,3,Queens,31 AVENUE,75 Street,76 Street,EB,7,71.06,0.0
2021-08-25,3,Queens,31 AVENUE,75 Street,76 Street,EB,7,71.06,0.0
2021-08-25,3,Queens,31 AVENUE,75 Street,76 Street,EB,7,71.06,0.0
2021-08-25,4,Queens,31 AVENUE,75 Street,76 Street,EB,5,69.98,0.0
2021-08-25,4,Queens,31 AVENUE,75 Street,76 Street,EB,3,69.98,0.0
2021-08-25,4,Queens,31 AVENUE,75 Street,76 Street,EB,7,69.98,0.0
2021-08-25,4,Queens,31 AVENUE,75 Street,76 Street,EB,3,69.98,0.0
2021-08-25,5,Queens,31 AVENUE,75 Street,76 Street,EB,9,69.26,0.0
2021-08-25,5,Queens,31 AVENUE,75 Street,76 Street,EB,2,69.26,0.0
2021-08-25,5,Queens,31 AVENUE,75 Street,76 Street,EB,11,69.26,0.0
2021-08-25,5,Queens,31 AVENUE,75 Street,76 Street,EB,6,69.26,0.0
2021-08-25,6,Queens,31 AVENUE,75 Street,76 Street,EB,9,68.99,0.0
2021-08-25,6,Queens,31 AVENUE,75 Street,76 Street,EB,14,68.99,0.0
2021-08-25,6,Queens,31 AVENUE,75 Street,76 Street,EB,17,68.99,0.0
2021-08-25,6,Queens,31 AVENUE,75 Street,76 Street,EB,21,68.99,0.0
2021-08-25,7,Queens,31 AVENUE,75 Street,76 Street,EB,16,70.880005,0.0
2021-08-25,7,Queens,31 AVENUE,75 Street,76 Street,EB,17,70.880005,0.0
2021-08-25,7,Queens,31 AVENUE,75 Street,76 Street,EB,19,70.880005,0.0
2021-08-25,7,Queens,31 AVENUE,75 Street,76 Street,EB,30,70.880005,0.0
2021-08-25,8,Queens,31 AVENUE,75 Street,76 Street,EB,29,74.48,0.0
2021-08-25,8,Queens,31 AVENUE,75 Street,76 Street,EB,45,74.48,0.0
2021-08-25,8,Queens,31 AVENUE,75 Street,76 Street,EB,36,74.48,0.0
2021-08-25,8,Queens,31 AVENUE,75 Street,76 Street,EB,24,74.48,0.0
2021-08-25,9,Queens,31 AVENUE,75 Street,76 Street,EB,42,77.45,0.0
2021-08-25,9,Queens,31 AVENUE,75 Street,76 Street,EB,40,77.45,0.0
2021-08-25,9,Queens,31 AVENUE,75 Street,76 Street,EB,44,77.45,0.0
2021-08-25,9,Queens,31 AVENUE,75 Street,76 Street,EB,29,77.45,0.0
2021-08-25,10,Queens,31 AVENUE,75 Street,76 Street,EB,40,80.42,0.0
2021-08-25,10,Queens,31 AVENUE,75 Street,76 Street,EB,37,80.42,0.0
2021-08-25,10,Queens,31 AVENUE,75 Street,76 Street,EB,38,80.42,0.0
2021-08-25,10,Queens,31 AVENUE,75 Street,76 Street,EB,43,80.42,0.0
2021-08-25,11,Queens,31 AVENUE,75 Street,76 Street,EB,47,83.39,0.0
2021-08-25,11,Queens,31 AVENUE,75 Street,76 Street,EB,31,83.39,0.0
2021-08-25,11,Queens,31 AVENUE,75 Street,76 Street,EB,47,83.39,0.0
2021-08-25,11,Queens,31 AVENUE,75 Street,76 Street,EB,50,83.39,0.0
2021-08-25,12,Queens,31 AVENUE,75 Street,76 Street,EB,65,85.46001,0.0
2021-08-25,12,Queens,31 AVENUE,75 Street,76 Street,EB,60,85.46001,0.0
2021-08-25,12,Queens,31 AVENUE,75 Street,76 Street,EB,67,85.46001,0.0
2021-08-25,12,Queens,31 AVENUE,75 Street,76 Street,EB,58,85.46001,0.0
2021-08-25,13,Queens,31 AVENUE,75 Street,76 Street,EB,59,86.53999,0.0
2021-08-25,13,Queens,31 AVENUE,75 Street,76 Street,EB,75,86.53999,0.0
2021-08-25,13,Queens,31 AVENUE,75 Street,76 Street,EB,60,86.53999,0.0
2021-08-25,13,Queens,31 AVENUE,75 Street,76 Street,EB,66,86.53999,0.0
2021-08-25,14,Queens,31 AVENUE,75 Street,76 Street,EB,68,87.53,0.0
2021-08-25,14,Queens,31 AVENUE,75 Street,76 Street,EB,77,87.53,0.0
2023-05-01,15,Brooklyn,FLATBUSH AVENUE,Glenwood Road,East 29 Street,NB,174,59.09,0.0
2023-05-01,15,Brooklyn,FLATBUSH AVENUE,Glenwood Road,East 29 Street,NB,179,59.09,0.0
2023-05-01,15,Brooklyn,FLATBUSH AVENUE,Glenwood Road,East 29 Street,NB,173,59.09,0.0
2023-05-01,15,Brooklyn,FLATBUSH AVENUE,Glenwood Road,East 29 Street,NB,166,59.09,0.0
2023-05-01,16,Brooklyn,FLATBUSH AVENUE,Glenwood Road,East 29 Street,NB,165,58.19,0.0
2023-05-01,16,Brooklyn,FLATBUSH AVENUE,Glenwood Road,East 29 Street,NB,170,58.19,0.0
2023-05-01,16,Brooklyn,FLATBUSH AVENUE,Glenwood Road,East 29 Street,NB,170,58.19,0.0
2023-05-01,16,Brooklyn,FLATBUSH AVENUE,Glenwood Road,East 29 Street,NB,185,58.19,0.0
2023-05-01,17,Brooklyn,FLATBUSH AVENUE,Glenwood Road,East 29 Street,NB,177,59.54,0.0
2023-05-01,17,Brooklyn,FLATBUSH AVENUE,Glenwood Road,East 29 Street,NB,178,59.54,0.0
2023-05-01,17,Brooklyn,FLATBUSH AVENUE,Glenwood Road,East 29 Street,NB,165,59.54,0.0
2023-05-01,17,Brooklyn,FLATBUSH AVENUE,Glenwood Road,East 29 Street,NB,161,59.54,0.0
2023-05-01,18,Brooklyn,FLATBUSH AVENUE,Glenwood Road,East 29 Street,NB,170,59.0,0.0
2023-05-01,18,Brooklyn,FLATBUSH AVENUE,Glenwood Road,East 29 Street,NB,161,59.0,0.0
2023-05-01,18,Brooklyn,FLATBUSH AVENUE,Glenwood Road,East 29 Street,NB,155,59.0,0.0
2023-05-01,18,Brooklyn,FLATBUSH AVENUE,Glenwood Road,East 29 Street,NB,158,59.0,0.0
2023-05-01,19,Brooklyn,FLATBUSH AVENUE,Glenwood Road,East 29 Street,NB,159,56.84,0.0
2023-05-01,19,Brooklyn,FLATBUSH AVENUE,Glenwood Road,East 29 Street,NB,156,56.84,0.0
2023-05-01,19,Brooklyn,FLATBUSH AVENUE,Glenwood Road,East 29 Street,NB,157,56.84,0.0
2023-05-01,19,Brooklyn,FLATBUSH AVENUE,Glenwood Road,East 29 Street,NB,159,56.84,0.0
2023-05-01,20,Brooklyn,FLATBUSH AVENUE,Glenwood Road,East 29 Street,NB,148,54.68,0.0
2023-05-01,20,Brooklyn,FLATBUSH AVENUE,Glenwood Road,East 29 Street,NB,137,54.68,0.0
2023-05-01,20,Brooklyn,FLATBUSH AVENUE,Glenwood Road,East 29 Street,NB,138,54.68,0.0
2023-05-01,20,Brooklyn,FLATBUSH AVENUE,Glenwood Road,East 29 Street,NB,142,54.68,0.0
2023-05-01,21,Brooklyn,FLATBUSH AVENUE,Glenwood Road,East 29 Street,NB,155,52.34,0.0
2023-05-01,21,Brooklyn,FLATBUSH AVENUE,Glenwood Road,East 29 Street,NB,136,52.34,0.0
2023-05-01,21,Brooklyn,FLATBUSH AVENUE,Glenwood Road,East 29 Street,NB,152,52.34,0.0
2023-05-01,21,Brooklyn,FLATBUSH AVENUE,Glenwood Road,East 29 Street,NB,141,52.34,0.0
2023-05-01,22,Brooklyn,FLATBUSH AVENUE,Glenwood Road,East 29 Street,NB,132,52.88,0.0
2023-05-01,22,Brooklyn,FLATBUSH AVENUE,Glenwood Road,East 29 Street,NB,144,52.88,0.0
2023-05-01,22,Brooklyn,FLATBUSH AVENUE,Glenwood Road,East 29 Street,NB,131,52.88,0.0
2023-05-01,22,Brooklyn,FLATBUSH AVENUE,Glenwood Road,East 29 Street,NB,140,52.88,0.0
2023-05-01,23,Brooklyn,FLATBUSH AVENUE,Glenwood Road,East 29 Street,NB,126,49.55,0.0
2023-05-01,23,Brooklyn,FLATBUSH AVENUE,Glenwood Road,East 29 Street,NB,115,49.55,0.0
2023-05-01,23,Brooklyn,FLATBUSH AVENUE,Glenwood Road,East 29 Street,NB,123,49.55,0.0
2023-05-01,23,Brooklyn,FLATBUSH AVENUE,Glenwood Road,East 29 Street,NB,119,49.55,0.0
2023-05-02,0,Brooklyn,FLATBUSH AVENUE,Glenwood Road,East 29 Street,NB,112,50.63,0.0
2023-05-02,0,Brooklyn,FLATBUSH AVENUE,Glenwood Road,East 29 Street,NB,99,50.63,0.0
2023-05-02,0,Brooklyn,FLATBUSH AVENUE,Glenwood Road,East 29 Street,NB,86,50.63,0.0
2023-05-02,0,Brooklyn,FLATBUSH AVENUE,Glenwood Road,East 29 Street,NB,93,50.63,0.0
2023-05-02,1,Brooklyn,FLATBUSH AVENUE,Glenwood Road,East 29 Street,NB,57,49.64,0.0
2023-05-02,1,Brooklyn,FLATBUSH AVENUE,Glenwood Road,East 29 Street,NB,49,49.64,0.0
2023-05-02,1,Brooklyn,FLATBUSH AVENUE,Glenwood Road,East 29 Street,NB,56,49.64,0.0
2023-05-02,1,Brooklyn,FLATBUSH AVENUE,Glenwood Road,East 29 Street,NB,64,49.64,0.0
2023-05-02,2,Brooklyn,FLATBUSH AVENUE,Glenwood Road,East 29 Street,NB,42,49.01,0.0
2023-05-02,2,Brooklyn,FLATBUSH AVENUE,Glenwood Road,East 29 Street,NB,40,49.01,0.0
2023-05-02,2,Brooklyn,FLATBUSH AVENUE,Glenwood Road,East 29 Street,NB,42,49.01,0.0
2023-05-02,2,Brooklyn,FLATBUSH AVENUE,Glenwood Road,East 29 Street,NB,41,49.01,0.0
2023-05-02,3,Brooklyn,FLATBUSH AVENUE,Glenwood Road,East 29 Street,NB,39,47.84,0.0
2023-05-02,3,Brooklyn,FLATBUSH AVENUE,Glenwood Road,East 29 Street,NB,36,47.84,0.0
2023-05-02,3,Brooklyn,FLATBUSH AVENUE,Glenwood Road,East 29 Street,NB,38,47.84,0.0
2023-05-02,3,Brooklyn,FLATBUSH AVENUE,Glenwood Road,East 29 Street,NB,39,47.84,0.0
2023-05-02,4,Brooklyn,FLATBUSH AVENUE,Glenwood Road,East 29 Street,NB,60,47.57,0.0
2023-05-02,4,Brooklyn,FLATBUSH AVENUE,Glenwood Road,East 29 Street,NB,57,47.57,0.0
2023-05-02,4,Brooklyn,FLATBUSH AVENUE,Glenwood Road,East 29 Street,NB,63,47.57,0.0
2023-05-02,4,Brooklyn,FLATBUSH AVENUE,Glenwood Road,East 29 Street,NB,59,47.57,0.0
2023-05-02,5,Brooklyn,FLATBUSH AVENUE,Glenwood Road,East 29 Street,NB,146,46.85,0.0
2023-05-02,5,Brooklyn,FLATBUSH AVENUE,Glenwood Road,East 29 Street,NB,142,46.85,0.0
2023-05-02,5,Brooklyn,FLATBUSH AVENUE,Glenwood Road,East 29 Street,NB,137,46.85,0.0
2023-05-02,5,Brooklyn,FLATBUSH AVENUE,Glenwood Road,East 29 Street,NB,132,46.85,0.0
2023-05-02,6,Brooklyn,FLATBUSH AVENUE,Glenwood Road,East 29 Street,NB,256,47.84,0.0
2023-05-02,6,Brooklyn,FLATBUSH AVENUE,Glenwood Road,East 29 Street,NB,251,47.84,0.0
2023-05-02,6,Brooklyn,FLATBUSH AVENUE,Glenwood Road,East 29 Street,NB,266,47.84,0.0
2023-05-02,6,Brooklyn,FLATBUSH AVENUE,Glenwood Road,East 29 Street,NB,259,47.84,0.0
2023-05-02,7,Brooklyn,FLATBUSH AVENUE,Glenwood Road,East 29 Street,NB,276,48.559998,0.0
2023-05-02,7,Brooklyn,FLATBUSH AVENUE,Glenwood Road,East 29 Street,NB,280,48.559998,0.0
2023-05-02,7,Brooklyn,FLATBUSH AVENUE,Glenwood Road,East 29 Street,NB,276,48.559998,0.0
2023-05-02,7,Brooklyn,FLATBUSH AVENUE,Glenwood Road,East 29 Street,NB,279,48.559998,0.0
2023-05-02,8,Brooklyn,FLATBUSH AVENUE,Glenwood Road,East 29 Street,NB,217,48.38,0.0
2023-05-02,8,Brooklyn,FLATBUSH AVENUE,Glenwood Road,East 29 Street,NB,221,48.38,0.0
2023-05-02,8,Brooklyn,FLATBUSH AVENUE,Glenwood Road,East 29 Street,NB,220,48.38,0.0
2023-05-02,8,Brooklyn,FLATBUSH AVENUE,Glenwood Road,East 29 Street,NB,227,48.38,0.0
2023-05-02,9,Brooklyn,FLATBUSH AVENUE,Glenwood Road,East 29 Street,NB,190,48.29,0.015748031
2023-05-02,9,Brooklyn,FLATBUSH AVENUE,Glenwood Road,East 29 Street,NB,190,48.29,0.015748031
2023-05-02,9,Brooklyn,FLATBUSH AVENUE,Glenwood Road,East 29 Street,NB,188,48.29,0.015748031
2023-05-02,9,Brooklyn,FLATBUSH AVENUE,Glenwood Road,East 29 Street,NB,187,48.29,0.015748031
2023-05-02,10,Brooklyn,FLATBUSH AVENUE,Glenwood Road,East 29 Street,NB,153,49.55,0.003937008
2023-05-02,10,Brooklyn,FLATBUSH AVENUE,Glenwood Road,East 29 Street,NB,159,49.55,0.003937008
2023-05-02,10,Brooklyn,FLATBUSH AVENUE,Glenwood Road,East 29 Street,NB,149,49.55,0.003937008
2023-05-02,10,Brooklyn,FLATBUSH AVENUE,Glenwood Road,East 29 Street,NB,156,49.55,0.003937008
2023-05-02,11,Brooklyn,FLATBUSH AVENUE,Glenwood Road,East 29 Street,NB,149,47.84,0.003937008
2023-05-02,11,Brooklyn,FLATBUSH AVENUE,Glenwood Road,East 29 Street,NB,150,47.84,0.003937008
2023-05-02,11,Brooklyn,FLATBUSH AVENUE,Glenwood Road,East 29 Street,NB,146,47.84,0.003937008
2023-05-02,11,Brooklyn,FLATBUSH AVENUE,Glenwood Road,East 29 Street,NB,154,47.84,0.003937008
2023-05-02,12,Brooklyn,FLATBUSH AVENUE,Glenwood Road,East 29 Street,NB,166,52.16,0.003937008
2023-05-02,12,Brooklyn,FLATBUSH AVENUE,Glenwood Road,East 29 Street,NB,167,52.16,0.003937008
2023-05-02,12,Brooklyn,FLATBUSH AVENUE,Glenwood Road,East 29 Street,NB,167,52.16,0.003937008
2023-05-02,12,Brooklyn,FLATBUSH AVENUE,Glenwood Road,East 29 Street,NB,165,52.16,0.003937008
2023-05-02,13,Brooklyn,FLATBUSH AVENUE,Glenwood Road,East 29 Street,NB,159,54.14,0.007874016
2023-05-02,13,Brooklyn,FLATBUSH AVENUE,Glenwood Road,East 29 Street,NB,160,54.14,0.007874016
2023-05-02,13,Brooklyn,FLATBUSH AVENUE,Glenwood Road,East 29 Street,NB,160,54.14,0.007874016
2023-05-02,13,Brooklyn,FLATBUSH AVENUE,Glenwood Road,East 29 Street,NB,162,54.14,0.007874016
2023-05-02,14,Brooklyn,FLATBUSH AVENUE,Glenwood Road,East 29 Street,NB,164,55.04,0.0
2023-05-02,14,Brooklyn,FLATBUSH AVENUE,Glenwood Road,East 29 Street,NB,165,55.04,0.0
2023-05-02,14,Brooklyn,FLATBUSH AVENUE,Glenwood Road,East 29 Street,NB,162,55.04,0.0
2023-05-02,14,Brooklyn,FLATBUSH AVENUE,Glenwood Road,East 29 Street,NB,162,55.04,0.0
2023-05-02,15,Brooklyn,FLATBUSH AVENUE,Glenwood Road,East 29 Street,NB,177,55.85,0.0
2023-05-02,15,Brooklyn,FLATBUSH AVENUE,Glenwood Road,East 29 Street,NB,178,55.85,0.0
2023-05-02,15,Brooklyn,FLATBUSH AVENUE,Glenwood Road,East 29 Street,NB,170,55.85,0.0
2023-05-02,15,Brooklyn,FLATBUSH AVENUE,Glenwood Road,East 29 Street,NB,179,55.85,0.0
2023-05-02,16,Brooklyn,FLATBUSH AVENUE,Glenwood Road,East 29 Street,NB,178,56.12,0.0
2023-05-02,16,Brooklyn,FLATBUSH AVENUE,Glenwood Road,East 29 Street,NB,166,56.12,0.0
2023-05-02,16,Brooklyn,FLATBUSH AVENUE,Glenwood Road,East 29 Street,NB,183,56.12,0.0
2023-05-02,16,Brooklyn,FLATBUSH AVENUE,Glenwood Road,East 29 Street,NB,175,56.12,0.0
2023-05-02,17,Brooklyn,FLATBUSH AVENUE,Glenwood Road,East 29 Street,NB,165,54.95,0.0
2021-10-12,11,Queens,MYRTLE AVENUE,73 Place,74 Street,EB,64,67.46,0.0
2021-10-12,11,Queens,MYRTLE AVENUE,73 Place,74 Street,EB,68,67.46,0.0
2021-10-12,11,Queens,MYRTLE AVENUE,73 Place,74 Street,EB,68,67.46,0.0
2021-10-12,11,Queens,MYRTLE AVENUE,73 Place,74 Street,EB,79,67.46,0.0
2021-10-12,12,Queens,MYRTLE AVENUE,73 Place,74 Street,EB,69,69.35,0.0
2021-10-12,12,Queens,MYRTLE AVENUE,73 Place,74 Street,EB,75,69.35,0.0
2021-10-12,12,Queens,MYRTLE AVENUE,73 Place,74 Street,EB,76,69.35,0.0
2021-10-12,12,Queens,MYRTLE AVENUE,73 Place,74 Street,EB,64,69.35,0.0
2021-10-12,13,Queens,MYRTLE AVENUE,73 Place,74 Street,EB,82,70.7,0.0
2021-10-12,13,Queens,MYRTLE AVENUE,73 Place,74 Street,EB,72,70.7,0.0
2021-10-12,13,Queens,MYRTLE AVENUE,73 Place,74 Street,EB,89,70.7,0.0
2021-10-12,13,Queens,MYRTLE AVENUE,73 Place,74 Street,EB,94,70.7,0.0
2021-10-12,14,Queens,MYRTLE AVENUE,73 Place,74 Street,EB,89,71.51,0.0
2021-10-12,14,Queens,MYRTLE AVENUE,73 Place,74 Street,EB,93,71.51,0.0
2021-10-12,14,Queens,MYRTLE AVENUE,73 Place,74 Street,EB,89,71.51,0.0
2021-10-12,14,Queens,MYRTLE AVENUE,73 Place,74 Street,EB,100,71.51,0.0
2021-10-12,15,Queens,MYRTLE AVENUE,73 Place,74 Street,EB,90,70.52,0.0
2021-10-12,15,Queens,MYRTLE AVENUE,73 Place,74 Street,EB,91,70.52,0.0
2021-10-12,15,Queens,MYRTLE AVENUE,73 Place,74 Street,EB,105,70.52,0.0
2021-10-12,15,Queens,MYRTLE AVENUE,73 Place,74 Street,EB,130,70.52,0.0
2021-10-12,16,Queens,MYRTLE AVENUE,73 Place,74 Street,EB,107,69.35,0.0
2021-10-12,16,Queens,MYRTLE AVENUE,73 Place,74 Street,EB,107,69.35,0.0
2021-10-12,16,Queens,MYRTLE AVENUE,73 Place,74 Street,EB,106,69.35,0.0
2021-10-12,16,Queens,MYRTLE AVENUE,73 Place,74 Street,EB,124,69.35,0.0
2021-10-12,17,Queens,MYRTLE AVENUE,73 Place,74 Street,EB,119,68.09,0.0
2021-10-12,17,Queens,MYRTLE AVENUE,73 Place,74 Street,EB,96,68.09,0.0
2021-10-12,17,Queens,MYRTLE AVENUE,73 Place,74 Street,EB,106,68.09,0.0
2021-10-12,17,Queens,MYRTLE AVENUE,73 Place,74 Street,EB,89,68.09,0.0
2021-10-12,18,Queens,MYRTLE AVENUE,73 Place,74 Street,EB,131,66.2,0.0
2021-10-12,18,Queens,MYRTLE AVENUE,73 Place,74 Street,EB,98,66.2,0.0
2021-10-12,18,Queens,MYRTLE AVENUE,73 Place,74 Street,EB,111,66.2,0.0
2021-10-12,18,Queens,MYRTLE AVENUE,73 Place,74 Street,EB,123,66.2,0.0
2021-10-12,19,Queens,MYRTLE AVENUE,73 Place,74 Street,EB,100,63.32,0.0
2021-10-12,19,Queens,MYRTLE AVENUE,73 Place,74 Street,EB,83,63.32,0.0
2021-10-12,19,Queens,MYRTLE AVENUE,73 Place,74 Street,EB,121,63.32,0.0
2021-10-12,19,Queens,MYRTLE AVENUE,73 Place,74 Street,EB,74,63.32,0.0
2021-10-12,20,Queens,MYRTLE AVENUE,73 Place,74 Street,EB,57,62.510002,0.0
2021-10-12,20,Queens,MYRTLE AVENUE,73 Place,74 Street,EB,62,62.510002,0.0
2021-10-12,20,Queens,MYRTLE AVENUE,73 Place,74 Street,EB,41,62.510002,0.0
2021-10-12,20,Queens,MYRTLE AVENUE,73 Place,74 Street,EB,46,62.510002,0.0
2021-10-12,21,Queens,MYRTLE AVENUE,73 Place,74 Street,EB,46,61.519997,0.0
2021-10-12,21,Queens,MYRTLE AVENUE,73 Place,74 Street,EB,30,61.519997,0.0
2021-10-12,21,Queens,MYRTLE AVENUE,73 Place,74 Street,EB,48,61.519997,0.0
2021-10-12,21,Queens,MYRTLE AVENUE,73 Place,74 Street,EB,27,61.519997,0.0
2021-10-12,22,Queens,MYRTLE AVENUE,73 Place,74 Street,EB,41,61.79,0.0
2021-10-12,22,Queens,MYRTLE AVENUE,73 Place,74 Street,EB,30,61.79,0.0
2021-10-12,22,Queens,MYRTLE AVENUE,73 Place,74 Street,EB,33,61.79,0.0
2021-10-12,22,Queens,MYRTLE AVENUE,73 Place,74 Street,EB,25,61.79,0.0
2021-10-12,23,Queens,MYRTLE AVENUE,73 Place,74 Street,EB,28,60.17,0.0
2021-10-12,23,Queens,MYRTLE AVENUE,73 Place,74 Street,EB,24,60.17,0.0
2021-10-12,23,Queens,MYRTLE AVENUE,73 Place,74 Street,EB,23,60.17,0.0
2021-10-12,23,Queens,MYRTLE AVENUE,73 Place,74 Street,EB,13,60.17,0.0
2021-10-13,0,Queens,MYRTLE AVENUE,73 Place,74 Street,EB,14,61.519997,0.0
2021-10-13,0,Queens,MYRTLE AVENUE,73 Place,74 Street,EB,13,61.519997,0.0
2021-10-13,0,Queens,MYRTLE AVENUE,73 Place,74 Street,EB,8,61.519997,0.0
2021-10-13,0,Queens,MYRTLE AVENUE,73 Place,74 Street,EB,11,61.519997,0.0
2021-10-13,1,Queens,MYRTLE AVENUE,73 Place,74 Street,EB,12,59.45,0.0
2021-10-13,1,Queens,MYRTLE AVENUE,73 Place,74 Street,EB,9,59.45,0.0
2021-10-13,1,Queens,MYRTLE AVENUE,73 Place,74 Street,EB,7,59.45,0.0
2021-10-13,1,Queens,MYRTLE AVENUE,73 Place,74 Street,EB,7,59.45,0.0
2021-10-13,2,Queens,MYRTLE AVENUE,73 Place,74 Street,EB,8,60.62,0.0
2021-10-13,2,Queens,MYRTLE AVENUE,73 Place,74 Street,EB,0,60.62,0.0
2021-10-13,2,Queens,MYRTLE AVENUE,73 Place,74 Street,EB,10,60.62,0.0
2021-10-13,2,Queens,MYRTLE AVENUE,73 Place,74 Street,EB,4,60.62,0.0
2021-10-13,3,Queens,MYRTLE AVENUE,73 Place,74 Street,EB,6,60.89,0.0
2021-10-13,3,Queens,MYRTLE AVENUE,73 Place,74 Street,EB,3,60.89,0.0
2021-10-13,3,Queens,MYRTLE AVENUE,73 Place,74 Street,EB,5,60.89,0.0
2021-10-13,3,Queens,MYRTLE AVENUE,73 Place,74 Street,EB,6,60.89,0.0
2021-02-25,0,Manhattan,2 AVENUE,East 90 Street,East 91 Street,SB,101,44.96,0.0
2021-02-25,0,Manhattan,2 AVENUE,East 90 Street,East 91 Street,SB,83,44.96,0.0
2021-02-25,0,Manhattan,2 AVENUE,East 90 Street,East 91 Street,SB,78,44.96,0.0
2021-02-25,0,Manhattan,2 AVENUE,East 90 Street,East 91 Street,SB,71,44.96,0.0
2021-02-25,1,Manhattan,2 AVENUE,East 90 Street,East 91 Street,SB,74,44.690002,0.0
2021-02-25,1,Manhattan,2 AVENUE,East 90 Street,East 91 Street,SB,59,44.690002,0.0
2021-02-25,1,Manhattan,2 AVENUE,East 90 Street,East 91 Street,SB,60,44.690002,0.0
2021-02-25,1,Manhattan,2 AVENUE,East 90 Street,East 91 Street,SB,58,44.690002,0.0
2021-02-25,2,Manhattan,2 AVENUE,East 90 Street,East 91 Street,SB,46,44.690002,0.0
2021-02-25,2,Manhattan,2 AVENUE,East 90 Street,East 91 Street,SB,64,44.690002,0.0
2021-02-25,2,Manhattan,2 AVENUE,East 90 Street,East 91 Street,SB,55,44.690002,0.0
2021-02-25,2,Manhattan,2 AVENUE,East 90 Street,East 91 Street,SB,46,44.690002,0.0
2021-02-25,3,Manhattan,2 AVENUE,East 90 Street,East 91 Street,SB,39,46.4,0.0
2021-02-25,3,Manhattan,2 AVENUE,East 90 Street,East 91 Street,SB,44,46.4,0.0
2021-02-25,3,Manhattan,2 AVENUE,East 90 Street,East 91 Street,SB,64,46.4,0.0
2021-02-25,3,Manhattan,2 AVENUE,East 90 Street,East 91 Street,SB,43,46.4,0.0
2021-02-25,4,Manhattan,2 AVENUE,East 90 Street,East 91 Street,SB,43,43.879997,0.0
2021-02-25,4,Manhattan,2 AVENUE,East 90 Street,East 91 Street,SB,56,43.879997,0.0
2021-02-25,4,Manhattan,2 AVENUE,East 90 Street,East 91 Street,SB,71,43.879997,0.0
2021-02-25,4,Manhattan,2 AVENUE,East 90 Street,East 91 Street,SB,74,43.879997,0.0
2021-02-25,5,Manhattan,2 AVENUE,East 90 Street,East 91 Street,SB,93,41.0,0.0
2021-02-25,5,Manhattan,2 AVENUE,East 90 Street,East 91 Street,SB,128,41.0,0.0
2021-02-25,5,Manhattan,2 AVENUE,East 90 Street,East 91 Street,SB,179,41.0,0.0
2021-02-25,5,Manhattan,2 AVENUE,East 90 Street,East 91 Street,SB,192,41.0,0.0
2021-02-25,6,Manhattan,2 AVENUE,East 90 Street,East 91 Street,SB,190,37.94,0.0
2021-02-25,6,Manhattan,2 AVENUE,East 90 Street,East 91 Street,SB,231,37.94,0.0
2021-02-25,6,Manhattan,2 AVENUE,East 90 Street,East 91 Street,SB,280,37.94,0.0
2021-02-25,6,Manhattan,2 AVENUE,East 90 Street,East 91 Street,SB,269,37.94,0.0
2021-02-25,7,Manhattan,2 AVENUE,East 90 Street,East 91 Street,SB,265,35.69,0.0
2021-02-25,7,Manhattan,2 AVENUE,East 90 Street,East 91 Street,SB,275,35.69,0.0
2021-02-25,7,Manhattan,2 AVENUE,East 90 Street,East 91 Street,SB,248,35.69,0.0
2021-02-25,7,Manhattan,2 AVENUE,East 90 Street,East 91 Street,SB,297,35.69,0.0
2021-02-25,8,Manhattan,2 AVENUE,East 90 Street,East 91 Street,SB,277,37.489998,0.0
2021-02-25,8,Manhattan,2 AVENUE,East 90 Street,East 91 Street,SB,275,37.489998,0.0
2021-02-25,8,Manhattan,2 AVENUE,East 90 Street,East 91 Street,SB,299,37.489998,0.0
2021-02-25,8,Manhattan,2 AVENUE,East 90 Street,East 91 Street,SB,310,37.489998,0.0
2021-02-25,9,Manhattan,2 AVENUE,East 90 Street,East 91 Street,SB,304,39.74,0.0
2021-02-25,9,Manhattan,2 AVENUE,East 90 Street,East 91 Street,SB,313,39.74,0.0
2021-02-25,9,Manhattan,2 AVENUE,East 90 Street,East 91 Street,SB,262,39.74,0.0
2021-02-25,9,Manhattan,2 AVENUE,East 90 Street,East 91 Street,SB,256,39.74,0.0
2021-02-25,10,Manhattan,2 AVENUE,East 90 Street,East 91 Street,SB,253,41.9,0.0
2021-02-25,10,Manhattan,2 AVENUE,East 90 Street,East 91 Street,SB,298,41.9,0.0
2021-02-25,10,Manhattan,2 AVENUE,East 90 Street,East 91 Street,SB,228,41.9,0.0
2021-02-25,10,Manhattan,2 AVENUE,East 90 Street,East 91 Street,SB,239,41.9,0.0
2021-02-25,11,Manhattan,2 AVENUE,East 90 Street,East 91 Street,SB,281,43.25,0.0
2021-02-25,11,Manhattan,2 AVENUE,East 90 Street,East 91 Street,SB,256,43.25,0.0
2021-02-25,11,Manhattan,2 AVENUE,East 90 Street,East 91 Street,SB,251,43.25,0.0
2021-02-25,11,Manhattan,2 AVENUE,East 90 Street,East 91 Street,SB,293,43.25,0.0
2021-02-25,12,Manhattan,2 AVENUE,East 90 Street,East 91 Street,SB,267,43.7,0.0
2021-02-25,12,Manhattan,2 AVENUE,East 90 Street,East 91 Street,SB,269,43.7,0.0
2021-02-25,12,Manhattan,2 AVENUE,East 90 Street,East 91 Street,SB,230,43.7,0.0
2021-02-25,12,Manhattan,2 AVENUE,East 90 Street,East 91 Street,SB,280,43.7,0.0
2021-02-25,13,Manhattan,2 AVENUE,East 90 Street,East 91 Street,SB,290,44.42,0.0
2021-02-25,13,Manhattan,2 AVENUE,East 90 Street,East 91 Street,SB,244,44.42,0.0
2021-02-25,13,Manhattan,2 AVENUE,East 90 Street,East 91 Street,SB,264,44.42,0.0
2021-02-25,13,Manhattan,2 AVENUE,East 90 Street,East 91 Street,SB,275,44.42,0.0
2021-02-25,14,Manhattan,2 AVENUE,East 90 Street,East 91 Street,SB,289,45.32,0.0
2021-02-25,14,Manhattan,2 AVENUE,East 90 Street,East 91 Street,SB,270,45.32,0.0
2021-02-25,14,Manhattan,2 AVENUE,East 90 Street,East 91 Street,SB,323,45.32,0.0
2021-02-25,14,Manhattan,2 AVENUE,East 90 Street,East 91 Street,SB,331,45.32,0.0
2021-02-25,15,Manhattan,2 AVENUE,East 90 Street,East 91 Street,SB,304,46.04,0.0
2021-02-25,15,Manhattan,2 AVENUE,East 90 Street,East 91 Street,SB,309,46.04,0.0
2021-02-25,15,Manhattan,2 AVENUE,East 90 Street,East 91 Street,SB,310,46.04,0.0
2021-02-25,15,Manhattan,2 AVENUE,East 90 Street,East 91 Street,SB,303,46.04,0.0
2021-02-25,16,Manhattan,2 AVENUE,East 90 Street,East 91 Street,SB,330,46.309998,0.0
2021-02-25,16,Manhattan,2 AVENUE,East 90 Street,East 91 Street,SB,333,46.309998,0.0
2021-02-25,16,Manhattan,2 AVENUE,East 90 Street,East 91 Street,SB,312,46.309998,0.0
2021-02-25,16,Manhattan,2 AVENUE,East 90 Street,East 91 Street,SB,336,46.309998,0.0
2021-02-25,17,Manhattan,2 AVENUE,East 90 Street,East 91 Street,SB,231,45.86,0.0
2023-06-24,22,Queens,HOOK CREEK BRIDGE,Hook Creek Shoreline,Dead end,SB,311,69.98,0.0
2023-06-24,22,Queens,HOOK CREEK BRIDGE,Hook Creek Shoreline,Dead end,SB,300,69.98,0.0
2023-06-24,22,Queens,HOOK CREEK BRIDGE,Hook Creek Shoreline,Dead end,SB,337,69.98,0.0
2023-06-24,22,Queens,HOOK CREEK BRIDGE,Hook Creek Shoreline,Dead end,SB,367,69.98,0.0
2023-06-24,23,Queens,HOOK CREEK BRIDGE,Hook Creek Shoreline,Dead end,SB,339,70.34,0.0
2023-06-24,23,Queens,HOOK CREEK BRIDGE,Hook Creek Shoreline,Dead end,SB,314,70.34,0.0
2023-06-24,23,Queens,HOOK CREEK BRIDGE,Hook Creek Shoreline,Dead end,SB,281,70.34,0.0
2023-06-24,23,Queens,HOOK CREEK BRIDGE,Hook Creek Shoreline,Dead end,SB,314,70.34,0.0
2023-06-25,0,Queens,HOOK CREEK BRIDGE,Hook Creek Shoreline,Dead end,SB,272,70.34,0.0
2023-06-25,0,Queens,HOOK CREEK BRIDGE,Hook Creek Shoreline,Dead end,SB,284,70.34,0.0
2023-06-25,0,Queens,HOOK CREEK BRIDGE,Hook Creek Shoreline,Dead end,SB,246,70.34,0.0
2023-06-25,0,Queens,HOOK CREEK BRIDGE,Hook Creek Shoreline,Dead end,SB,250,70.34,0.0
2023-06-25,1,Queens,HOOK CREEK BRIDGE,Hook Creek Shoreline,Dead end,SB,186,69.71,0.0
2023-06-25,1,Queens,HOOK CREEK BRIDGE,Hook Creek Shoreline,Dead end,SB,203,69.71,0.0
2023-06-25,1,Queens,HOOK CREEK BRIDGE,Hook Creek Shoreline,Dead end,SB,146,69.71,0.0
2023-06-25,1,Queens,HOOK CREEK BRIDGE,Hook Creek Shoreline,Dead end,SB,140,69.71,0.0
2023-06-25,2,Queens,HOOK CREEK BRIDGE,Hook Creek Shoreline,Dead end,SB,145,69.53,0.0
2023-06-25,2,Queens,HOOK CREEK BRIDGE,Hook Creek Shoreline,Dead end,SB,156,69.53,0.0
2023-06-25,2,Queens,HOOK CREEK BRIDGE,Hook Creek Shoreline,Dead end,SB,126,69.53,0.0
2023-06-25,2,Queens,HOOK CREEK BRIDGE,Hook Creek Shoreline,Dead end,SB,112,69.53,0.0
2023-06-25,3,Queens,HOOK CREEK BRIDGE,Hook Creek Shoreline,Dead end,SB,94,68.45,0.0
2023-06-25,3,Queens,HOOK CREEK BRIDGE,Hook Creek Shoreline,Dead end,SB,114,68.45,0.0
2023-06-25,3,Queens,HOOK CREEK BRIDGE,Hook Creek Shoreline,Dead end,SB,101,68.45,0.0
2023-06-25,3,Queens,HOOK CREEK BRIDGE,Hook Creek Shoreline,Dead end,SB,114,68.45,0.0
2023-06-25,4,Queens,HOOK CREEK BRIDGE,Hook Creek Shoreline,Dead end,SB,122,67.46,0.0
2023-06-25,4,Queens,HOOK CREEK BRIDGE,Hook Creek Shoreline,Dead end,SB,100,67.46,0.0
2023-06-25,4,Queens,HOOK CREEK BRIDGE,Hook Creek Shoreline,Dead end,SB,120,67.46,0.0
2023-06-25,4,Queens,HOOK CREEK BRIDGE,Hook Creek Shoreline,Dead end,SB,126,67.46,0.0
2023-06-25,5,Queens,HOOK CREEK BRIDGE,Hook Creek Shoreline,Dead end,SB,104,66.56,0.0
2023-06-25,5,Queens,HOOK CREEK BRIDGE,Hook Creek Shoreline,Dead end,SB,115,66.56,0.0
2023-06-25,5,Queens,HOOK CREEK BRIDGE,Hook Creek Shoreline,Dead end,SB,134,66.56,0.0
2023-06-25,5,Queens,HOOK CREEK BRIDGE,Hook Creek Shoreline,Dead end,SB,123,66.56,0.0
2023-06-25,6,Queens,HOOK CREEK BRIDGE,Hook Creek Shoreline,Dead end,SB,134,67.1,0.0
2023-06-25,6,Queens,HOOK CREEK BRIDGE,Hook Creek Shoreline,Dead end,SB,155,67.1,0.0
2023-06-25,6,Queens,HOOK CREEK BRIDGE,Hook Creek Shoreline,Dead end,SB,216,67.1,0.0
2023-06-25,6,Queens,HOOK CREEK BRIDGE,Hook Creek Shoreline,Dead end,SB,210,67.1,0.0
2023-06-25,7,Queens,HOOK CREEK BRIDGE,Hook Creek Shoreline,Dead end,SB,168,69.53,0.0
2023-06-25,7,Queens,HOOK CREEK BRIDGE,Hook Creek Shoreline,Dead end,SB,200,69.53,0.0
2023-06-25,7,Queens,HOOK CREEK BRIDGE,Hook Creek Shoreline,Dead end,SB,272,69.53,0.0
2023-06-25,7,Queens,HOOK CREEK BRIDGE,Hook Creek Shoreline,Dead end,SB,274,69.53,0.0
2023-06-25,8,Queens,HOOK CREEK BRIDGE,Hook Creek Shoreline,Dead end,SB,244,72.41,0.0
2023-06-25,8,Queens,HOOK CREEK BRIDGE,Hook Creek Shoreline,Dead end,SB,249,72.41,0.0
2023-06-25,8,Queens,HOOK CREEK BRIDGE,Hook Creek Shoreline,Dead end,SB,290,72.41,0.0
2023-06-25,8,Queens,HOOK CREEK BRIDGE,Hook Creek Shoreline,Dead end,SB,300,72.41,0.0
2023-06-25,9,Queens,HOOK CREEK BRIDGE,Hook Creek Shoreline,Dead end,SB,346,75.2,0.0
2023-06-25,9,Queens,HOOK CREEK BRIDGE,Hook Creek Shoreline,Dead end,SB,308,75.2,0.0
2023-06-25,9,Queens,HOOK CREEK BRIDGE,Hook Creek Shoreline,Dead end,SB,426,75.2,0.0
2023-06-25,9,Queens,HOOK CREEK BRIDGE,Hook Creek Shoreline,Dead end,SB,493,75.2,0.0
2023-06-25,10,Queens,HOOK CREEK BRIDGE,Hook Creek Shoreline,Dead end,SB,502,78.26,0.0
2023-06-25,10,Queens,HOOK CREEK BRIDGE,Hook Creek Shoreline,Dead end,SB,500,78.26,0.0
2023-06-25,10,Queens,HOOK CREEK BRIDGE,Hook Creek Shoreline,Dead end,SB,532,78.26,0.0
2023-06-25,10,Queens,HOOK CREEK BRIDGE,Hook Creek Shoreline,Dead end,SB,554,78.26,0.0
2023-06-25,11,Queens,HOOK CREEK BRIDGE,Hook Creek Shoreline,Dead end,SB,600,80.96,0.0
2023-06-25,11,Queens,HOOK CREEK BRIDGE,Hook Creek Shoreline,Dead end,SB,550,80.96,0.0
2023-06-25,11,Queens,HOOK CREEK BRIDGE,Hook Creek Shoreline,Dead end,SB,529,80.96,0.0
2023-06-25,11,Queens,HOOK CREEK BRIDGE,Hook Creek Shoreline,Dead end,SB,551,80.96,0.0
2023-06-25,12,Queens,HOOK CREEK BRIDGE,Hook Creek Shoreline,Dead end,SB,528,82.67,0.0
2023-06-25,12,Queens,HOOK CREEK BRIDGE,Hook Creek Shoreline,Dead end,SB,471,82.67,0.0
2023-06-25,12,Queens,HOOK CREEK BRIDGE,Hook Creek Shoreline,Dead end,SB,496,82.67,0.0
2023-06-25,12,Queens,HOOK CREEK BRIDGE,Hook Creek Shoreline,Dead end,SB,454,82.67,0.0
2023-06-25,13,Queens,HOOK CREEK BRIDGE,Hook Creek Shoreline,Dead end,SB,527,82.31,0.0
2023-06-25,13,Queens,HOOK CREEK BRIDGE,Hook Creek Shoreline,Dead end,SB,500,82.31,0.0
2023-06-25,13,Queens,HOOK CREEK BRIDGE,Hook Creek Shoreline,Dead end,SB,542,82.31,0.0
2023-06-25,13,Queens,HOOK CREEK BRIDGE,Hook Creek Shoreline,Dead end,SB,586,82.31,0.0
2023-06-25,14,Queens,HOOK CREEK BRIDGE,Hook Creek Shoreline,Dead end,SB,510,79.97,0.09055118
2023-06-25,14,Queens,HOOK CREEK BRIDGE,Hook Creek Shoreline,Dead end,SB,502,79.97,0.09055118
2023-06-25,14,Queens,HOOK CREEK BRIDGE,Hook Creek Shoreline,Dead end,SB,526,79.97,0.09055118
2023-06-25,14,Queens,HOOK CREEK BRIDGE,Hook Creek Shoreline,Dead end,SB,547,79.97,0.09055118
2023-06-25,15,Queens,HOOK CREEK BRIDGE,Hook Creek Shoreline,Dead end,SB,533,78.17,0.0
2023-06-25,15,Queens,HOOK CREEK BRIDGE,Hook Creek Shoreline,Dead end,SB,496,78.17,0.0
2023-06-25,15,Queens,HOOK CREEK BRIDGE,Hook Creek Shoreline,Dead end,SB,492,78.17,0.0
2023-06-25,15,Queens,HOOK CREEK BRIDGE,Hook Creek Shoreline,Dead end,SB,524,78.17,0.0
2023-06-25,16,Queens,HOOK CREEK BRIDGE,Hook Creek Shoreline,Dead end,SB,546,75.65,0.0
2023-06-25,16,Queens,HOOK CREEK BRIDGE,Hook Creek Shoreline,Dead end,SB,460,75.65,0.0
2023-06-25,16,Queens,HOOK CREEK BRIDGE,Hook Creek Shoreline,Dead end,SB,555,75.65,0.0
2023-06-25,16,Queens,HOOK CREEK BRIDGE,Hook Creek Shoreline,Dead end,SB,530,75.65,0.0
2023-06-25,17,Queens,HOOK CREEK BRIDGE,Hook Creek Shoreline,Dead end,SB,522,76.01,0.0
2023-06-25,17,Queens,HOOK CREEK BRIDGE,Hook Creek Shoreline,Dead end,SB,456,76.01,0.0
2023-06-25,17,Queens,HOOK CREEK BRIDGE,Hook Creek Shoreline,Dead end,SB,467,76.01,0.0
2023-06-25,17,Queens,HOOK CREEK BRIDGE,Hook Creek Shoreline,Dead end,SB,442,76.01,0.0
2023-06-25,18,Queens,HOOK CREEK BRIDGE,Hook Creek Shoreline,Dead end,SB,416,76.369995,0.0
2023-06-25,18,Queens,HOOK CREEK BRIDGE,Hook Creek Shoreline,Dead end,SB,388,76.369995,0.0
2023-06-25,18,Queens,HOOK CREEK BRIDGE,Hook Creek Shoreline,Dead end,SB,386,76.369995,0.0
2023-06-25,18,Queens,HOOK CREEK BRIDGE,Hook Creek Shoreline,Dead end,SB,400,76.369995,0.0
2023-06-25,19,Queens,HOOK CREEK BRIDGE,Hook Creek Shoreline,Dead end,SB,410,75.29,0.0
2023-06-25,19,Queens,HOOK CREEK BRIDGE,Hook Creek Shoreline,Dead end,SB,368,75.29,0.0
2023-06-25,19,Queens,HOOK CREEK BRIDGE,Hook Creek Shoreline,Dead end,SB,384,75.29,0.0
2023-06-25,19,Queens,HOOK CREEK BRIDGE,Hook Creek Shoreline,Dead end,SB,366,75.29,0.0
2023-06-25,20,Queens,HOOK CREEK BRIDGE,Hook Creek Shoreline,Dead end,SB,404,71.869995,0.0
2023-06-25,20,Queens,HOOK CREEK BRIDGE,Hook Creek Shoreline,Dead end,SB,406,71.869995,0.0
2023-06-25,20,Queens,HOOK CREEK BRIDGE,Hook Creek Shoreline,Dead end,SB,368,71.869995,0.0
2023-06-25,20,Queens,HOOK CREEK BRIDGE,Hook Creek Shoreline,Dead end,SB,358,71.869995,0.0
2023-06-25,21,Queens,HOOK CREEK BRIDGE,Hook Creek Shoreline,Dead end,SB,366,70.61,0.0
2023-06-25,21,Queens,HOOK CREEK BRIDGE,Hook Creek Shoreline,Dead end,SB,358,70.61,0.0
2023-06-25,21,Queens,HOOK CREEK BRIDGE,Hook Creek Shoreline,Dead end,SB,334,70.61,0.0
2023-06-25,21,Queens,HOOK CREEK BRIDGE,Hook Creek Shoreline,Dead end,SB,366,70.61,0.0
2023-06-25,22,Queens,HOOK CREEK BRIDGE,Hook Creek Shoreline,Dead end,SB,360,68.630005,0.003937008
2023-06-25,22,Queens,HOOK CREEK BRIDGE,Hook Creek Shoreline,Dead end,SB,334,68.630005,0.003937008
2023-06-25,22,Queens,HOOK CREEK BRIDGE,Hook Creek Shoreline,Dead end,SB,328,68.630005,0.003937008
2023-06-25,22,Queens,HOOK CREEK BRIDGE,Hook Creek Shoreline,Dead end,SB,398,68.630005,0.003937008
2023-06-25,23,Queens,HOOK CREEK BRIDGE,Hook Creek Shoreline,Dead end,SB,312,67.91,0.003937008
2023-06-25,23,Queens,HOOK CREEK BRIDGE,Hook Creek Shoreline,Dead end,SB,316,67.91,0.003937008
2023-06-25,23,Queens,HOOK CREEK BRIDGE,Hook Creek Shoreline,Dead end,SB,314,67.91,0.003937008
2023-06-25,23,Queens,HOOK CREEK BRIDGE,Hook Creek Shoreline,Dead end,SB,246,67.91,0.003937008
2023-06-26,0,Queens,HOOK CREEK BRIDGE,Hook Creek Shoreline,Dead end,SB,180,67.73,0.0
2021-09-18,21,Queens,CODY AVENUE,Dead End,Dead end,SB,8,75.2,0.0
2021-09-18,21,Queens,CODY AVENUE,Dead End,Dead end,SB,10,75.2,0.0
2021-09-18,21,Queens,CODY AVENUE,Dead End,Dead end,SB,9,75.2,0.0
2021-09-18,22,Queens,CODY AVENUE,Dead End,Dead end,SB,5,73.94,0.0
2021-09-18,22,Queens,CODY AVENUE,Dead End,Dead end,SB,4,73.94,0.0
2021-09-18,22,Queens,CODY AVENUE,Dead End,Dead end,SB,2,73.94,0.0
2021-09-18,22,Queens,CODY AVENUE,Dead End,Dead end,SB,3,73.94,0.0
2021-09-18,23,Queens,CODY AVENUE,Dead End,Dead end,SB,2,72.95,0.0
2021-09-18,23,Queens,CODY AVENUE,Dead End,Dead end,SB,5,72.95,0.0
2021-09-18,23,Queens,CODY AVENUE,Dead End,Dead end,SB,4,72.95,0.0
2021-09-18,23,Queens,CODY AVENUE,Dead End,Dead end,SB,3,72.95,0.0
2021-09-19,0,Queens,CODY AVENUE,Dead End,Dead end,SB,2,71.69,0.0
2021-09-19,0,Queens,CODY AVENUE,Dead End,Dead end,SB,1,71.69,0.0
2021-09-19,0,Queens,CODY AVENUE,Dead End,Dead end,SB,4,71.69,0.0
2021-09-19,0,Queens,CODY AVENUE,Dead End,Dead end,SB,8,71.69,0.0
2021-09-19,1,Queens,CODY AVENUE,Dead End,Dead end,SB,1,70.880005,0.0
2021-09-19,1,Queens,CODY AVENUE,Dead End,Dead end,SB,1,70.880005,0.0
2021-09-19,1,Queens,CODY AVENUE,Dead End,Dead end,SB,3,70.880005,0.0
2021-09-19,1,Queens,CODY AVENUE,Dead End,Dead end,SB,1,70.880005,0.0
2021-09-19,2,Queens,CODY AVENUE,Dead End,Dead end,SB,2,69.8,0.0
2021-09-19,2,Queens,CODY AVENUE,Dead End,Dead end,SB,2,69.8,0.0
2021-09-19,2,Queens,CODY AVENUE,Dead End,Dead end,SB,2,69.8,0.0
2021-09-19,2,Queens,CODY AVENUE,Dead End,Dead end,SB,4,69.8,0.0
2021-09-19,3,Queens,CODY AVENUE,Dead End,Dead end,SB,1,67.73,0.0
2021-09-19,3,Queens,CODY AVENUE,Dead End,Dead end,SB,1,67.73,0.0
2021-09-19,3,Queens,CODY AVENUE,Dead End,Dead end,SB,1,67.73,0.0
2021-09-19,3,Queens,CODY AVENUE,Dead End,Dead end,SB,2,67.73,0.0
2021-09-19,4,Queens,CODY AVENUE,Dead End,Dead end,SB,2,65.48,0.0
2021-09-19,4,Queens,CODY AVENUE,Dead End,Dead end,SB,2,65.48,0.0
2021-09-19,4,Queens,CODY AVENUE,Dead End,Dead end,SB,2,65.48,0.0
2021-09-19,4,Queens,CODY AVENUE,Dead End,Dead end,SB,1,65.48,0.0
2021-09-19,5,Queens,CODY AVENUE,Dead End,Dead end,SB,2,64.22,0.0
2021-09-19,5,Queens,CODY AVENUE,Dead End,Dead end,SB,1,64.22,0.0
2021-09-19,5,Queens,CODY AVENUE,Dead End,Dead end,SB,1,64.22,0.0
2021-09-19,5,Queens,CODY AVENUE,Dead End,Dead end,SB,2,64.22,0.0
2021-09-19,6,Queens,CODY AVENUE,Dead End,Dead end,SB,1,63.230003,0.0
2021-09-19,6,Queens,CODY AVENUE,Dead End,Dead end,SB,2,63.230003,0.0
2021-09-19,6,Queens,CODY AVENUE,Dead End,Dead end,SB,1,63.230003,0.0
2021-09-19,6,Queens,CODY AVENUE,Dead End,Dead end,SB,1,63.230003,0.0
2021-09-19,7,Queens,CODY AVENUE,Dead End,Dead end,SB,2,62.6,0.0
2021-09-19,7,Queens,CODY AVENUE,Dead End,Dead end,SB,4,62.6,0.0
2021-09-19,7,Queens,CODY AVENUE,Dead End,Dead end,SB,1,62.6,0.0
2021-09-19,7,Queens,CODY AVENUE,Dead End,Dead end,SB,8,62.6,0.0
2021-09-19,8,Queens,CODY AVENUE,Dead End,Dead end,SB,1,65.57,0.0
2021-09-19,8,Queens,CODY AVENUE,Dead End,Dead end,SB,2,65.57,0.0
2021-09-19,8,Queens,CODY AVENUE,Dead End,Dead end,SB,3,65.57,0.0
2021-09-19,8,Queens,CODY AVENUE,Dead End,Dead end,SB,3,65.57,0.0
2021-09-19,9,Queens,CODY AVENUE,Dead End,Dead end,SB,5,67.369995,0.0
2021-09-19,9,Queens,CODY AVENUE,Dead End,Dead end,SB,3,67.369995,0.0
2021-09-19,9,Queens,CODY AVENUE,Dead End,Dead end,SB,1,67.369995,0.0
2021-09-19,9,Queens,CODY AVENUE,Dead End,Dead end,SB,9,67.369995,0.0
2021-09-19,10,Queens,CODY AVENUE,Dead End,Dead end,SB,5,69.53,0.0
2021-09-19,10,Queens,CODY AVENUE,Dead End,Dead end,SB,8,69.53,0.0
2021-09-19,10,Queens,CODY AVENUE,Dead End,Dead end,SB,3,69.53,0.0
2021-09-19,10,Queens,CODY AVENUE,Dead End,Dead end,SB,5,69.53,0.0
2021-09-19,11,Queens,CODY AVENUE,Dead End,Dead end,SB,7,71.15,0.0
2021-09-19,11,Queens,CODY AVENUE,Dead End,Dead end,SB,5,71.15,0.0
2021-09-19,11,Queens,CODY AVENUE,Dead End,Dead end,SB,5,71.15,0.0
2021-09-19,11,Queens,CODY AVENUE,Dead End,Dead end,SB,12,71.15,0.0
2021-09-19,12,Queens,CODY AVENUE,Dead End,Dead end,SB,6,72.59,0.0
2021-09-19,12,Queens,CODY AVENUE,Dead End,Dead end,SB,6,72.59,0.0
2021-09-19,12,Queens,CODY AVENUE,Dead End,Dead end,SB,12,72.59,0.0
2021-09-19,12,Queens,CODY AVENUE,Dead End,Dead end,SB,14,72.59,0.0
2021-09-19,13,Queens,CODY AVENUE,Dead End,Dead end,SB,10,73.76,0.0
2021-09-19,13,Queens,CODY AVENUE,Dead End,Dead end,SB,8,73.76,0.0
2021-09-19,13,Queens,CODY AVENUE,Dead End,Dead end,SB,8,73.76,0.0
2021-09-19,13,Queens,CODY AVENUE,Dead End,Dead end,SB,10,73.76,0.0
2021-09-19,14,Queens,CODY AVENUE,Dead End,Dead end,SB,11,74.48,0.0
2021-09-19,14,Queens,CODY AVENUE,Dead End,Dead end,SB,10,74.48,0.0
2021-09-19,14,Queens,CODY AVENUE,Dead End,Dead end,SB,11,74.48,0.0
2021-09-19,14,Queens,CODY AVENUE,Dead End,Dead end,SB,11,74.48,0.0
2021-09-19,15,Queens,CODY AVENUE,Dead End,Dead end,SB,5,74.93,0.0
2021-09-19,15,Queens,CODY AVENUE,Dead End,Dead end,SB,5,74.93,0.0
2021-09-19,15,Queens,CODY AVENUE,Dead End,Dead end,SB,14,74.93,0.0
2021-09-19,15,Queens,CODY AVENUE,Dead End,Dead end,SB,6,74.93,0.0
2021-09-19,16,Queens,CODY AVENUE,Dead End,Dead end,SB,6,74.93,0.0
2021-09-19,16,Queens,CODY AVENUE,Dead End,Dead end,SB,10,74.93,0.0
2021-09-19,16,Queens,CODY AVENUE,Dead End,Dead end,SB,7,74.93,0.0
2021-09-19,16,Queens,CODY AVENUE,Dead End,Dead end,SB,11,74.93,0.0
2021-09-19,17,Queens,CODY AVENUE,Dead End,Dead end,SB,7,74.48,0.0
2021-09-19,17,Queens,CODY AVENUE,Dead End,Dead end,SB,8,74.48,0.0
2021-09-19,17,Queens,CODY AVENUE,Dead End,Dead end,SB,10,74.48,0.0
2021-09-19,17,Queens,CODY AVENUE,Dead End,Dead end,SB,7,74.48,0.0
2021-09-19,18,Queens,CODY AVENUE,Dead End,Dead end,SB,5,73.4,0.0
2021-09-19,18,Queens,CODY AVENUE,Dead End,Dead end,SB,6,73.4,0.0
2021-09-19,18,Queens,CODY AVENUE,Dead End,Dead end,SB,10,73.4,0.0
2021-09-19,18,Queens,CODY AVENUE,Dead End,Dead end,SB,10,73.4,0.0
2021-09-19,19,Queens,CODY AVENUE,Dead End,Dead end,SB,11,68.81,0.0
2021-09-19,19,Queens,CODY AVENUE,Dead End,Dead end,SB,12,68.81,0.0
2021-09-19,19,Queens,CODY AVENUE,Dead End,Dead end,SB,7,68.81,0.0
2021-09-19,19,Queens,CODY AVENUE,Dead End,Dead end,SB,3,68.81,0.0
2021-09-19,20,Queens,CODY AVENUE,Dead End,Dead end,SB,5,70.34,0.0
2021-09-19,20,Queens,CODY AVENUE,Dead End,Dead end,SB,4,70.34,0.0
2021-09-19,20,Queens,CODY AVENUE,Dead End,Dead end,SB,5,70.34,0.0
2021-09-19,20,Queens,CODY AVENUE,Dead End,Dead end,SB,8,70.34,0.0
2021-09-19,21,Queens,CODY AVENUE,Dead End,Dead end,SB,3,69.35,0.0
2021-09-19,21,Queens,CODY AVENUE,Dead End,Dead end,SB,3,69.35,0.0
2021-09-19,21,Queens,CODY AVENUE,Dead End,Dead end,SB,8,69.35,0.0
2021-09-19,21,Queens,CODY AVENUE,Dead End,Dead end,SB,3,69.35,0.0
2021-09-19,22,Queens,CODY AVENUE,Dead End,Dead end,SB,4,68.45,0.0
2021-09-19,22,Queens,CODY AVENUE,Dead End,Dead end,SB,3,68.45,0.0
2021-09-19,22,Queens,CODY AVENUE,Dead End,Dead end,SB,1,68.45,0.0
2021-09-19,22,Queens,CODY AVENUE,Dead End,Dead end,SB,2,68.45,0.0
2021-09-19,23,Queens,CODY AVENUE,Dead End,Dead end,SB,1,67.55,0.0
2021-09-19,23,Queens,CODY AVENUE,Dead End,Dead end,SB,3,67.55,0.0
2021-04-10,19,Bronx,VAN CORTLANDT PARK EAST,Dead End,Dead end,NB,43,55.22,0.0
2021-04-10,19,Bronx,VAN CORTLANDT PARK EAST,Dead End,Dead end,NB,43,55.22,0.0
2021-04-10,19,Bronx,VAN CORTLANDT PARK EAST,Dead End,Dead end,NB,30,55.22,0.0
2021-04-10,20,Bronx,VAN CORTLANDT PARK EAST,Dead End,Dead end,NB,56,53.6,0.0
2021-04-10,20,Bronx,VAN CORTLANDT PARK EAST,Dead End,Dead end,NB,25,53.6,0.0
2021-04-10,20,Bronx,VAN CORTLANDT PARK EAST,Dead End,Dead end,NB,27,53.6,0.0
2021-04-10,20,Bronx,VAN CORTLANDT PARK EAST,Dead End,Dead end,NB,35,53.6,0.0
2021-04-10,21,Bronx,VAN CORTLANDT PARK EAST,Dead End,Dead end,NB,43,52.88,0.0
2021-04-10,21,Bronx,VAN CORTLANDT PARK EAST,Dead End,Dead end,NB,30,52.88,0.0
2021-04-10,21,Bronx,VAN CORTLANDT PARK EAST,Dead End,Dead end,NB,20,52.88,0.0
2021-04-10,21,Bronx,VAN CORTLANDT PARK EAST,Dead End,Dead end,NB,24,52.88,0.0
2021-04-10,22,Bronx,VAN CORTLANDT PARK EAST,Dead End,Dead end,NB,28,52.61,0.0
2021-04-10,22,Bronx,VAN CORTLANDT PARK EAST,Dead End,Dead end,NB,29,52.61,0.0
2021-04-10,22,Bronx,VAN CORTLANDT PARK EAST,Dead End,Dead end,NB,20,52.61,0.0
2021-04-10,22,Bronx,VAN CORTLANDT PARK EAST,Dead End,Dead end,NB,13,52.61,0.0
2021-04-10,23,Bronx,VAN CORTLANDT PARK EAST,Dead End,Dead end,NB,17,51.98,0.0
2021-04-10,23,Bronx,VAN CORTLANDT PARK EAST,Dead End,Dead end,NB,22,51.98,0.0
2021-04-10,23,Bronx,VAN CORTLANDT PARK EAST,Dead End,Dead end,NB,19,51.98,0.0
2021-04-10,23,Bronx,VAN CORTLANDT PARK EAST,Dead End,Dead end,NB,20,51.98,0.0
2021-04-11,0,Bronx,VAN CORTLANDT PARK EAST,Dead End,Dead end,NB,12,51.8,0.0
2021-04-11,0,Bronx,VAN CORTLANDT PARK EAST,Dead End,Dead end,NB,12,51.8,0.0
2021-04-11,0,Bronx,VAN CORTLANDT PARK EAST,Dead End,Dead end,NB,12,51.8,0.0
2021-04-11,0,Bronx,VAN CORTLANDT PARK EAST,Dead End,Dead end,NB,11,51.8,0.0
2021-04-11,1,Bronx,VAN CORTLANDT PARK EAST,Dead End,Dead end,NB,14,52.25,0.0
2021-04-11,1,Bronx,VAN CORTLANDT PARK EAST,Dead End,Dead end,NB,15,52.25,0.0
2021-04-11,1,Bronx,VAN CORTLANDT PARK EAST,Dead End,Dead end,NB,11,52.25,0.0
2021-04-11,1,Bronx,VAN CORTLANDT PARK EAST,Dead End,Dead end,NB,9,52.25,0.0
2021-04-11,2,Bronx,VAN CORTLANDT PARK EAST,Dead End,Dead end,NB,8,52.7,0.0
2021-04-11,2,Bronx,VAN CORTLANDT PARK EAST,Dead End,Dead end,NB,6,52.7,0.0
2021-04-11,2,Bronx,VAN CORTLANDT PARK EAST,Dead End,Dead end,NB,4,52.7,0.0
2021-04-11,2,Bronx,VAN CORTLANDT PARK EAST,Dead End,Dead end,NB,3,52.7,0.0
2021-04-11,3,Bronx,VAN CORTLANDT PARK EAST,Dead End,Dead end,NB,2,52.97,0.0
2021-04-11,3,Bronx,VAN CORTLANDT PARK EAST,Dead End,Dead end,NB,5,52.97,0.0
2021-04-11,3,Bronx,VAN CORTLANDT PARK EAST,Dead End,Dead end,NB,5,52.97,0.0
2021-04-11,3,Bronx,VAN CORTLANDT PARK EAST,Dead End,Dead end,NB,3,52.97,0.0
2021-04-11,4,Bronx,VAN CORTLANDT PARK EAST,Dead End,Dead end,NB,3,53.33,0.0
2021-04-11,4,Bronx,VAN CORTLANDT PARK EAST,Dead End,Dead end,NB,2,53.33,0.0
2021-04-11,4,Bronx,VAN CORTLANDT PARK EAST,Dead End,Dead end,NB,5,53.33,0.0
2021-04-11,4,Bronx,VAN CORTLANDT PARK EAST,Dead End,Dead end,NB,2,53.33,0.0
2021-04-11,5,Bronx,VAN CORTLANDT PARK EAST,Dead End,Dead end,NB,3,53.42,0.0
2021-04-11,5,Bronx,VAN CORTLANDT PARK EAST,Dead End,Dead end,NB,3,53.42,0.0
2021-04-11,5,Bronx,VAN CORTLANDT PARK EAST,Dead End,Dead end,NB,2,53.42,0.0
2021-04-11,5,Bronx,VAN CORTLANDT PARK EAST,Dead End,Dead end,NB,3,53.42,0.0
2021-04-11,6,Bronx,VAN CORTLANDT PARK EAST,Dead End,Dead end,NB,4,53.33,0.0
2021-04-11,6,Bronx,VAN CORTLANDT PARK EAST,Dead End,Dead end,NB,5,53.33,0.0
2021-04-11,6,Bronx,VAN CORTLANDT PARK EAST,Dead End,Dead end,NB,6,53.33,0.0
2021-04-11,6,Bronx,VAN CORTLANDT PARK EAST,Dead End,Dead end,NB,11,53.33,0.0
2021-04-11,7,Bronx,VAN CORTLANDT PARK EAST,Dead End,Dead end,NB,9,53.6,0.0
2021-04-11,7,Bronx,VAN CORTLANDT PARK EAST,Dead End,Dead end,NB,13,53.6,0.0
2021-04-11,7,Bronx,VAN CORTLANDT PARK EAST,Dead End,Dead end,NB,17,53.6,0.0
2021-04-11,7,Bronx,VAN CORTLANDT PARK EAST,Dead End,Dead end,NB,15,53.6,0.0
2021-04-11,8,Bronx,VAN CORTLANDT PARK EAST,Dead End,Dead end,NB,32,54.68,0.0
2021-04-11,8,Bronx,VAN CORTLANDT PARK EAST,Dead End,Dead end,NB,27,54.68,0.0
2021-04-11,8,Bronx,VAN CORTLANDT PARK EAST,Dead End,Dead end,NB,25,54.68,0.0
2021-04-11,8,Bronx,VAN CORTLANDT PARK EAST,Dead End,Dead end,NB,36,54.68,0.0
2021-04-11,9,Bronx,VAN CORTLANDT PARK EAST,Dead End,Dead end,NB,26,55.85,0.003937008
2021-04-11,9,Bronx,VAN CORTLANDT PARK EAST,Dead End,Dead end,NB,36,55.85,0.003937008
2021-04-11,9,Bronx,VAN CORTLANDT PARK EAST,Dead End,Dead end,NB,36,55.85,0.003937008
2021-04-11,9,Bronx,VAN CORTLANDT PARK EAST,Dead End,Dead end,NB,31,55.85,0.003937008
2021-04-11,10,Bronx,VAN CORTLANDT PARK EAST,Dead End,Dead end,NB,36,56.75,0.01968504
2021-04-11,10,Bronx,VAN CORTLANDT PARK EAST,Dead End,Dead end,NB,56,56.75,0.01968504
2021-04-11,10,Bronx,VAN CORTLANDT PARK EAST,Dead End,Dead end,NB,34,56.75,0.01968504
2021-04-11,10,Bronx,VAN CORTLANDT PARK EAST,Dead End,Dead end,NB,48,56.75,0.01968504
2021-04-11,11,Bronx,VAN CORTLANDT PARK EAST,Dead End,Dead end,NB,52,57.2,0.03937008
2021-04-11,11,Bronx,VAN CORTLANDT PARK EAST,Dead End,Dead end,NB,30,57.2,0.03937008
2021-04-11,11,Bronx,VAN CORTLANDT PARK EAST,Dead End,Dead end,NB,41,57.2,0.03937008
2021-04-11,11,Bronx,VAN CORTLANDT PARK EAST,Dead End,Dead end,NB,55,57.2,0.03937008
2021-04-11,12,Bronx,VAN CORTLANDT PARK EAST,Dead End,Dead end,NB,53,58.46,0.03937008
2021-04-11,12,Bronx,VAN CORTLANDT PARK EAST,Dead End,Dead end,NB,59,58.46,0.03937008
2021-04-11,12,Bronx,VAN CORTLANDT PARK EAST,Dead End,Dead end,NB,43,58.46,0.03937008
2021-04-11,12,Bronx,VAN CORTLANDT PARK EAST,Dead End,Dead end,NB,52,58.46,0.03937008
2021-04-11,13,Bronx,VAN CORTLANDT PARK EAST,Dead End,Dead end,NB,47,59.63,0.04330709
2021-04-11,13,Bronx,VAN CORTLANDT PARK EAST,Dead End,Dead end,NB,38,59.63,0.04330709
2021-04-11,13,Bronx,VAN CORTLANDT PARK EAST,Dead End,Dead end,NB,37,59.63,0.04330709
2021-04-11,13,Bronx,VAN CORTLANDT PARK EAST,Dead End,Dead end,NB,34,59.63,0.04330709
2021-04-11,14,Bronx,VAN CORTLANDT PARK EAST,Dead End,Dead end,NB,33,59.54,0.03937008
2021-04-11,14,Bronx,VAN CORTLANDT PARK EAST,Dead End,Dead end,NB,38,59.54,0.03937008
2021-04-11,14,Bronx,VAN CORTLANDT PARK EAST,Dead End,Dead end,NB,41,59.54,0.03937008
2021-04-11,14,Bronx,VAN CORTLANDT PARK EAST,Dead End,Dead end,NB,40,59.54,0.03937008
2021-04-11,15,Bronx,VAN CORTLANDT PARK EAST,Dead End,Dead end,NB,51,58.280003,0.01968504
2021-04-11,15,Bronx,VAN CORTLANDT PARK EAST,Dead End,Dead end,NB,33,58.280003,0.01968504
2021-04-11,15,Bronx,VAN CORTLANDT PARK EAST,Dead End,Dead end,NB,40,58.280003,0.01968504
2021-04-11,15,Bronx,VAN CORTLANDT PARK EAST,Dead End,Dead end,NB,37,58.280003,0.01968504
2021-04-11,16,Bronx,VAN CORTLANDT PARK EAST,Dead End,Dead end,NB,36,58.010002,0.027559055
2021-04-11,16,Bronx,VAN CORTLANDT PARK EAST,Dead End,Dead end,NB,29,58.010002,0.027559055
2021-04-11,16,Bronx,VAN CORTLANDT PARK EAST,Dead End,Dead end,NB,49,58.010002,0.027559055
2021-04-11,16,Bronx,VAN CORTLANDT PARK EAST,Dead End,Dead end,NB,45,58.010002,0.027559055
2021-04-11,17,Bronx,VAN CORTLANDT PARK EAST,Dead End,Dead end,NB,39,55.940002,0.1023622
2021-04-11,17,Bronx,VAN CORTLANDT PARK EAST,Dead End,Dead end,NB,48,55.940002,0.1023622
2021-04-11,17,Bronx,VAN CORTLANDT PARK EAST,Dead End,Dead end,NB,50,55.940002,0.1023622
2021-04-11,17,Bronx,VAN CORTLANDT PARK EAST,Dead End,Dead end,NB,41,55.940002,0.1023622
2021-04-11,18,Bronx,VAN CORTLANDT PARK EAST,Dead End,Dead end,NB,29,55.04,0.22047244
2021-04-11,18,Bronx,VAN CORTLANDT PARK EAST,Dead End,Dead end,NB,33,55.04,0.22047244
2021-04-11,18,Bronx,VAN CORTLANDT PARK EAST,Dead End,Dead end,NB,39,55.04,0.22047244
2021-04-11,18,Bronx,VAN CORTLANDT PARK EAST,Dead End,Dead end,NB,29,55.04,0.22047244
2021-04-11,19,Bronx,VAN CORTLANDT PARK EAST,Dead End,Dead end,NB,32,52.88,0.106299214
2021-04-11,19,Bronx,VAN CORTLANDT PARK EAST,Dead End,Dead end,NB,36,52.88,0.106299214
2021-04-11,19,Bronx,VAN CORTLANDT PARK EAST,Dead End,Dead end,NB,31,52.88,0.106299214
2021-04-11,19,Bronx,VAN CORTLANDT PARK EAST,Dead End,Dead end,NB,41,52.88,0.106299214
2021-04-11,20,Bronx,VAN CORTLANDT PARK EAST,Dead End,Dead end,NB,32,49.73,0.1496063
2021-04-11,20,Bronx,VAN CORTLANDT PARK EAST,Dead End,Dead end,NB,27,49.73,0.1496063
2021-04-11,20,Bronx,VAN CORTLANDT PARK EAST,Dead End,Dead end,NB,31,49.73,0.1496063
2021-04-11,20,Bronx,VAN CORTLANDT PARK EAST,Dead End,Dead end,NB,14,49.73,0.1496063
2021-04-11,21,Bronx,VAN CORTLANDT PARK EAST,Dead End,Dead end,NB,31,48.83,0.05511811
2021-04-11,21,Bronx,VAN CORTLANDT PARK EAST,Dead End,Dead end,NB,18,48.83,0.05511811
2023-06-02,16,Brooklyn,ASHFORD STREET,New Lots Avenue,Alley,SB,47,82.58,0.0
2023-06-02,16,Brooklyn,ASHFORD STREET,New Lots Avenue,Alley,SB,46,82.58,0.0
2021-10-31,3,Brooklyn,FULTON STREET,Hemlock Street,Autumn Avenue,WB,4,55.940002,0.1496063
2021-10-31,4,Brooklyn,FULTON STREET,Hemlock Street,Autumn Avenue,WB,6,55.940002,0.023622049
2021-10-31,4,Brooklyn,FULTON STREET,Hemlock Street,Autumn Avenue,WB,2,55.940002,0.023622049
2021-10-31,4,Brooklyn,FULTON STREET,Hemlock Street,Autumn Avenue,WB,2,55.940002,0.023622049
2021-10-31,4,Brooklyn,FULTON STREET,Hemlock Street,Autumn Avenue,WB,5,55.940002,0.023622049
2021-10-31,5,Brooklyn,FULTON STREET,Hemlock Street,Autumn Avenue,WB,7,55.13,0.0
2021-10-31,5,Brooklyn,FULTON STREET,Hemlock Street,Autumn Avenue,WB,8,55.13,0.0
2021-10-31,5,Brooklyn,FULTON STREET,Hemlock Street,Autumn Avenue,WB,2,55.13,0.0
2021-10-31,5,Brooklyn,FULTON STREET,Hemlock Street,Autumn Avenue,WB,2,55.13,0.0
2021-10-31,6,Brooklyn,FULTON STREET,Hemlock Street,Autumn Avenue,WB,2,55.13,0.003937008
2021-10-31,6,Brooklyn,FULTON STREET,Hemlock Street,Autumn Avenue,WB,6,55.13,0.003937008
2021-10-31,6,Brooklyn,FULTON STREET,Hemlock Street,Autumn Avenue,WB,8,55.13,0.003937008
2021-10-31,6,Brooklyn,FULTON STREET,Hemlock Street,Autumn Avenue,WB,10,55.13,0.003937008
2021-10-31,7,Brooklyn,FULTON STREET,Hemlock Street,Autumn Avenue,WB,12,54.59,0.0
2021-10-31,7,Brooklyn,FULTON STREET,Hemlock Street,Autumn Avenue,WB,11,54.59,0.0
2021-10-31,7,Brooklyn,FULTON STREET,Hemlock Street,Autumn Avenue,WB,18,54.59,0.0
2021-10-31,7,Brooklyn,FULTON STREET,Hemlock Street,Autumn Avenue,WB,12,54.59,0.0
2021-10-31,8,Brooklyn,FULTON STREET,Hemlock Street,Autumn Avenue,WB,17,54.68,0.0
2021-10-31,8,Brooklyn,FULTON STREET,Hemlock Street,Autumn Avenue,WB,12,54.68,0.0
2021-10-31,8,Brooklyn,FULTON STREET,Hemlock Street,Autumn Avenue,WB,26,54.68,0.0
2021-10-31,8,Brooklyn,FULTON STREET,Hemlock Street,Autumn Avenue,WB,34,54.68,0.0
2021-10-31,9,Brooklyn,FULTON STREET,Hemlock Street,Autumn Avenue,WB,25,57.02,0.0
2021-10-31,9,Brooklyn,FULTON STREET,Hemlock Street,Autumn Avenue,WB,23,57.02,0.0
2021-10-31,9,Brooklyn,FULTON STREET,Hemlock Street,Autumn Avenue,WB,29,57.02,0.0
2021-10-31,9,Brooklyn,FULTON STREET,Hemlock Street,Autumn Avenue,WB,23,57.02,0.0
2021-10-31,10,Brooklyn,FULTON STREET,Hemlock Street,Autumn Avenue,WB,43,58.37,0.0
2021-10-31,10,Brooklyn,FULTON STREET,Hemlock Street,Autumn Avenue,WB,38,58.37,0.0
2021-10-31,10,Brooklyn,FULTON STREET,Hemlock Street,Autumn Avenue,WB,53,58.37,0.0
2021-10-31,10,Brooklyn,FULTON STREET,Hemlock Street,Autumn Avenue,WB,34,58.37,0.0
2021-10-31,11,Brooklyn,FULTON STREET,Hemlock Street,Autumn Avenue,WB,30,60.35,0.0
2021-10-31,11,Brooklyn,FULTON STREET,Hemlock Street,Autumn Avenue,WB,34,60.35,0.0
2021-10-31,11,Brooklyn,FULTON STREET,Hemlock Street,Autumn Avenue,WB,19,60.35,0.0
2021-10-31,11,Brooklyn,FULTON STREET,Hemlock Street,Autumn Avenue,WB,49,60.35,0.0
2021-10-31,12,Brooklyn,FULTON STREET,Hemlock Street,Autumn Avenue,WB,14,62.69,0.0
2021-10-31,12,Brooklyn,FULTON STREET,Hemlock Street,Autumn Avenue,WB,32,62.69,0.0
2021-10-31,12,Brooklyn,FULTON STREET,Hemlock Street,Autumn Avenue,WB,32,62.69,0.0
2021-10-31,12,Brooklyn,FULTON STREET,Hemlock Street,Autumn Avenue,WB,50,62.69,0.0
2021-10-31,13,Brooklyn,FULTON STREET,Hemlock Street,Autumn Avenue,WB,35,64.04,0.0
2021-10-31,13,Brooklyn,FULTON STREET,Hemlock Street,Autumn Avenue,WB,55,64.04,0.0
2021-10-31,13,Brooklyn,FULTON STREET,Hemlock Street,Autumn Avenue,WB,29,64.04,0.0
2021-10-31,13,Brooklyn,FULTON STREET,Hemlock Street,Autumn Avenue,WB,25,64.04,0.0
2021-10-31,14,Brooklyn,FULTON STREET,Hemlock Street,Autumn Avenue,WB,26,65.3,0.0
2021-10-31,14,Brooklyn,FULTON STREET,Hemlock Street,Autumn Avenue,WB,37,65.3,0.0
2021-10-31,14,Brooklyn,FULTON STREET,Hemlock Street,Autumn Avenue,WB,38,65.3,0.0
2021-10-31,14,Brooklyn,FULTON STREET,Hemlock Street,Autumn Avenue,WB,42,65.3,0.0
2021-10-31,15,Brooklyn,FULTON STREET,Hemlock Street,Autumn Avenue,WB,38,64.49,0.003937008
2021-10-31,15,Brooklyn,FULTON STREET,Hemlock Street,Autumn Avenue,WB,42,64.49,0.003937008
2021-10-31,15,Brooklyn,FULTON STREET,Hemlock Street,Autumn Avenue,WB,18,64.49,0.003937008
2021-10-31,15,Brooklyn,FULTON STREET,Hemlock Street,Autumn Avenue,WB,32,64.49,0.003937008
2021-10-31,16,Brooklyn,FULTON STREET,Hemlock Street,Autumn Avenue,WB,17,64.130005,0.0
2021-10-31,16,Brooklyn,FULTON STREET,Hemlock Street,Autumn Avenue,WB,44,64.130005,0.0
2021-10-31,16,Brooklyn,FULTON STREET,Hemlock Street,Autumn Avenue,WB,40,64.130005,0.0
2021-10-31,16,Brooklyn,FULTON STREET,Hemlock Street,Autumn Avenue,WB,48,64.130005,0.0
2021-10-31,17,Brooklyn,FULTON STREET,Hemlock Street,Autumn Avenue,WB,18,62.239998,0.0
2021-10-31,17,Brooklyn,FULTON STREET,Hemlock Street,Autumn Avenue,WB,37,62.239998,0.0
2021-10-31,17,Brooklyn,FULTON STREET,Hemlock Street,Autumn Avenue,WB,38,62.239998,0.0
2021-10-31,17,Brooklyn,FULTON STREET,Hemlock Street,Autumn Avenue,WB,24,62.239998,0.0
2021-10-31,18,Brooklyn,FULTON STREET,Hemlock Street,Autumn Avenue,WB,24,59.63,0.0
2021-10-31,18,Brooklyn,FULTON STREET,Hemlock Street,Autumn Avenue,WB,29,59.63,0.0
2021-10-31,18,Brooklyn,FULTON STREET,Hemlock Street,Autumn Avenue,WB,22,59.63,0.0
2021-10-31,18,Brooklyn,FULTON STREET,Hemlock Street,Autumn Avenue,WB,26,59.63,0.0
2021-10-31,19,Brooklyn,FULTON STREET,Hemlock Street,Autumn Avenue,WB,24,58.64,0.0
2021-10-31,19,Brooklyn,FULTON STREET,Hemlock Street,Autumn Avenue,WB,23,58.64,0.0
2021-10-31,19,Brooklyn,FULTON STREET,Hemlock Street,Autumn Avenue,WB,16,58.64,0.0
2021-10-31,19,Brooklyn,FULTON STREET,Hemlock Street,Autumn Avenue,WB,26,58.64,0.0
2021-10-31,20,Brooklyn,FULTON STREET,Hemlock Street,Autumn Avenue,WB,20,58.1,0.0
2021-10-31,20,Brooklyn,FULTON STREET,Hemlock Street,Autumn Avenue,WB,17,58.1,0.0
2021-10-31,20,Brooklyn,FULTON STREET,Hemlock Street,Autumn Avenue,WB,26,58.1,0.0
2021-10-31,20,Brooklyn,FULTON STREET,Hemlock Street,Autumn Avenue,WB,22,58.1,0.0
2021-10-31,21,Brooklyn,FULTON STREET,Hemlock Street,Autumn Avenue,WB,18,57.2,0.0
2021-10-31,21,Brooklyn,FULTON STREET,Hemlock Street,Autumn Avenue,WB,17,57.2,0.0
2021-10-31,21,Brooklyn,FULTON STREET,Hemlock Street,Autumn Avenue,WB,11,57.2,0.0
2021-10-31,21,Brooklyn,FULTON STREET,Hemlock Street,Autumn Avenue,WB,24,57.2,0.0
2021-10-31,22,Brooklyn,FULTON STREET,Hemlock Street,Autumn Avenue,WB,18,56.39,0.0
2021-10-31,22,Brooklyn,FULTON STREET,Hemlock Street,Autumn Avenue,WB,14,56.39,0.0
2021-10-31,22,Brooklyn,FULTON STREET,Hemlock Street,Autumn Avenue,WB,8,56.39,0.0
2021-10-31,22,Brooklyn,FULTON STREET,Hemlock Street,Autumn Avenue,WB,10,56.39,0.0
2021-10-31,23,Brooklyn,FULTON STREET,Hemlock Street,Autumn Avenue,WB,20,55.58,0.0
2021-10-31,23,Brooklyn,FULTON STREET,Hemlock Street,Autumn Avenue,WB,11,55.58,0.0
2021-10-31,23,Brooklyn,FULTON STREET,Hemlock Street,Autumn Avenue,WB,22,55.58,0.0
2021-10-31,23,Brooklyn,FULTON STREET,Hemlock Street,Autumn Avenue,WB,7,55.58,0.0
2021-11-01,0,Brooklyn,FULTON STREET,Hemlock Street,Autumn Avenue,WB,10,54.77,0.0
2021-11-01,0,Brooklyn,FULTON STREET,Hemlock Street,Autumn Avenue,WB,7,54.77,0.0
2021-11-01,0,Brooklyn,FULTON STREET,Hemlock Street,Autumn Avenue,WB,3,54.77,0.0
2021-11-01,0,Brooklyn,FULTON STREET,Hemlock Street,Autumn Avenue,WB,9,54.77,0.0
2021-11-01,1,Brooklyn,FULTON STREET,Hemlock Street,Autumn Avenue,WB,5,53.87,0.0
2021-11-01,1,Brooklyn,FULTON STREET,Hemlock Street,Autumn Avenue,WB,9,53.87,0.0
2021-11-01,1,Brooklyn,FULTON STREET,Hemlock Street,Autumn Avenue,WB,7,53.87,0.0
2021-11-01,1,Brooklyn,FULTON STREET,Hemlock Street,Autumn Avenue,WB,7,53.87,0.0
2021-11-01,2,Brooklyn,FULTON STREET,Hemlock Street,Autumn Avenue,WB,5,52.88,0.0
2021-11-01,2,Brooklyn,FULTON STREET,Hemlock Street,Autumn Avenue,WB,3,52.88,0.0
2021-11-01,2,Brooklyn,FULTON STREET,Hemlock Street,Autumn Avenue,WB,3,52.88,0.0
2021-11-01,2,Brooklyn,FULTON STREET,Hemlock Street,Autumn Avenue,WB,7,52.88,0.0
2021-11-01,3,Brooklyn,FULTON STREET,Hemlock Street,Autumn Avenue,WB,5,52.25,0.0
2021-11-01,3,Brooklyn,FULTON STREET,Hemlock Street,Autumn Avenue,WB,3,52.25,0.0
2021-11-01,3,Brooklyn,FULTON STREET,Hemlock Street,Autumn Avenue,WB,9,52.25,0.0
2021-11-01,3,Brooklyn,FULTON STREET,Hemlock Street,Autumn Avenue,WB,7,52.25,0.0
2021-11-01,4,Brooklyn,FULTON STREET,Hemlock Street,Autumn Avenue,WB,7,51.8,0.0
2021-11-01,4,Brooklyn,FULTON STREET,Hemlock Street,Autumn Avenue,WB,3,51.8,0.0
2021-11-01,4,Brooklyn,FULTON STREET,Hemlock Street,Autumn Avenue,WB,5,51.8,0.0
2021-11-01,4,Brooklyn,FULTON STREET,Hemlock Street,Autumn Avenue,WB,5,51.8,0.0
2021-11-01,5,Brooklyn,FULTON STREET,Hemlock Street,Autumn Avenue,WB,7,51.440002,0.0
2021-11-01,5,Brooklyn,FULTON STREET,Hemlock Street,Autumn Avenue,WB,7,51.440002,0.0
2021-11-01,5,Brooklyn,FULTON STREET,Hemlock Street,Autumn Avenue,WB,7,51.440002,0.0
2021-11-01,5,Brooklyn,FULTON STREET,Hemlock Street,Autumn Avenue,WB,10,51.440002,0.0
2023-03-21,15,Bronx,EAST 179 STREET,Bronx Street,Boston Road,WB,10,58.010002,0.0
2023-03-21,15,Bronx,EAST 179 STREET,Bronx Street,Boston Road,WB,11,58.010002,0.0
2023-03-21,15,Bronx,EAST 179 STREET,Bronx Street,Boston Road,WB,10,58.010002,0.0
2023-03-21,15,Bronx,EAST 179 STREET,Bronx Street,Boston Road,WB,4,58.010002,0.0
2023-03-21,16,Bronx,EAST 179 STREET,Bronx Street,Boston Road,WB,4,57.38,0.0
2023-03-21,16,Bronx,EAST 179 STREET,Bronx Street,Boston Road,WB,4,57.38,0.0
2023-03-21,16,Bronx,EAST 179 STREET,Bronx Street,Boston Road,WB,5,57.38,0.0
2023-03-21,16,Bronx,EAST 179 STREET,Bronx Street,Boston Road,WB,3,57.38,0.0
2023-03-21,17,Bronx,EAST 179 STREET,Bronx Street,Boston Road,WB,4,58.55,0.0
2023-03-21,17,Bronx,EAST 179 STREET,Bronx Street,Boston Road,WB,3,58.55,0.0
2023-03-21,17,Bronx,EAST 179 STREET,Bronx Street,Boston Road,WB,3,58.55,0.0
2023-03-21,17,Bronx,EAST 179 STREET,Bronx Street,Boston Road,WB,0,58.55,0.0
2023-03-21,18,Bronx,EAST 179 STREET,Bronx Street,Boston Road,WB,3,56.84,0.0
2023-03-21,18,Bronx,EAST 179 STREET,Bronx Street,Boston Road,WB,3,56.84,0.0
2023-03-21,18,Bronx,EAST 179 STREET,Bronx Street,Boston Road,WB,1,56.84,0.0
2023-03-21,18,Bronx,EAST 179 STREET,Bronx Street,Boston Road,WB,1,56.84,0.0
2023-03-21,19,Bronx,EAST 179 STREET,Bronx Street,Boston Road,WB,3,50.09,0.0
2023-03-21,19,Bronx,EAST 179 STREET,Bronx Street,Boston Road,WB,1,50.09,0.0
2023-03-21,19,Bronx,EAST 179 STREET,Bronx Street,Boston Road,WB,2,50.09,0.0
2023-03-21,19,Bronx,EAST 179 STREET,Bronx Street,Boston Road,WB,4,50.09,0.0
2023-03-21,20,Bronx,EAST 179 STREET,Bronx Street,Boston Road,WB,0,48.29,0.0
2023-03-21,20,Bronx,EAST 179 STREET,Bronx Street,Boston Road,WB,4,48.29,0.0
2023-03-21,20,Bronx,EAST 179 STREET,Bronx Street,Boston Road,WB,3,48.29,0.0
2023-03-21,20,Bronx,EAST 179 STREET,Bronx Street,Boston Road,WB,2,48.29,0.0
2023-03-21,21,Bronx,EAST 179 STREET,Bronx Street,Boston Road,WB,3,47.3,0.0
2023-03-21,21,Bronx,EAST 179 STREET,Bronx Street,Boston Road,WB,3,47.3,0.0
2023-03-21,21,Bronx,EAST 179 STREET,Bronx Street,Boston Road,WB,0,47.3,0.0
2023-03-21,21,Bronx,EAST 179 STREET,Bronx Street,Boston Road,WB,1,47.3,0.0
2023-03-21,22,Bronx,EAST 179 STREET,Bronx Street,Boston Road,WB,2,45.95,0.0
2023-03-21,22,Bronx,EAST 179 STREET,Bronx Street,Boston Road,WB,3,45.95,0.0
2023-03-21,22,Bronx,EAST 179 STREET,Bronx Street,Boston Road,WB,3,45.95,0.0
2023-03-21,22,Bronx,EAST 179 STREET,Bronx Street,Boston Road,WB,1,45.95,0.0
2023-03-21,23,Bronx,EAST 179 STREET,Bronx Street,Boston Road,WB,0,44.96,0.0
2023-03-21,23,Bronx,EAST 179 STREET,Bronx Street,Boston Road,WB,2,44.96,0.0
2023-03-21,23,Bronx,EAST 179 STREET,Bronx Street,Boston Road,WB,2,44.96,0.0
2023-03-21,23,Bronx,EAST 179 STREET,Bronx Street,Boston Road,WB,4,44.96,0.0
2023-03-22,0,Bronx,EAST 179 STREET,Bronx Street,Boston Road,WB,0,42.98,0.0
2023-03-22,0,Bronx,EAST 179 STREET,Bronx Street,Boston Road,WB,0,42.98,0.0
2023-03-22,0,Bronx,EAST 179 STREET,Bronx Street,Boston Road,WB,1,42.98,0.0
2023-03-22,0,Bronx,EAST 179 STREET,Bronx Street,Boston Road,WB,1,42.98,0.0
2023-03-22,1,Bronx,EAST 179 STREET,Bronx Street,Boston Road,WB,0,39.74,0.0
2023-03-22,1,Bronx,EAST 179 STREET,Bronx Street,Boston Road,WB,0,39.74,0.0
2023-03-22,1,Bronx,EAST 179 STREET,Bronx Street,Boston Road,WB,0,39.74,0.0
2023-03-22,1,Bronx,EAST 179 STREET,Bronx Street,Boston Road,WB,1,39.74,0.0
2023-03-22,2,Bronx,EAST 179 STREET,Bronx Street,Boston Road,WB,0,38.12,0.0
2023-03-22,2,Bronx,EAST 179 STREET,Bronx Street,Boston Road,WB,0,38.12,0.0
2023-03-22,2,Bronx,EAST 179 STREET,Bronx Street,Boston Road,WB,0,38.12,0.0
2023-03-22,2,Bronx,EAST 179 STREET,Bronx Street,Boston Road,WB,0,38.12,0.0
2023-03-22,3,Bronx,EAST 179 STREET,Bronx Street,Boston Road,WB,0,36.77,0.0
2023-03-22,3,Bronx,EAST 179 STREET,Bronx Street,Boston Road,WB,0,36.77,0.0
2023-03-22,3,Bronx,EAST 179 STREET,Bronx Street,Boston Road,WB,1,36.77,0.0
2023-03-22,3,Bronx,EAST 179 STREET,Bronx Street,Boston Road,WB,1,36.77,0.0
2023-03-22,4,Bronx,EAST 179 STREET,Bronx Street,Boston Road,WB,0,35.78,0.0
2023-03-22,4,Bronx,EAST 179 STREET,Bronx Street,Boston Road,WB,1,35.78,0.0
2023-03-22,4,Bronx,EAST 179 STREET,Bronx Street,Boston Road,WB,2,35.78,0.0
2023-03-22,4,Bronx,EAST 179 STREET,Bronx Street,Boston Road,WB,1,35.78,0.0
2023-03-22,5,Bronx,EAST 179 STREET,Bronx Street,Boston Road,WB,2,34.88,0.0
2023-03-22,5,Bronx,EAST 179 STREET,Bronx Street,Boston Road,WB,2,34.88,0.0
2023-03-22,5,Bronx,EAST 179 STREET,Bronx Street,Boston Road,WB,6,34.88,0.0
2023-03-22,5,Bronx,EAST 179 STREET,Bronx Street,Boston Road,WB,3,34.88,0.0
2023-03-22,6,Bronx,EAST 179 STREET,Bronx Street,Boston Road,WB,4,35.15,0.0
2023-03-22,6,Bronx,EAST 179 STREET,Bronx Street,Boston Road,WB,6,35.15,0.0
2023-03-22,6,Bronx,EAST 179 STREET,Bronx Street,Boston Road,WB,6,35.15,0.0
2023-03-22,6,Bronx,EAST 179 STREET,Bronx Street,Boston Road,WB,6,35.15,0.0
2023-03-22,7,Bronx,EAST 179 STREET,Bronx Street,Boston Road,WB,10,35.96,0.0
2023-03-22,7,Bronx,EAST 179 STREET,Bronx Street,Boston Road,WB,11,35.96,0.0
2023-03-22,7,Bronx,EAST 179 STREET,Bronx Street,Boston Road,WB,14,35.96,0.0
2023-03-22,7,Bronx,EAST 179 STREET,Bronx Street,Boston Road,WB,7,35.96,0.0
2023-03-22,8,Bronx,EAST 179 STREET,Bronx Street,Boston Road,WB,7,41.18,0.0
2023-03-22,8,Bronx,EAST 179 STREET,Bronx Street,Boston Road,WB,6,41.18,0.0
2023-03-22,8,Bronx,EAST 179 STREET,Bronx Street,Boston Road,WB,6,41.18,0.0
2023-03-22,8,Bronx,EAST 179 STREET,Bronx Street,Boston Road,WB,9,41.18,0.0
2023-03-22,9,Bronx,EAST 179 STREET,Bronx Street,Boston Road,WB,3,43.79,0.0
2023-03-22,9,Bronx,EAST 179 STREET,Bronx Street,Boston Road,WB,10,43.79,0.0
2023-03-22,9,Bronx,EAST 179 STREET,Bronx Street,Boston Road,WB,7,43.79,0.0
2023-03-22,9,Bronx,EAST 179 STREET,Bronx Street,Boston Road,WB,3,43.79,0.0
2023-03-22,10,Bronx,EAST 179 STREET,Bronx Street,Boston Road,WB,3,46.22,0.0
2023-03-22,10,Bronx,EAST 179 STREET,Bronx Street,Boston Road,WB,4,46.22,0.0
2023-03-22,10,Bronx,EAST 179 STREET,Bronx Street,Boston Road,WB,4,46.22,0.0
2023-03-22,10,Bronx,EAST 179 STREET,Bronx Street,Boston Road,WB,3,46.22,0.0
2023-03-22,11,Bronx,EAST 179 STREET,Bronx Street,Boston Road,WB,6,50.54,0.0
2023-03-22,11,Bronx,EAST 179 STREET,Bronx Street,Boston Road,WB,7,50.54,0.0
2023-03-22,11,Bronx,EAST 179 STREET,Bronx Street,Boston Road,WB,9,50.54,0.0
2023-03-22,11,Bronx,EAST 179 STREET,Bronx Street,Boston Road,WB,11,50.54,0.0
2023-03-22,12,Bronx,EAST 179 STREET,Bronx Street,Boston Road,WB,5,52.61,0.0
2023-03-22,12,Bronx,EAST 179 STREET,Bronx Street,Boston Road,WB,4,52.61,0.0
2023-03-22,12,Bronx,EAST 179 STREET,Bronx Street,Boston Road,WB,8,52.61,0.0
2023-03-22,12,Bronx,EAST 179 STREET,Bronx Street,Boston Road,WB,6,52.61,0.0
2023-03-22,13,Bronx,EAST 179 STREET,Bronx Street,Boston Road,WB,5,53.33,0.0
2023-03-22,13,Bronx,EAST 179 STREET,Bronx Street,Boston Road,WB,2,53.33,0.0
2023-03-22,13,Bronx,EAST 179 STREET,Bronx Street,Boston Road,WB,13,53.33,0.0
2023-03-22,13,Bronx,EAST 179 STREET,Bronx Street,Boston Road,WB,6,53.33,0.0
2023-03-22,14,Bronx,EAST 179 STREET,Bronx Street,Boston Road,WB,5,54.41,0.0
2023-03-22,14,Bronx,EAST 179 STREET,Bronx Street,Boston Road,WB,6,54.41,0.0
2023-03-22,14,Bronx,EAST 179 STREET,Bronx Street,Boston Road,WB,12,54.41,0.0
2023-03-22,14,Bronx,EAST 179 STREET,Bronx Street,Boston Road,WB,1,54.41,0.0
2023-03-22,15,Bronx,EAST 179 STREET,Bronx Street,Boston Road,WB,6,51.98,0.0
2023-03-22,15,Bronx,EAST 179 STREET,Bronx Street,Boston Road,WB,5,51.98,0.0
2023-03-22,15,Bronx,EAST 179 STREET,Bronx Street,Boston Road,WB,11,51.98,0.0
2023-03-22,15,Bronx,EAST 179 STREET,Bronx Street,Boston Road,WB,7,51.98,0.0
2023-03-22,16,Bronx,EAST 179 STREET,Bronx Street,Boston Road,WB,10,52.88,0.0
2023-03-22,16,Bronx,EAST 179 STREET,Bronx Street,Boston Road,WB,6,52.88,0.0
2023-03-22,16,Bronx,EAST 179 STREET,Bronx Street,Boston Road,WB,3,52.88,0.0
2023-03-22,16,Bronx,EAST 179 STREET,Bronx Street,Boston Road,WB,5,52.88,0.0
2023-03-22,17,Bronx,EAST 179 STREET,Bronx Street,Boston Road,WB,11,52.34,0.0
2022-01-07,9,Brooklyn,NEPTUNE AVENUE,Brighton 10 Street,Gray Court,WB,76,28.4,0.027559055
2022-01-07,10,Brooklyn,NEPTUNE AVENUE,Brighton 10 Street,Gray Court,WB,87,28.13,0.0118110245
2022-01-07,10,Brooklyn,NEPTUNE AVENUE,Brighton 10 Street,Gray Court,WB,99,28.13,0.0118110245
2022-01-07,10,Brooklyn,NEPTUNE AVENUE,Brighton 10 Street,Gray Court,WB,89,28.13,0.0118110245
2022-01-07,10,Brooklyn,NEPTUNE AVENUE,Brighton 10 Street,Gray Court,WB,82,28.13,0.0118110245
2022-01-07,11,Brooklyn,NEPTUNE AVENUE,Brighton 10 Street,Gray Court,WB,101,29.03,0.0
2022-01-07,11,Brooklyn,NEPTUNE AVENUE,Brighton 10 Street,Gray Court,WB,92,29.03,0.0
2022-01-07,11,Brooklyn,NEPTUNE AVENUE,Brighton 10 Street,Gray Court,WB,94,29.03,0.0
2022-01-07,11,Brooklyn,NEPTUNE AVENUE,Brighton 10 Street,Gray Court,WB,105,29.03,0.0
2022-01-07,12,Brooklyn,NEPTUNE AVENUE,Brighton 10 Street,Gray Court,WB,115,30.56,0.0
2022-01-07,12,Brooklyn,NEPTUNE AVENUE,Brighton 10 Street,Gray Court,WB,100,30.56,0.0
2022-01-07,12,Brooklyn,NEPTUNE AVENUE,Brighton 10 Street,Gray Court,WB,101,30.56,0.0
2022-01-07,12,Brooklyn,NEPTUNE AVENUE,Brighton 10 Street,Gray Court,WB,117,30.56,0.0
2022-01-07,13,Brooklyn,NEPTUNE AVENUE,Brighton 10 Street,Gray Court,WB,125,31.19,0.0
2022-01-07,13,Brooklyn,NEPTUNE AVENUE,Brighton 10 Street,Gray Court,WB,110,31.19,0.0
2022-01-07,13,Brooklyn,NEPTUNE AVENUE,Brighton 10 Street,Gray Court,WB,111,31.19,0.0
2022-01-07,13,Brooklyn,NEPTUNE AVENUE,Brighton 10 Street,Gray Court,WB,100,31.19,0.0
2022-01-07,14,Brooklyn,NEPTUNE AVENUE,Brighton 10 Street,Gray Court,WB,123,31.55,0.0
2022-01-07,14,Brooklyn,NEPTUNE AVENUE,Brighton 10 Street,Gray Court,WB,115,31.55,0.0
2022-01-07,14,Brooklyn,NEPTUNE AVENUE,Brighton 10 Street,Gray Court,WB,115,31.55,0.0
2022-01-07,14,Brooklyn,NEPTUNE AVENUE,Brighton 10 Street,Gray Court,WB,138,31.55,0.0
2022-01-07,15,Brooklyn,NEPTUNE AVENUE,Brighton 10 Street,Gray Court,WB,152,31.37,0.0
2022-01-07,15,Brooklyn,NEPTUNE AVENUE,Brighton 10 Street,Gray Court,WB,148,31.37,0.0
2022-01-07,15,Brooklyn,NEPTUNE AVENUE,Brighton 10 Street,Gray Court,WB,162,31.37,0.0
2022-01-07,15,Brooklyn,NEPTUNE AVENUE,Brighton 10 Street,Gray Court,WB,135,31.37,0.0
2022-01-07,16,Brooklyn,NEPTUNE AVENUE,Brighton 10 Street,Gray Court,WB,140,30.65,0.0
2022-01-07,16,Brooklyn,NEPTUNE AVENUE,Brighton 10 Street,Gray Court,WB,137,30.65,0.0
2022-01-07,16,Brooklyn,NEPTUNE AVENUE,Brighton 10 Street,Gray Court,WB,141,30.65,0.0
2022-01-07,16,Brooklyn,NEPTUNE AVENUE,Brighton 10 Street,Gray Court,WB,133,30.65,0.0
2022-01-07,17,Brooklyn,NEPTUNE AVENUE,Brighton 10 Street,Gray Court,WB,141,29.119999,0.0
2022-01-07,17,Brooklyn,NEPTUNE AVENUE,Brighton 10 Street,Gray Court,WB,129,29.119999,0.0
2022-01-07,17,Brooklyn,NEPTUNE AVENUE,Brighton 10 Street,Gray Court,WB,119,29.119999,0.0
2022-01-07,17,Brooklyn,NEPTUNE AVENUE,Brighton 10 Street,Gray Court,WB,126,29.119999,0.0
2022-01-07,18,Brooklyn,NEPTUNE AVENUE,Brighton 10 Street,Gray Court,WB,142,27.5,0.0
2022-01-07,18,Brooklyn,NEPTUNE AVENUE,Brighton 10 Street,Gray Court,WB,131,27.5,0.0
2022-01-07,18,Brooklyn,NEPTUNE AVENUE,Brighton 10 Street,Gray Court,WB,136,27.5,0.0
2022-01-07,18,Brooklyn,NEPTUNE AVENUE,Brighton 10 Street,Gray Court,WB,130,27.5,0.0
2022-01-07,19,Brooklyn,NEPTUNE AVENUE,Brighton 10 Street,Gray Court,WB,104,26.689999,0.0
2022-01-07,19,Brooklyn,NEPTUNE AVENUE,Brighton 10 Street,Gray Court,WB,85,26.689999,0.0
2022-01-07,19,Brooklyn,NEPTUNE AVENUE,Brighton 10 Street,Gray Court,WB,98,26.689999,0.0
2022-01-07,19,Brooklyn,NEPTUNE AVENUE,Brighton 10 Street,Gray Court,WB,97,26.689999,0.0
2022-01-07,20,Brooklyn,NEPTUNE AVENUE,Brighton 10 Street,Gray Court,WB,80,26.6,0.0
2022-01-07,20,Brooklyn,NEPTUNE AVENUE,Brighton 10 Street,Gray Court,WB,73,26.6,0.0
2022-01-07,20,Brooklyn,NEPTUNE AVENUE,Brighton 10 Street,Gray Court,WB,67,26.6,0.0
2022-01-07,20,Brooklyn,NEPTUNE AVENUE,Brighton 10 Street,Gray Court,WB,68,26.6,0.0
2022-01-07,21,Brooklyn,NEPTUNE AVENUE,Brighton 10 Street,Gray Court,WB,58,25.25,0.0
2022-01-07,21,Brooklyn,NEPTUNE AVENUE,Brighton 10 Street,Gray Court,WB,51,25.25,0.0
2022-01-07,21,Brooklyn,NEPTUNE AVENUE,Brighton 10 Street,Gray Court,WB,57,25.25,0.0
2022-01-07,21,Brooklyn,NEPTUNE AVENUE,Brighton 10 Street,Gray Court,WB,45,25.25,0.0
2022-01-07,22,Brooklyn,NEPTUNE AVENUE,Brighton 10 Street,Gray Court,WB,48,23.63,0.0
2022-01-07,22,Brooklyn,NEPTUNE AVENUE,Brighton 10 Street,Gray Court,WB,46,23.63,0.0
2022-01-07,22,Brooklyn,NEPTUNE AVENUE,Brighton 10 Street,Gray Court,WB,39,23.63,0.0
2022-01-07,22,Brooklyn,NEPTUNE AVENUE,Brighton 10 Street,Gray Court,WB,25,23.63,0.0
2022-01-07,23,Brooklyn,NEPTUNE AVENUE,Brighton 10 Street,Gray Court,WB,40,21.74,0.0
2022-01-07,23,Brooklyn,NEPTUNE AVENUE,Brighton 10 Street,Gray Court,WB,34,21.74,0.0
2022-01-07,23,Brooklyn,NEPTUNE AVENUE,Brighton 10 Street,Gray Court,WB,36,21.74,0.0
2022-01-07,23,Brooklyn,NEPTUNE AVENUE,Brighton 10 Street,Gray Court,WB,35,21.74,0.0
2022-01-08,0,Brooklyn,NEPTUNE AVENUE,Brighton 10 Street,Gray Court,WB,26,20.75,0.0
2022-01-08,0,Brooklyn,NEPTUNE AVENUE,Brighton 10 Street,Gray Court,WB,34,20.75,0.0
2022-01-08,0,Brooklyn,NEPTUNE AVENUE,Brighton 10 Street,Gray Court,WB,25,20.75,0.0
2022-01-08,0,Brooklyn,NEPTUNE AVENUE,Brighton 10 Street,Gray Court,WB,14,20.75,0.0
2022-01-08,1,Brooklyn,NEPTUNE AVENUE,Brighton 10 Street,Gray Court,WB,27,21.38,0.0
2022-01-08,1,Brooklyn,NEPTUNE AVENUE,Brighton 10 Street,Gray Court,WB,12,21.38,0.0
2022-01-08,1,Brooklyn,NEPTUNE AVENUE,Brighton 10 Street,Gray Court,WB,17,21.38,0.0
2022-01-08,1,Brooklyn,NEPTUNE AVENUE,Brighton 10 Street,Gray Court,WB,12,21.38,0.0
2022-01-08,2,Brooklyn,NEPTUNE AVENUE,Brighton 10 Street,Gray Court,WB,11,21.02,0.0
2022-01-08,2,Brooklyn,NEPTUNE AVENUE,Brighton 10 Street,Gray Court,WB,14,21.02,0.0
2022-01-08,2,Brooklyn,NEPTUNE AVENUE,Brighton 10 Street,Gray Court,WB,6,21.02,0.0
2022-01-08,2,Brooklyn,NEPTUNE AVENUE,Brighton 10 Street,Gray Court,WB,7,21.02,0.0
2022-01-08,3,Brooklyn,NEPTUNE AVENUE,Brighton 10 Street,Gray Court,WB,13,20.029999,0.0
2022-01-08,3,Brooklyn,NEPTUNE AVENUE,Brighton 10 Street,Gray Court,WB,6,20.029999,0.0
2022-01-08,3,Brooklyn,NEPTUNE AVENUE,Brighton 10 Street,Gray Court,WB,14,20.029999,0.0
2022-01-08,3,Brooklyn,NEPTUNE AVENUE,Brighton 10 Street,Gray Court,WB,9,20.029999,0.0
2022-01-08,4,Brooklyn,NEPTUNE AVENUE,Brighton 10 Street,Gray Court,WB,5,18.95,0.0
2022-01-08,4,Brooklyn,NEPTUNE AVENUE,Brighton 10 Street,Gray Court,WB,10,18.95,0.0
2022-01-08,4,Brooklyn,NEPTUNE AVENUE,Brighton 10 Street,Gray Court,WB,6,18.95,0.0
2022-01-08,4,Brooklyn,NEPTUNE AVENUE,Brighton 10 Street,Gray Court,WB,10,18.95,0.0
2022-01-08,5,Brooklyn,NEPTUNE AVENUE,Brighton 10 Street,Gray Court,WB,8,17.42,0.0
2022-01-08,5,Brooklyn,NEPTUNE AVENUE,Brighton 10 Street,Gray Court,WB,11,17.42,0.0
2022-01-08,5,Brooklyn,NEPTUNE AVENUE,Brighton 10 Street,Gray Court,WB,16,17.42,0.0
2022-01-08,5,Brooklyn,NEPTUNE AVENUE,Brighton 10 Street,Gray Court,WB,13,17.42,0.0
2022-01-08,6,Brooklyn,NEPTUNE AVENUE,Brighton 10 Street,Gray Court,WB,12,14.9,0.0
2022-01-08,6,Brooklyn,NEPTUNE AVENUE,Brighton 10 Street,Gray Court,WB,19,14.9,0.0
2022-01-08,6,Brooklyn,NEPTUNE AVENUE,Brighton 10 Street,Gray Court,WB,17,14.9,0.0
2022-01-08,6,Brooklyn,NEPTUNE AVENUE,Brighton 10 Street,Gray Court,WB,24,14.9,0.0
2022-01-08,7,Brooklyn,NEPTUNE AVENUE,Brighton 10 Street,Gray Court,WB,28,14.450001,0.0
2022-01-08,7,Brooklyn,NEPTUNE AVENUE,Brighton 10 Street,Gray Court,WB,26,14.450001,0.0
2022-01-08,7,Brooklyn,NEPTUNE AVENUE,Brighton 10 Street,Gray Court,WB,26,14.450001,0.0
2022-01-08,7,Brooklyn,NEPTUNE AVENUE,Brighton 10 Street,Gray Court,WB,32,14.450001,0.0
2022-01-08,8,Brooklyn,NEPTUNE AVENUE,Brighton 10 Street,Gray Court,WB,32,16.25,0.0
2022-01-08,8,Brooklyn,NEPTUNE AVENUE,Brighton 10 Street,Gray Court,WB,41,16.25,0.0
2022-01-08,8,Brooklyn,NEPTUNE AVENUE,Brighton 10 Street,Gray Court,WB,30,16.25,0.0
2022-01-08,8,Brooklyn,NEPTUNE AVENUE,Brighton 10 Street,Gray Court,WB,54,16.25,0.0
2022-01-08,9,Brooklyn,NEPTUNE AVENUE,Brighton 10 Street,Gray Court,WB,49,17.509998,0.0
2022-01-08,9,Brooklyn,NEPTUNE AVENUE,Brighton 10 Street,Gray Court,WB,54,17.509998,0.0
2022-01-08,9,Brooklyn,NEPTUNE AVENUE,Brighton 10 Street,Gray Court,WB,46,17.509998,0.0
2022-01-08,9,Brooklyn,NEPTUNE AVENUE,Brighton 10 Street,Gray Court,WB,82,17.509998,0.0
2022-01-08,10,Brooklyn,NEPTUNE AVENUE,Brighton 10 Street,Gray Court,WB,80,17.96,0.0
2022-01-08,10,Brooklyn,NEPTUNE AVENUE,Brighton 10 Street,Gray Court,WB,78,17.96,0.0
2022-01-08,10,Brooklyn,NEPTUNE AVENUE,Brighton 10 Street,Gray Court,WB,78,17.96,0.0
2022-01-08,10,Brooklyn,NEPTUNE AVENUE,Brighton 10 Street,Gray Court,WB,98,17.96,0.0
2022-01-08,11,Brooklyn,NEPTUNE AVENUE,Brighton 10 Street,Gray Court,WB,91,19.49,0.0
2022-01-08,11,Brooklyn,NEPTUNE AVENUE,Brighton 10 Street,Gray Court,WB,93,19.49,0.0
2022-01-08,11,Brooklyn,NEPTUNE AVENUE,Brighton 10 Street,Gray Court,WB,90,19.49,0.0
2022-01-08,11,Brooklyn,NEPTUNE AVENUE,Brighton 10 Street,Gray Court,WB,94,19.49,0.0
2021-04-11,21,Bronx,VAN CORTLANDT PARK EAST,Dead End,Dead end,NB,15,48.83,0.05511811
2021-04-11,21,Bronx,VAN CORTLANDT PARK EAST,Dead End,Dead end,NB,19,48.83,0.05511811
2021-04-11,22,Bronx,VAN CORTLANDT PARK EAST,Dead End,Dead end,NB,15,48.47,0.062992126
2021-04-11,22,Bronx,VAN CORTLANDT PARK EAST,Dead End,Dead end,NB,16,48.47,0.062992126
2021-04-11,22,Bronx,VAN CORTLANDT PARK EAST,Dead End,Dead end,NB,10,48.47,0.062992126
2021-04-11,22,Bronx,VAN CORTLANDT PARK EAST,Dead End,Dead end,NB,20,48.47,0.062992126
2021-04-11,23,Bronx,VAN CORTLANDT PARK EAST,Dead End,Dead end,NB,8,48.2,0.03543307
2021-04-11,23,Bronx,VAN CORTLANDT PARK EAST,Dead End,Dead end,NB,17,48.2,0.03543307
2021-04-11,23,Bronx,VAN CORTLANDT PARK EAST,Dead End,Dead end,NB,16,48.2,0.03543307
2021-04-11,23,Bronx,VAN CORTLANDT PARK EAST,Dead End,Dead end,NB,12,48.2,0.03543307
2021-04-12,0,Bronx,VAN CORTLANDT PARK EAST,Dead End,Dead end,NB,10,47.66,0.031496063
2021-04-12,0,Bronx,VAN CORTLANDT PARK EAST,Dead End,Dead end,NB,6,47.66,0.031496063
2021-04-12,0,Bronx,VAN CORTLANDT PARK EAST,Dead End,Dead end,NB,8,47.66,0.031496063
2021-04-12,0,Bronx,VAN CORTLANDT PARK EAST,Dead End,Dead end,NB,6,47.66,0.031496063
2021-04-12,1,Bronx,VAN CORTLANDT PARK EAST,Dead End,Dead end,NB,12,47.3,0.047244098
2021-04-12,1,Bronx,VAN CORTLANDT PARK EAST,Dead End,Dead end,NB,7,47.3,0.047244098
2021-04-12,1,Bronx,VAN CORTLANDT PARK EAST,Dead End,Dead end,NB,3,47.3,0.047244098
2021-04-12,1,Bronx,VAN CORTLANDT PARK EAST,Dead End,Dead end,NB,3,47.3,0.047244098
2021-04-12,2,Bronx,VAN CORTLANDT PARK EAST,Dead End,Dead end,NB,4,46.49,0.03543307
2021-04-12,2,Bronx,VAN CORTLANDT PARK EAST,Dead End,Dead end,NB,2,46.49,0.03543307
2021-04-12,2,Bronx,VAN CORTLANDT PARK EAST,Dead End,Dead end,NB,2,46.49,0.03543307
2021-04-12,2,Bronx,VAN CORTLANDT PARK EAST,Dead End,Dead end,NB,0,46.49,0.03543307
2021-04-12,3,Bronx,VAN CORTLANDT PARK EAST,Dead End,Dead end,NB,1,45.68,0.01968504
2021-04-12,3,Bronx,VAN CORTLANDT PARK EAST,Dead End,Dead end,NB,2,45.68,0.01968504
2021-04-12,3,Bronx,VAN CORTLANDT PARK EAST,Dead End,Dead end,NB,1,45.68,0.01968504
2021-04-12,3,Bronx,VAN CORTLANDT PARK EAST,Dead End,Dead end,NB,4,45.68,0.01968504
2021-04-12,4,Bronx,VAN CORTLANDT PARK EAST,Dead End,Dead end,NB,4,45.14,0.0118110245
2021-04-12,4,Bronx,VAN CORTLANDT PARK EAST,Dead End,Dead end,NB,4,45.14,0.0118110245
2021-04-12,4,Bronx,VAN CORTLANDT PARK EAST,Dead End,Dead end,NB,4,45.14,0.0118110245
2021-04-12,4,Bronx,VAN CORTLANDT PARK EAST,Dead End,Dead end,NB,6,45.14,0.0118110245
2021-04-12,5,Bronx,VAN CORTLANDT PARK EAST,Dead End,Dead end,NB,7,44.690002,0.003937008
2021-04-12,5,Bronx,VAN CORTLANDT PARK EAST,Dead End,Dead end,NB,16,44.690002,0.003937008
2021-04-12,5,Bronx,VAN CORTLANDT PARK EAST,Dead End,Dead end,NB,14,44.690002,0.003937008
2021-04-12,5,Bronx,VAN CORTLANDT PARK EAST,Dead End,Dead end,NB,11,44.690002,0.003937008
2021-04-12,6,Bronx,VAN CORTLANDT PARK EAST,Dead End,Dead end,NB,14,44.510002,0.0
2021-04-12,6,Bronx,VAN CORTLANDT PARK EAST,Dead End,Dead end,NB,14,44.510002,0.0
2021-04-12,6,Bronx,VAN CORTLANDT PARK EAST,Dead End,Dead end,NB,27,44.510002,0.0
2021-04-12,6,Bronx,VAN CORTLANDT PARK EAST,Dead End,Dead end,NB,17,44.510002,0.0
2021-04-12,7,Bronx,VAN CORTLANDT PARK EAST,Dead End,Dead end,NB,37,44.510002,0.0
2021-04-12,7,Bronx,VAN CORTLANDT PARK EAST,Dead End,Dead end,NB,27,44.510002,0.0
2021-04-12,7,Bronx,VAN CORTLANDT PARK EAST,Dead End,Dead end,NB,45,44.510002,0.0
2021-04-12,7,Bronx,VAN CORTLANDT PARK EAST,Dead End,Dead end,NB,36,44.510002,0.0
2021-04-12,8,Bronx,VAN CORTLANDT PARK EAST,Dead End,Dead end,NB,47,44.78,0.0
2021-04-12,8,Bronx,VAN CORTLANDT PARK EAST,Dead End,Dead end,NB,45,44.78,0.0
2021-04-12,8,Bronx,VAN CORTLANDT PARK EAST,Dead End,Dead end,NB,64,44.78,0.0
2021-04-12,8,Bronx,VAN CORTLANDT PARK EAST,Dead End,Dead end,NB,35,44.78,0.0
2021-04-12,9,Bronx,VAN CORTLANDT PARK EAST,Dead End,Dead end,NB,37,45.59,0.015748031
2021-04-12,9,Bronx,VAN CORTLANDT PARK EAST,Dead End,Dead end,NB,39,45.59,0.015748031
2021-04-12,9,Bronx,VAN CORTLANDT PARK EAST,Dead End,Dead end,NB,38,45.59,0.015748031
2021-04-12,9,Bronx,VAN CORTLANDT PARK EAST,Dead End,Dead end,NB,42,45.59,0.015748031
2021-04-12,10,Bronx,VAN CORTLANDT PARK EAST,Dead End,Dead end,NB,39,46.04,0.015748031
2021-04-12,10,Bronx,VAN CORTLANDT PARK EAST,Dead End,Dead end,NB,41,46.04,0.015748031
2021-04-12,10,Bronx,VAN CORTLANDT PARK EAST,Dead End,Dead end,NB,52,46.04,0.015748031
2021-04-12,10,Bronx,VAN CORTLANDT PARK EAST,Dead End,Dead end,NB,46,46.04,0.015748031
2021-04-12,11,Bronx,VAN CORTLANDT PARK EAST,Dead End,Dead end,NB,37,46.85,0.015748031
2021-04-12,11,Bronx,VAN CORTLANDT PARK EAST,Dead End,Dead end,NB,49,46.85,0.015748031
2021-04-12,11,Bronx,VAN CORTLANDT PARK EAST,Dead End,Dead end,NB,47,46.85,0.015748031
2021-04-12,11,Bronx,VAN CORTLANDT PARK EAST,Dead End,Dead end,NB,50,46.85,0.015748031
2021-04-12,12,Bronx,VAN CORTLANDT PARK EAST,Dead End,Dead end,NB,58,47.48,0.0118110245
2021-04-12,12,Bronx,VAN CORTLANDT PARK EAST,Dead End,Dead end,NB,49,47.48,0.0118110245
2021-04-12,12,Bronx,VAN CORTLANDT PARK EAST,Dead End,Dead end,NB,51,47.48,0.0118110245
2021-04-12,12,Bronx,VAN CORTLANDT PARK EAST,Dead End,Dead end,NB,39,47.48,0.0118110245
2021-04-12,13,Bronx,VAN CORTLANDT PARK EAST,Dead End,Dead end,NB,48,48.11,0.007874016
2021-04-12,13,Bronx,VAN CORTLANDT PARK EAST,Dead End,Dead end,NB,40,48.11,0.007874016
2021-04-12,13,Bronx,VAN CORTLANDT PARK EAST,Dead End,Dead end,NB,38,48.11,0.007874016
2021-04-12,13,Bronx,VAN CORTLANDT PARK EAST,Dead End,Dead end,NB,44,48.11,0.007874016
2021-04-12,14,Bronx,VAN CORTLANDT PARK EAST,Dead End,Dead end,NB,48,48.92,0.007874016
2021-04-12,14,Bronx,VAN CORTLANDT PARK EAST,Dead End,Dead end,NB,57,48.92,0.007874016
2021-04-12,14,Bronx,VAN CORTLANDT PARK EAST,Dead End,Dead end,NB,64,48.92,0.007874016
2021-04-12,14,Bronx,VAN CORTLANDT PARK EAST,Dead End,Dead end,NB,57,48.92,0.007874016
2021-04-12,15,Bronx,VAN CORTLANDT PARK EAST,Dead End,Dead end,NB,56,49.190002,0.007874016
2021-04-12,15,Bronx,VAN CORTLANDT PARK EAST,Dead End,Dead end,NB,60,49.190002,0.007874016
2021-04-12,15,Bronx,VAN CORTLANDT PARK EAST,Dead End,Dead end,NB,50,49.190002,0.007874016
2021-04-12,15,Bronx,VAN CORTLANDT PARK EAST,Dead End,Dead end,NB,59,49.190002,0.007874016
2021-04-12,16,Bronx,VAN CORTLANDT PARK EAST,Dead End,Dead end,NB,60,48.83,0.007874016
2021-04-12,16,Bronx,VAN CORTLANDT PARK EAST,Dead End,Dead end,NB,54,48.83,0.007874016
2021-04-12,16,Bronx,VAN CORTLANDT PARK EAST,Dead End,Dead end,NB,61,48.83,0.007874016
2021-04-12,16,Bronx,VAN CORTLANDT PARK EAST,Dead End,Dead end,NB,63,48.83,0.007874016
2021-04-12,17,Bronx,VAN CORTLANDT PARK EAST,Dead End,Dead end,NB,65,48.38,0.023622049
2021-04-12,17,Bronx,VAN CORTLANDT PARK EAST,Dead End,Dead end,NB,56,48.38,0.023622049
2021-04-12,17,Bronx,VAN CORTLANDT PARK EAST,Dead End,Dead end,NB,68,48.38,0.023622049
2021-04-12,17,Bronx,VAN CORTLANDT PARK EAST,Dead End,Dead end,NB,52,48.38,0.023622049
2021-04-12,18,Bronx,VAN CORTLANDT PARK EAST,Dead End,Dead end,NB,49,47.93,0.03543307
2021-04-12,18,Bronx,VAN CORTLANDT PARK EAST,Dead End,Dead end,NB,40,47.93,0.03543307
2021-04-12,18,Bronx,VAN CORTLANDT PARK EAST,Dead End,Dead end,NB,47,47.93,0.03543307
2021-04-12,18,Bronx,VAN CORTLANDT PARK EAST,Dead End,Dead end,NB,51,47.93,0.03543307
2021-04-12,19,Bronx,VAN CORTLANDT PARK EAST,Dead End,Dead end,NB,49,47.75,0.047244098
2021-04-12,19,Bronx,VAN CORTLANDT PARK EAST,Dead End,Dead end,NB,43,47.75,0.047244098
2021-04-12,19,Bronx,VAN CORTLANDT PARK EAST,Dead End,Dead end,NB,52,47.75,0.047244098
2021-04-12,19,Bronx,VAN CORTLANDT PARK EAST,Dead End,Dead end,NB,44,47.75,0.047244098
2021-04-12,20,Bronx,VAN CORTLANDT PARK EAST,Dead End,Dead end,NB,32,47.48,0.06692914
2021-04-12,20,Bronx,VAN CORTLANDT PARK EAST,Dead End,Dead end,NB,26,47.48,0.06692914
2021-04-12,20,Bronx,VAN CORTLANDT PARK EAST,Dead End,Dead end,NB,29,47.48,0.06692914
2021-04-12,20,Bronx,VAN CORTLANDT PARK EAST,Dead End,Dead end,NB,18,47.48,0.06692914
2021-04-12,21,Bronx,VAN CORTLANDT PARK EAST,Dead End,Dead end,NB,21,47.21,0.0511811
2021-04-12,21,Bronx,VAN CORTLANDT PARK EAST,Dead End,Dead end,NB,14,47.21,0.0511811
2021-04-12,21,Bronx,VAN CORTLANDT PARK EAST,Dead End,Dead end,NB,14,47.21,0.0511811
2021-04-12,21,Bronx,VAN CORTLANDT PARK EAST,Dead End,Dead end,NB,17,47.21,0.0511811
2021-04-12,22,Bronx,VAN CORTLANDT PARK EAST,Dead End,Dead end,NB,19,47.21,0.05905512
2021-04-12,22,Bronx,VAN CORTLANDT PARK EAST,Dead End,Dead end,NB,15,47.21,0.05905512
2021-04-12,22,Bronx,VAN CORTLANDT PARK EAST,Dead End,Dead end,NB,13,47.21,0.05905512
2021-04-12,22,Bronx,VAN CORTLANDT PARK EAST,Dead End,Dead end,NB,13,47.21,0.05905512
2021-04-12,23,Bronx,VAN CORTLANDT PARK EAST,Dead End,Dead end,NB,12,46.67,0.05511811
2021-04-12,23,Bronx,VAN CORTLANDT PARK EAST,Dead End,Dead end,NB,9,46.67,0.05511811
2021-04-12,23,Bronx,VAN CORTLANDT PARK EAST,Dead End,Dead end,NB,13,46.67,0.05511811
2022-05-19,23,Queens,RIKERS ISLAND BRIDGE,Rikers Is Bridge,Dead end,SB,64,56.75,0.0
2022-05-19,23,Queens,RIKERS ISLAND BRIDGE,Rikers Is Bridge,Dead end,SB,40,56.75,0.0
2022-05-19,23,Queens,RIKERS ISLAND BRIDGE,Rikers Is Bridge,Dead end,SB,21,56.75,0.0
2022-05-19,23,Queens,RIKERS ISLAND BRIDGE,Rikers Is Bridge,Dead end,SB,20,56.75,0.0
2022-05-20,0,Queens,RIKERS ISLAND BRIDGE,Rikers Is Bridge,Dead end,SB,21,55.940002,0.0
2022-05-20,0,Queens,RIKERS ISLAND BRIDGE,Rikers Is Bridge,Dead end,SB,12,55.940002,0.0
2022-05-20,0,Queens,RIKERS ISLAND BRIDGE,Rikers Is Bridge,Dead end,SB,14,55.940002,0.0
2022-05-20,0,Queens,RIKERS ISLAND BRIDGE,Rikers Is Bridge,Dead end,SB,12,55.940002,0.0
2022-05-20,1,Queens,RIKERS ISLAND BRIDGE,Rikers Is Bridge,Dead end,SB,10,55.04,0.0
2022-05-20,1,Queens,RIKERS ISLAND BRIDGE,Rikers Is Bridge,Dead end,SB,7,55.04,0.0
2022-05-20,1,Queens,RIKERS ISLAND BRIDGE,Rikers Is Bridge,Dead end,SB,8,55.04,0.0
2022-05-20,1,Queens,RIKERS ISLAND BRIDGE,Rikers Is Bridge,Dead end,SB,5,55.04,0.0
2022-05-20,2,Queens,RIKERS ISLAND BRIDGE,Rikers Is Bridge,Dead end,SB,2,54.5,0.0
2022-05-20,2,Queens,RIKERS ISLAND BRIDGE,Rikers Is Bridge,Dead end,SB,11,54.5,0.0
2022-05-20,2,Queens,RIKERS ISLAND BRIDGE,Rikers Is Bridge,Dead end,SB,5,54.5,0.0
2022-05-20,2,Queens,RIKERS ISLAND BRIDGE,Rikers Is Bridge,Dead end,SB,6,54.5,0.0
2022-05-20,3,Queens,RIKERS ISLAND BRIDGE,Rikers Is Bridge,Dead end,SB,9,52.79,0.0
2022-05-20,3,Queens,RIKERS ISLAND BRIDGE,Rikers Is Bridge,Dead end,SB,4,52.79,0.0
2022-05-20,3,Queens,RIKERS ISLAND BRIDGE,Rikers Is Bridge,Dead end,SB,12,52.79,0.0
2022-05-20,3,Queens,RIKERS ISLAND BRIDGE,Rikers Is Bridge,Dead end,SB,17,52.79,0.0
2022-05-20,4,Queens,RIKERS ISLAND BRIDGE,Rikers Is Bridge,Dead end,SB,23,52.43,0.0
2022-05-20,4,Queens,RIKERS ISLAND BRIDGE,Rikers Is Bridge,Dead end,SB,19,52.43,0.0
2022-05-20,4,Queens,RIKERS ISLAND BRIDGE,Rikers Is Bridge,Dead end,SB,15,52.43,0.0
2022-05-20,4,Queens,RIKERS ISLAND BRIDGE,Rikers Is Bridge,Dead end,SB,16,52.43,0.0
2022-05-20,5,Queens,RIKERS ISLAND BRIDGE,Rikers Is Bridge,Dead end,SB,25,52.07,0.0
2022-05-20,5,Queens,RIKERS ISLAND BRIDGE,Rikers Is Bridge,Dead end,SB,32,52.07,0.0
2022-05-20,5,Queens,RIKERS ISLAND BRIDGE,Rikers Is Bridge,Dead end,SB,31,52.07,0.0
2022-05-20,5,Queens,RIKERS ISLAND BRIDGE,Rikers Is Bridge,Dead end,SB,81,52.07,0.0
2022-05-20,6,Queens,RIKERS ISLAND BRIDGE,Rikers Is Bridge,Dead end,SB,61,53.059998,0.0
2022-05-20,6,Queens,RIKERS ISLAND BRIDGE,Rikers Is Bridge,Dead end,SB,46,53.059998,0.0
2022-05-20,6,Queens,RIKERS ISLAND BRIDGE,Rikers Is Bridge,Dead end,SB,57,53.059998,0.0
2022-05-20,6,Queens,RIKERS ISLAND BRIDGE,Rikers Is Bridge,Dead end,SB,58,53.059998,0.0
2022-05-20,7,Queens,RIKERS ISLAND BRIDGE,Rikers Is Bridge,Dead end,SB,78,56.12,0.0
2022-05-20,7,Queens,RIKERS ISLAND BRIDGE,Rikers Is Bridge,Dead end,SB,55,56.12,0.0
2022-05-20,7,Queens,RIKERS ISLAND BRIDGE,Rikers Is Bridge,Dead end,SB,61,56.12,0.0
2022-05-20,7,Queens,RIKERS ISLAND BRIDGE,Rikers Is Bridge,Dead end,SB,43,56.12,0.0
2022-05-20,8,Queens,RIKERS ISLAND BRIDGE,Rikers Is Bridge,Dead end,SB,39,59.719997,0.0
2022-05-20,8,Queens,RIKERS ISLAND BRIDGE,Rikers Is Bridge,Dead end,SB,25,59.719997,0.0
2022-05-20,8,Queens,RIKERS ISLAND BRIDGE,Rikers Is Bridge,Dead end,SB,22,59.719997,0.0
2022-05-20,8,Queens,RIKERS ISLAND BRIDGE,Rikers Is Bridge,Dead end,SB,15,59.719997,0.0
2022-05-20,9,Queens,RIKERS ISLAND BRIDGE,Rikers Is Bridge,Dead end,SB,27,63.59,0.0
2022-05-20,9,Queens,RIKERS ISLAND BRIDGE,Rikers Is Bridge,Dead end,SB,42,63.59,0.0
2022-05-20,9,Queens,RIKERS ISLAND BRIDGE,Rikers Is Bridge,Dead end,SB,56,63.59,0.0
2022-05-20,9,Queens,RIKERS ISLAND BRIDGE,Rikers Is Bridge,Dead end,SB,64,63.59,0.0
2022-05-20,10,Queens,RIKERS ISLAND BRIDGE,Rikers Is Bridge,Dead end,SB,40,66.56,0.0
2022-05-20,10,Queens,RIKERS ISLAND BRIDGE,Rikers Is Bridge,Dead end,SB,37,66.56,0.0
2022-05-20,10,Queens,RIKERS ISLAND BRIDGE,Rikers Is Bridge,Dead end,SB,45,66.56,0.0
2022-05-20,10,Queens,RIKERS ISLAND BRIDGE,Rikers Is Bridge,Dead end,SB,65,66.56,0.0
2022-05-20,11,Queens,RIKERS ISLAND BRIDGE,Rikers Is Bridge,Dead end,SB,50,69.08,0.0
2022-05-20,11,Queens,RIKERS ISLAND BRIDGE,Rikers Is Bridge,Dead end,SB,53,69.08,0.0
2022-05-20,11,Queens,RIKERS ISLAND BRIDGE,Rikers Is Bridge,Dead end,SB,60,69.08,0.0
2022-05-20,11,Queens,RIKERS ISLAND BRIDGE,Rikers Is Bridge,Dead end,SB,44,69.08,0.0
2022-05-20,12,Queens,RIKERS ISLAND BRIDGE,Rikers Is Bridge,Dead end,SB,79,69.8,0.0
2022-05-20,12,Queens,RIKERS ISLAND BRIDGE,Rikers Is Bridge,Dead end,SB,79,69.8,0.0
2022-05-20,12,Queens,RIKERS ISLAND BRIDGE,Rikers Is Bridge,Dead end,SB,98,69.8,0.0
2022-05-20,12,Queens,RIKERS ISLAND BRIDGE,Rikers Is Bridge,Dead end,SB,59,69.8,0.0
2022-05-20,13,Queens,RIKERS ISLAND BRIDGE,Rikers Is Bridge,Dead end,SB,98,68.81,0.0
2022-05-20,13,Queens,RIKERS ISLAND BRIDGE,Rikers Is Bridge,Dead end,SB,83,68.81,0.0
2022-05-20,13,Queens,RIKERS ISLAND BRIDGE,Rikers Is Bridge,Dead end,SB,96,68.81,0.0
2022-05-20,13,Queens,RIKERS ISLAND BRIDGE,Rikers Is Bridge,Dead end,SB,67,68.81,0.0
2022-05-20,14,Queens,RIKERS ISLAND BRIDGE,Rikers Is Bridge,Dead end,SB,135,68.630005,0.0
2022-05-20,14,Queens,RIKERS ISLAND BRIDGE,Rikers Is Bridge,Dead end,SB,101,68.630005,0.0
2022-05-20,14,Queens,RIKERS ISLAND BRIDGE,Rikers Is Bridge,Dead end,SB,95,68.630005,0.0
2022-05-20,14,Queens,RIKERS ISLAND BRIDGE,Rikers Is Bridge,Dead end,SB,75,68.630005,0.0
2022-05-20,15,Queens,RIKERS ISLAND BRIDGE,Rikers Is Bridge,Dead end,SB,127,71.33,0.0
2022-05-20,15,Queens,RIKERS ISLAND BRIDGE,Rikers Is Bridge,Dead end,SB,121,71.33,0.0
2022-05-20,15,Queens,RIKERS ISLAND BRIDGE,Rikers Is Bridge,Dead end,SB,86,71.33,0.0
2022-05-20,15,Queens,RIKERS ISLAND BRIDGE,Rikers Is Bridge,Dead end,SB,73,71.33,0.0
2022-05-20,16,Queens,RIKERS ISLAND BRIDGE,Rikers Is Bridge,Dead end,SB,63,68.72,0.13385828
2022-05-20,16,Queens,RIKERS ISLAND BRIDGE,Rikers Is Bridge,Dead end,SB,46,68.72,0.13385828
2022-05-20,16,Queens,RIKERS ISLAND BRIDGE,Rikers Is Bridge,Dead end,SB,78,68.72,0.13385828
2022-05-20,16,Queens,RIKERS ISLAND BRIDGE,Rikers Is Bridge,Dead end,SB,58,68.72,0.13385828
2022-05-20,17,Queens,RIKERS ISLAND BRIDGE,Rikers Is Bridge,Dead end,SB,69,65.21,0.122047246
2022-05-20,17,Queens,RIKERS ISLAND BRIDGE,Rikers Is Bridge,Dead end,SB,49,65.21,0.122047246
2022-05-20,17,Queens,RIKERS ISLAND BRIDGE,Rikers Is Bridge,Dead end,SB,80,65.21,0.122047246
2022-05-20,17,Queens,RIKERS ISLAND BRIDGE,Rikers Is Bridge,Dead end,SB,84,65.21,0.122047246
2022-05-20,18,Queens,RIKERS ISLAND BRIDGE,Rikers Is Bridge,Dead end,SB,117,65.48,0.007874016
2022-05-20,18,Queens,RIKERS ISLAND BRIDGE,Rikers Is Bridge,Dead end,SB,112,65.48,0.007874016
2022-05-20,18,Queens,RIKERS ISLAND BRIDGE,Rikers Is Bridge,Dead end,SB,98,65.48,0.007874016
2022-05-20,18,Queens,RIKERS ISLAND BRIDGE,Rikers Is Bridge,Dead end,SB,63,65.48,0.007874016
2022-05-20,19,Queens,RIKERS ISLAND BRIDGE,Rikers Is Bridge,Dead end,SB,46,64.76,0.0
2022-05-20,19,Queens,RIKERS ISLAND BRIDGE,Rikers Is Bridge,Dead end,SB,36,64.76,0.0
2022-05-20,19,Queens,RIKERS ISLAND BRIDGE,Rikers Is Bridge,Dead end,SB,48,64.76,0.0
2022-05-20,19,Queens,RIKERS ISLAND BRIDGE,Rikers Is Bridge,Dead end,SB,47,64.76,0.0
2022-05-20,20,Queens,RIKERS ISLAND BRIDGE,Rikers Is Bridge,Dead end,SB,61,63.95,0.003937008
2022-05-20,20,Queens,RIKERS ISLAND BRIDGE,Rikers Is Bridge,Dead end,SB,92,63.95,0.003937008
2022-05-20,20,Queens,RIKERS ISLAND BRIDGE,Rikers Is Bridge,Dead end,SB,45,63.95,0.003937008
2022-05-20,20,Queens,RIKERS ISLAND BRIDGE,Rikers Is Bridge,Dead end,SB,76,63.95,0.003937008
2022-05-20,21,Queens,RIKERS ISLAND BRIDGE,Rikers Is Bridge,Dead end,SB,43,63.14,0.0
2022-05-20,21,Queens,RIKERS ISLAND BRIDGE,Rikers Is Bridge,Dead end,SB,31,63.14,0.0
2022-05-20,21,Queens,RIKERS ISLAND BRIDGE,Rikers Is Bridge,Dead end,SB,29,63.14,0.0
2022-05-20,21,Queens,RIKERS ISLAND BRIDGE,Rikers Is Bridge,Dead end,SB,13,63.14,0.0
2022-05-20,22,Queens,RIKERS ISLAND BRIDGE,Rikers Is Bridge,Dead end,SB,38,63.05,0.0
2022-05-20,22,Queens,RIKERS ISLAND BRIDGE,Rikers Is Bridge,Dead end,SB,37,63.05,0.0
2022-05-20,22,Queens,RIKERS ISLAND BRIDGE,Rikers Is Bridge,Dead end,SB,67,63.05,0.0
2022-05-20,22,Queens,RIKERS ISLAND BRIDGE,Rikers Is Bridge,Dead end,SB,50,63.05,0.0
2022-05-20,23,Queens,RIKERS ISLAND BRIDGE,Rikers Is Bridge,Dead end,SB,20,62.33,0.0
2022-05-20,23,Queens,RIKERS ISLAND BRIDGE,Rikers Is Bridge,Dead end,SB,79,62.33,0.0
2022-05-20,23,Queens,RIKERS ISLAND BRIDGE,Rikers Is Bridge,Dead end,SB,27,62.33,0.0
2022-05-20,23,Queens,RIKERS ISLAND BRIDGE,Rikers Is Bridge,Dead end,SB,15,62.33,0.0
2022-05-21,0,Queens,RIKERS ISLAND BRIDGE,Rikers Is Bridge,Dead end,SB,9,62.06,0.0
2022-05-21,0,Queens,RIKERS ISLAND BRIDGE,Rikers Is Bridge,Dead end,SB,18,62.06,0.0
2022-05-21,0,Queens,RIKERS ISLAND BRIDGE,Rikers Is Bridge,Dead end,SB,12,62.06,0.0
2022-05-21,0,Queens,RIKERS ISLAND BRIDGE,Rikers Is Bridge,Dead end,SB,11,62.06,0.0
2022-05-21,1,Queens,RIKERS ISLAND BRIDGE,Rikers Is Bridge,Dead end,SB,14,61.88,0.0
2023-05-23,19,Brooklyn,FOSTER AVENUE,Argyle Road,Rugby Road,EB,93,58.82,0.0
2023-05-23,19,Brooklyn,FOSTER AVENUE,Argyle Road,Rugby Road,EB,95,58.82,0.0
2023-05-23,19,Brooklyn,FOSTER AVENUE,Argyle Road,Rugby Road,EB,87,58.82,0.0
2023-05-23,19,Brooklyn,FOSTER AVENUE,Argyle Road,Rugby Road,EB,80,58.82,0.0
2023-05-23,20,Brooklyn,FOSTER AVENUE,Argyle Road,Rugby Road,EB,88,57.47,0.0
2023-05-23,20,Brooklyn,FOSTER AVENUE,Argyle Road,Rugby Road,EB,75,57.47,0.0
2023-05-23,20,Brooklyn,FOSTER AVENUE,Argyle Road,Rugby Road,EB,76,57.47,0.0
2023-05-23,20,Brooklyn,FOSTER AVENUE,Argyle Road,Rugby Road,EB,69,57.47,0.0
2023-05-23,21,Brooklyn,FOSTER AVENUE,Argyle Road,Rugby Road,EB,61,55.22,0.0
2023-05-23,21,Brooklyn,FOSTER AVENUE,Argyle Road,Rugby Road,EB,64,55.22,0.0
2023-05-23,21,Brooklyn,FOSTER AVENUE,Argyle Road,Rugby Road,EB,62,55.22,0.0
2023-05-23,21,Brooklyn,FOSTER AVENUE,Argyle Road,Rugby Road,EB,39,55.22,0.0
2023-05-23,22,Brooklyn,FOSTER AVENUE,Argyle Road,Rugby Road,EB,43,53.78,0.0
2023-05-23,22,Brooklyn,FOSTER AVENUE,Argyle Road,Rugby Road,EB,53,53.78,0.0
2023-05-23,22,Brooklyn,FOSTER AVENUE,Argyle Road,Rugby Road,EB,68,53.78,0.0
2023-05-23,22,Brooklyn,FOSTER AVENUE,Argyle Road,Rugby Road,EB,48,53.78,0.0
2023-05-23,23,Brooklyn,FOSTER AVENUE,Argyle Road,Rugby Road,EB,41,53.33,0.0
2023-05-23,23,Brooklyn,FOSTER AVENUE,Argyle Road,Rugby Road,EB,44,53.33,0.0
2023-05-23,23,Brooklyn,FOSTER AVENUE,Argyle Road,Rugby Road,EB,37,53.33,0.0
2023-05-23,23,Brooklyn,FOSTER AVENUE,Argyle Road,Rugby Road,EB,35,53.33,0.0
2020-10-10,0,Brooklyn,AVENUE M,East 15 Street,Brighton Line,WB,17,58.730003,0.0
2020-10-10,0,Brooklyn,AVENUE M,East 15 Street,Brighton Line,WB,13,58.730003,0.0
2020-10-10,0,Brooklyn,AVENUE M,East 15 Street,Brighton Line,WB,10,58.730003,0.0
2020-10-10,0,Brooklyn,AVENUE M,East 15 Street,Brighton Line,WB,12,58.730003,0.0
2020-10-10,1,Brooklyn,AVENUE M,East 15 Street,Brighton Line,WB,10,58.280003,0.0
2020-10-10,1,Brooklyn,AVENUE M,East 15 Street,Brighton Line,WB,12,58.280003,0.0
2020-10-10,1,Brooklyn,AVENUE M,East 15 Street,Brighton Line,WB,7,58.280003,0.0
2020-10-10,1,Brooklyn,AVENUE M,East 15 Street,Brighton Line,WB,9,58.280003,0.0
2020-10-10,2,Brooklyn,AVENUE M,East 15 Street,Brighton Line,WB,7,57.83,0.0
2020-10-10,2,Brooklyn,AVENUE M,East 15 Street,Brighton Line,WB,4,57.83,0.0
2020-10-10,2,Brooklyn,AVENUE M,East 15 Street,Brighton Line,WB,9,57.83,0.0
2020-10-10,2,Brooklyn,AVENUE M,East 15 Street,Brighton Line,WB,6,57.83,0.0
2020-10-10,3,Brooklyn,AVENUE M,East 15 Street,Brighton Line,WB,4,57.38,0.0
2020-10-10,3,Brooklyn,AVENUE M,East 15 Street,Brighton Line,WB,3,57.38,0.0
2020-10-10,3,Brooklyn,AVENUE M,East 15 Street,Brighton Line,WB,0,57.38,0.0
2020-10-10,3,Brooklyn,AVENUE M,East 15 Street,Brighton Line,WB,7,57.38,0.0
2020-10-10,4,Brooklyn,AVENUE M,East 15 Street,Brighton Line,WB,5,57.2,0.0
2020-10-10,4,Brooklyn,AVENUE M,East 15 Street,Brighton Line,WB,2,57.2,0.0
2020-10-10,4,Brooklyn,AVENUE M,East 15 Street,Brighton Line,WB,3,57.2,0.0
2020-10-10,4,Brooklyn,AVENUE M,East 15 Street,Brighton Line,WB,3,57.2,0.0
2020-10-10,5,Brooklyn,AVENUE M,East 15 Street,Brighton Line,WB,4,57.47,0.0
2020-10-10,5,Brooklyn,AVENUE M,East 15 Street,Brighton Line,WB,3,57.47,0.0
2020-10-10,5,Brooklyn,AVENUE M,East 15 Street,Brighton Line,WB,6,57.47,0.0
2020-10-10,5,Brooklyn,AVENUE M,East 15 Street,Brighton Line,WB,4,57.47,0.0
2020-10-10,6,Brooklyn,AVENUE M,East 15 Street,Brighton Line,WB,9,57.02,0.0
2020-10-10,6,Brooklyn,AVENUE M,East 15 Street,Brighton Line,WB,5,57.02,0.0
2020-10-10,6,Brooklyn,AVENUE M,East 15 Street,Brighton Line,WB,9,57.02,0.0
2020-10-10,6,Brooklyn,AVENUE M,East 15 Street,Brighton Line,WB,7,57.02,0.0
2020-10-10,7,Brooklyn,AVENUE M,East 15 Street,Brighton Line,WB,16,56.84,0.0
2020-10-10,7,Brooklyn,AVENUE M,East 15 Street,Brighton Line,WB,9,56.84,0.0
2020-10-10,7,Brooklyn,AVENUE M,East 15 Street,Brighton Line,WB,13,56.84,0.0
2020-10-10,7,Brooklyn,AVENUE M,East 15 Street,Brighton Line,WB,17,56.84,0.0
2020-10-10,8,Brooklyn,AVENUE M,East 15 Street,Brighton Line,WB,11,59.989998,0.0
2020-10-10,8,Brooklyn,AVENUE M,East 15 Street,Brighton Line,WB,14,59.989998,0.0
2020-10-10,8,Brooklyn,AVENUE M,East 15 Street,Brighton Line,WB,16,59.989998,0.0
2020-10-10,8,Brooklyn,AVENUE M,East 15 Street,Brighton Line,WB,14,59.989998,0.0
2020-10-10,9,Brooklyn,AVENUE M,East 15 Street,Brighton Line,WB,20,62.69,0.0
2020-10-10,9,Brooklyn,AVENUE M,East 15 Street,Brighton Line,WB,26,62.69,0.0
2020-10-10,9,Brooklyn,AVENUE M,East 15 Street,Brighton Line,WB,23,62.69,0.0
2020-10-10,9,Brooklyn,AVENUE M,East 15 Street,Brighton Line,WB,20,62.69,0.0
2020-10-10,10,Brooklyn,AVENUE M,East 15 Street,Brighton Line,WB,13,65.21,0.0
2020-10-10,10,Brooklyn,AVENUE M,East 15 Street,Brighton Line,WB,19,65.21,0.0
2020-10-10,10,Brooklyn,AVENUE M,East 15 Street,Brighton Line,WB,18,65.21,0.0
2020-10-10,10,Brooklyn,AVENUE M,East 15 Street,Brighton Line,WB,37,65.21,0.0
2020-10-10,11,Brooklyn,AVENUE M,East 15 Street,Brighton Line,WB,30,67.91,0.0
2020-10-10,11,Brooklyn,AVENUE M,East 15 Street,Brighton Line,WB,18,67.91,0.0
2020-10-10,11,Brooklyn,AVENUE M,East 15 Street,Brighton Line,WB,31,67.91,0.0
2020-10-10,11,Brooklyn,AVENUE M,East 15 Street,Brighton Line,WB,33,67.91,0.0
2020-10-10,12,Brooklyn,AVENUE M,East 15 Street,Brighton Line,WB,26,70.61,0.0
2020-10-10,12,Brooklyn,AVENUE M,East 15 Street,Brighton Line,WB,31,70.61,0.0
2020-10-10,12,Brooklyn,AVENUE M,East 15 Street,Brighton Line,WB,39,70.61,0.0
2020-10-10,12,Brooklyn,AVENUE M,East 15 Street,Brighton Line,WB,40,70.61,0.0
2020-10-10,13,Brooklyn,AVENUE M,East 15 Street,Brighton Line,WB,34,72.86,0.0
2020-10-10,13,Brooklyn,AVENUE M,East 15 Street,Brighton Line,WB,22,72.86,0.0
2020-10-10,13,Brooklyn,AVENUE M,East 15 Street,Brighton Line,WB,25,72.86,0.0
2023-06-14,19,Brooklyn,BELT PARKWAY,Dead End,Dead end,EB,1137,62.33,0.07874016
2023-06-14,20,Brooklyn,BELT PARKWAY,Dead End,Dead end,EB,1063,63.95,0.0
2023-06-14,20,Brooklyn,BELT PARKWAY,Dead End,Dead end,EB,1121,63.95,0.0
2023-06-14,20,Brooklyn,BELT PARKWAY,Dead End,Dead end,EB,1052,63.95,0.0
2023-06-14,20,Brooklyn,BELT PARKWAY,Dead End,Dead end,EB,1032,63.95,0.0
2023-06-14,21,Brooklyn,BELT PARKWAY,Dead End,Dead end,EB,1038,64.85,0.0
2023-06-14,21,Brooklyn,BELT PARKWAY,Dead End,Dead end,EB,1016,64.85,0.0
2023-06-14,21,Brooklyn,BELT PARKWAY,Dead End,Dead end,EB,1027,64.85,0.0
2023-06-14,21,Brooklyn,BELT PARKWAY,Dead End,Dead end,EB,1029,64.85,0.0
2023-06-14,22,Brooklyn,BELT PARKWAY,Dead End,Dead end,EB,974,64.04,0.0
2023-06-14,22,Brooklyn,BELT PARKWAY,Dead End,Dead end,EB,1015,64.04,0.0
2023-06-14,22,Brooklyn,BELT PARKWAY,Dead End,Dead end,EB,1015,64.04,0.0
2023-06-14,22,Brooklyn,BELT PARKWAY,Dead End,Dead end,EB,955,64.04,0.0
2023-06-14,23,Brooklyn,BELT PARKWAY,Dead End,Dead end,EB,829,63.14,0.0
2023-06-14,23,Brooklyn,BELT PARKWAY,Dead End,Dead end,EB,885,63.14,0.0
2023-06-14,23,Brooklyn,BELT PARKWAY,Dead End,Dead end,EB,758,63.14,0.0
2023-06-14,23,Brooklyn,BELT PARKWAY,Dead End,Dead end,EB,655,63.14,0.0
2023-06-15,0,Brooklyn,BELT PARKWAY,Dead End,Dead end,EB,472,62.15,0.0
2023-06-15,0,Brooklyn,BELT PARKWAY,Dead End,Dead end,EB,370,62.15,0.0
2023-06-15,0,Brooklyn,BELT PARKWAY,Dead End,Dead end,EB,434,62.15,0.0
2023-06-15,0,Brooklyn,BELT PARKWAY,Dead End,Dead end,EB,463,62.15,0.0
2023-06-15,1,Brooklyn,BELT PARKWAY,Dead End,Dead end,EB,214,61.25,0.0
2023-06-15,1,Brooklyn,BELT PARKWAY,Dead End,Dead end,EB,208,61.25,0.0
2023-06-15,1,Brooklyn,BELT PARKWAY,Dead End,Dead end,EB,226,61.25,0.0
2023-06-15,1,Brooklyn,BELT PARKWAY,Dead End,Dead end,EB,238,61.25,0.0
2023-06-15,2,Brooklyn,BELT PARKWAY,Dead End,Dead end,EB,126,60.62,0.0
2023-06-15,2,Brooklyn,BELT PARKWAY,Dead End,Dead end,EB,124,60.62,0.0
2023-06-15,2,Brooklyn,BELT PARKWAY,Dead End,Dead end,EB,154,60.62,0.0
2023-06-15,2,Brooklyn,BELT PARKWAY,Dead End,Dead end,EB,116,60.62,0.0
2023-06-15,3,Brooklyn,BELT PARKWAY,Dead End,Dead end,EB,152,59.989998,0.0
2023-06-15,3,Brooklyn,BELT PARKWAY,Dead End,Dead end,EB,152,59.989998,0.0
2023-06-15,3,Brooklyn,BELT PARKWAY,Dead End,Dead end,EB,139,59.989998,0.0
2023-06-15,3,Brooklyn,BELT PARKWAY,Dead End,Dead end,EB,160,59.989998,0.0
2023-06-15,4,Brooklyn,BELT PARKWAY,Dead End,Dead end,EB,292,59.269997,0.0
2023-06-15,4,Brooklyn,BELT PARKWAY,Dead End,Dead end,EB,256,59.269997,0.0
2023-06-15,4,Brooklyn,BELT PARKWAY,Dead End,Dead end,EB,220,59.269997,0.0
2023-06-15,4,Brooklyn,BELT PARKWAY,Dead End,Dead end,EB,319,59.269997,0.0
2023-06-15,5,Brooklyn,BELT PARKWAY,Dead End,Dead end,EB,897,58.82,0.0
2023-06-15,5,Brooklyn,BELT PARKWAY,Dead End,Dead end,EB,844,58.82,0.0
2023-06-15,5,Brooklyn,BELT PARKWAY,Dead End,Dead end,EB,830,58.82,0.0
2023-06-15,5,Brooklyn,BELT PARKWAY,Dead End,Dead end,EB,634,58.82,0.0
2023-06-15,6,Brooklyn,BELT PARKWAY,Dead End,Dead end,EB,1138,59.269997,0.0
2023-06-15,6,Brooklyn,BELT PARKWAY,Dead End,Dead end,EB,1139,59.269997,0.0
2023-06-15,6,Brooklyn,BELT PARKWAY,Dead End,Dead end,EB,1091,59.269997,0.0
2023-06-15,6,Brooklyn,BELT PARKWAY,Dead End,Dead end,EB,1155,59.269997,0.0
2023-06-15,7,Brooklyn,BELT PARKWAY,Dead End,Dead end,EB,1220,61.88,0.0
2023-06-15,7,Brooklyn,BELT PARKWAY,Dead End,Dead end,EB,1218,61.88,0.0
2023-06-15,7,Brooklyn,BELT PARKWAY,Dead End,Dead end,EB,1195,61.88,0.0
2023-06-15,7,Brooklyn,BELT PARKWAY,Dead End,Dead end,EB,1225,61.88,0.0
2023-06-15,8,Brooklyn,BELT PARKWAY,Dead End,Dead end,EB,1162,65.03,0.0
2023-06-15,8,Brooklyn,BELT PARKWAY,Dead End,Dead end,EB,1295,65.03,0.0
2023-06-15,8,Brooklyn,BELT PARKWAY,Dead End,Dead end,EB,1164,65.03,0.0
2023-06-15,8,Brooklyn,BELT PARKWAY,Dead End,Dead end,EB,1133,65.03,0.0
2023-06-15,9,Brooklyn,BELT PARKWAY,Dead End,Dead end,EB,1194,67.19,0.0
2023-06-15,9,Brooklyn,BELT PARKWAY,Dead End,Dead end,EB,1140,67.19,0.0
2023-06-15,9,Brooklyn,BELT PARKWAY,Dead End,Dead end,EB,1123,67.19,0.0
2023-06-15,9,Brooklyn,BELT PARKWAY,Dead End,Dead end,EB,1236,67.19,0.0
2023-06-15,10,Brooklyn,BELT PARKWAY,Dead End,Dead end,EB,1066,70.52,0.0
2023-06-15,10,Brooklyn,BELT PARKWAY,Dead End,Dead end,EB,1126,70.52,0.0
2023-06-15,10,Brooklyn,BELT PARKWAY,Dead End,Dead end,EB,1058,70.52,0.0
2023-06-15,10,Brooklyn,BELT PARKWAY,Dead End,Dead end,EB,932,70.52,0.0
2023-06-15,11,Brooklyn,BELT PARKWAY,Dead End,Dead end,EB,883,72.68,0.0
2023-06-15,11,Brooklyn,BELT PARKWAY,Dead End,Dead end,EB,904,72.68,0.0
2023-06-15,11,Brooklyn,BELT PARKWAY,Dead End,Dead end,EB,870,72.68,0.0
2023-06-15,11,Brooklyn,BELT PARKWAY,Dead End,Dead end,EB,915,72.68,0.0
2023-06-15,12,Brooklyn,BELT PARKWAY,Dead End,Dead end,EB,901,73.58,0.0
2023-06-15,12,Brooklyn,BELT PARKWAY,Dead End,Dead end,EB,862,73.58,0.0
2023-06-15,12,Brooklyn,BELT PARKWAY,Dead End,Dead end,EB,880,73.58,0.0
2023-06-15,12,Brooklyn,BELT PARKWAY,Dead End,Dead end,EB,870,73.58,0.0
2023-06-15,13,Brooklyn,BELT PARKWAY,Dead End,Dead end,EB,1047,75.74,0.0
2023-06-15,13,Brooklyn,BELT PARKWAY,Dead End,Dead end,EB,1021,75.74,0.0
2023-06-15,13,Brooklyn,BELT PARKWAY,Dead End,Dead end,EB,1064,75.74,0.0
2023-06-15,13,Brooklyn,BELT PARKWAY,Dead End,Dead end,EB,1192,75.74,0.0
2023-06-15,14,Brooklyn,BELT PARKWAY,Dead End,Dead end,EB,1204,76.73,0.0
2023-06-15,14,Brooklyn,BELT PARKWAY,Dead End,Dead end,EB,1204,76.73,0.0
2023-06-15,14,Brooklyn,BELT PARKWAY,Dead End,Dead end,EB,1226,76.73,0.0
2023-06-15,14,Brooklyn,BELT PARKWAY,Dead End,Dead end,EB,1238,76.73,0.0
2023-06-15,15,Brooklyn,BELT PARKWAY,Dead End,Dead end,EB,1138,78.35,0.0
2023-06-15,15,Brooklyn,BELT PARKWAY,Dead End,Dead end,EB,1100,78.35,0.0
2023-06-15,15,Brooklyn,BELT PARKWAY,Dead End,Dead end,EB,1189,78.35,0.0
2023-06-15,15,Brooklyn,BELT PARKWAY,Dead End,Dead end,EB,1122,78.35,0.0
2023-06-15,16,Brooklyn,BELT PARKWAY,Dead End,Dead end,EB,1124,79.25,0.0
2023-06-15,16,Brooklyn,BELT PARKWAY,Dead End,Dead end,EB,1063,79.25,0.0
2023-06-15,16,Brooklyn,BELT PARKWAY,Dead End,Dead end,EB,1110,79.25,0.0
2023-06-15,16,Brooklyn,BELT PARKWAY,Dead End,Dead end,EB,989,79.25,0.0
2023-06-15,17,Brooklyn,BELT PARKWAY,Dead End,Dead end,EB,983,78.98,0.0
2023-06-15,17,Brooklyn,BELT PARKWAY,Dead End,Dead end,EB,1036,78.98,0.0
2023-06-15,17,Brooklyn,BELT PARKWAY,Dead End,Dead end,EB,1056,78.98,0.0
2023-06-15,17,Brooklyn,BELT PARKWAY,Dead End,Dead end,EB,1064,78.98,0.0
2023-06-15,18,Brooklyn,BELT PARKWAY,Dead End,Dead end,EB,1058,76.73,0.0
2023-06-15,18,Brooklyn,BELT PARKWAY,Dead End,Dead end,EB,1060,76.73,0.0
2023-06-15,18,Brooklyn,BELT PARKWAY,Dead End,Dead end,EB,1123,76.73,0.0
2023-06-15,18,Brooklyn,BELT PARKWAY,Dead End,Dead end,EB,1119,76.73,0.0
2023-06-15,19,Brooklyn,BELT PARKWAY,Dead End,Dead end,EB,830,76.19,0.0
2023-06-15,19,Brooklyn,BELT PARKWAY,Dead End,Dead end,EB,879,76.19,0.0
2023-06-15,19,Brooklyn,BELT PARKWAY,Dead End,Dead end,EB,859,76.19,0.0
2023-06-15,19,Brooklyn,BELT PARKWAY,Dead End,Dead end,EB,791,76.19,0.0
2023-06-15,20,Brooklyn,BELT PARKWAY,Dead End,Dead end,EB,350,73.4,0.0
2023-06-15,20,Brooklyn,BELT PARKWAY,Dead End,Dead end,EB,382,73.4,0.0
2023-06-15,20,Brooklyn,BELT PARKWAY,Dead End,Dead end,EB,343,73.4,0.0
2023-06-15,20,Brooklyn,BELT PARKWAY,Dead End,Dead end,EB,419,73.4,0.0
2023-06-15,21,Brooklyn,BELT PARKWAY,Dead End,Dead end,EB,522,70.07,0.0
2023-06-15,21,Brooklyn,BELT PARKWAY,Dead End,Dead end,EB,545,70.07,0.0
2023-06-15,21,Brooklyn,BELT PARKWAY,Dead End,Dead end,EB,574,70.07,0.0
2023-06-15,21,Brooklyn,BELT PARKWAY,Dead End,Dead end,EB,559,70.07,0.0
2021-04-27,8,Queens,UNION TURNPIKE,Hewlett Street,Hewlett Street,WB,102,46.67,0.0
2021-04-27,8,Queens,UNION TURNPIKE,Hewlett Street,Hewlett Street,WB,106,46.67,0.0
2021-04-27,8,Queens,UNION TURNPIKE,Hewlett Street,Hewlett Street,WB,103,46.67,0.0
2021-04-27,8,Queens,UNION TURNPIKE,Hewlett Street,Hewlett Street,WB,96,46.67,0.0
2021-04-27,9,Queens,UNION TURNPIKE,Hewlett Street,Hewlett Street,WB,103,49.28,0.0
2021-04-27,9,Queens,UNION TURNPIKE,Hewlett Street,Hewlett Street,WB,107,49.28,0.0
2021-04-27,9,Queens,UNION TURNPIKE,Hewlett Street,Hewlett Street,WB,92,49.28,0.0
2021-04-27,9,Queens,UNION TURNPIKE,Hewlett Street,Hewlett Street,WB,93,49.28,0.0
2021-04-27,10,Queens,UNION TURNPIKE,Hewlett Street,Hewlett Street,WB,109,51.71,0.0
2021-04-27,10,Queens,UNION TURNPIKE,Hewlett Street,Hewlett Street,WB,108,51.71,0.0
2021-04-27,10,Queens,UNION TURNPIKE,Hewlett Street,Hewlett Street,WB,96,51.71,0.0
2021-04-27,10,Queens,UNION TURNPIKE,Hewlett Street,Hewlett Street,WB,111,51.71,0.0
2021-04-27,11,Queens,UNION TURNPIKE,Hewlett Street,Hewlett Street,WB,113,53.96,0.0
2021-04-27,11,Queens,UNION TURNPIKE,Hewlett Street,Hewlett Street,WB,125,53.96,0.0
2021-04-27,11,Queens,UNION TURNPIKE,Hewlett Street,Hewlett Street,WB,144,53.96,0.0
2021-04-27,11,Queens,UNION TURNPIKE,Hewlett Street,Hewlett Street,WB,171,53.96,0.0
2021-04-27,12,Queens,UNION TURNPIKE,Hewlett Street,Hewlett Street,WB,187,55.67,0.0
2021-04-27,12,Queens,UNION TURNPIKE,Hewlett Street,Hewlett Street,WB,155,55.67,0.0
2021-04-27,12,Queens,UNION TURNPIKE,Hewlett Street,Hewlett Street,WB,202,55.67,0.0
2021-04-27,12,Queens,UNION TURNPIKE,Hewlett Street,Hewlett Street,WB,186,55.67,0.0
2021-04-27,13,Queens,UNION TURNPIKE,Hewlett Street,Hewlett Street,WB,168,56.57,0.0
2021-04-27,13,Queens,UNION TURNPIKE,Hewlett Street,Hewlett Street,WB,173,56.57,0.0
2021-04-27,13,Queens,UNION TURNPIKE,Hewlett Street,Hewlett Street,WB,148,56.57,0.0
2021-04-27,13,Queens,UNION TURNPIKE,Hewlett Street,Hewlett Street,WB,170,56.57,0.0
2021-04-27,14,Queens,UNION TURNPIKE,Hewlett Street,Hewlett Street,WB,153,56.84,0.0
2021-04-27,14,Queens,UNION TURNPIKE,Hewlett Street,Hewlett Street,WB,177,56.84,0.0
2021-04-27,14,Queens,UNION TURNPIKE,Hewlett Street,Hewlett Street,WB,142,56.84,0.0
2021-04-27,14,Queens,UNION TURNPIKE,Hewlett Street,Hewlett Street,WB,145,56.84,0.0
2021-04-27,15,Queens,UNION TURNPIKE,Hewlett Street,Hewlett Street,WB,189,57.83,0.0
2021-04-27,15,Queens,UNION TURNPIKE,Hewlett Street,Hewlett Street,WB,190,57.83,0.0
2021-04-27,15,Queens,UNION TURNPIKE,Hewlett Street,Hewlett Street,WB,208,57.83,0.0
2021-04-27,15,Queens,UNION TURNPIKE,Hewlett Street,Hewlett Street,WB,149,57.83,0.0
2021-04-27,16,Queens,UNION TURNPIKE,Hewlett Street,Hewlett Street,WB,213,57.47,0.0
2021-04-27,16,Queens,UNION TURNPIKE,Hewlett Street,Hewlett Street,WB,202,57.47,0.0
2021-04-27,16,Queens,UNION TURNPIKE,Hewlett Street,Hewlett Street,WB,208,57.47,0.0
2021-04-27,16,Queens,UNION TURNPIKE,Hewlett Street,Hewlett Street,WB,197,57.47,0.0
2021-04-27,17,Queens,UNION TURNPIKE,Hewlett Street,Hewlett Street,WB,283,56.48,0.0
2021-04-27,17,Queens,UNION TURNPIKE,Hewlett Street,Hewlett Street,WB,245,56.48,0.0
2021-04-27,17,Queens,UNION TURNPIKE,Hewlett Street,Hewlett Street,WB,189,56.48,0.0
2021-04-27,17,Queens,UNION TURNPIKE,Hewlett Street,Hewlett Street,WB,194,56.48,0.0
2021-04-27,18,Queens,UNION TURNPIKE,Hewlett Street,Hewlett Street,WB,201,55.67,0.0
2021-04-27,18,Queens,UNION TURNPIKE,Hewlett Street,Hewlett Street,WB,176,55.67,0.0
2021-04-27,18,Queens,UNION TURNPIKE,Hewlett Street,Hewlett Street,WB,159,55.67,0.0
2021-04-27,18,Queens,UNION TURNPIKE,Hewlett Street,Hewlett Street,WB,155,55.67,0.0
2021-04-27,19,Queens,UNION TURNPIKE,Hewlett Street,Hewlett Street,WB,172,53.96,0.0
2021-04-27,19,Queens,UNION TURNPIKE,Hewlett Street,Hewlett Street,WB,136,53.96,0.0
2021-04-27,19,Queens,UNION TURNPIKE,Hewlett Street,Hewlett Street,WB,128,53.96,0.0
2021-04-27,19,Queens,UNION TURNPIKE,Hewlett Street,Hewlett Street,WB,115,53.96,0.0
2021-04-27,20,Queens,UNION TURNPIKE,Hewlett Street,Hewlett Street,WB,112,51.35,0.0
2021-04-27,20,Queens,UNION TURNPIKE,Hewlett Street,Hewlett Street,WB,111,51.35,0.0
2021-04-27,20,Queens,UNION TURNPIKE,Hewlett Street,Hewlett Street,WB,90,51.35,0.0
2021-04-27,20,Queens,UNION TURNPIKE,Hewlett Street,Hewlett Street,WB,83,51.35,0.0
2021-04-27,21,Queens,UNION TURNPIKE,Hewlett Street,Hewlett Street,WB,63,50.54,0.0
2021-04-27,21,Queens,UNION TURNPIKE,Hewlett Street,Hewlett Street,WB,68,50.54,0.0
2021-04-27,21,Queens,UNION TURNPIKE,Hewlett Street,Hewlett Street,WB,59,50.54,0.0
2021-04-27,21,Queens,UNION TURNPIKE,Hewlett Street,Hewlett Street,WB,50,50.54,0.0
2021-04-27,22,Queens,UNION TURNPIKE,Hewlett Street,Hewlett Street,WB,42,50.18,0.0
2021-04-27,22,Queens,UNION TURNPIKE,Hewlett Street,Hewlett Street,WB,47,50.18,0.0
2021-04-27,22,Queens,UNION TURNPIKE,Hewlett Street,Hewlett Street,WB,31,50.18,0.0
2021-04-27,22,Queens,UNION TURNPIKE,Hewlett Street,Hewlett Street,WB,29,50.18,0.0
2021-04-27,23,Queens,UNION TURNPIKE,Hewlett Street,Hewlett Street,WB,35,50.27,0.0
2021-04-27,23,Queens,UNION TURNPIKE,Hewlett Street,Hewlett Street,WB,26,50.27,0.0
2021-04-27,23,Queens,UNION TURNPIKE,Hewlett Street,Hewlett Street,WB,26,50.27,0.0
2021-04-27,23,Queens,UNION TURNPIKE,Hewlett Street,Hewlett Street,WB,14,50.27,0.0
2021-04-28,0,Queens,UNION TURNPIKE,Hewlett Street,Hewlett Street,WB,25,49.64,0.0
2021-04-28,0,Queens,UNION TURNPIKE,Hewlett Street,Hewlett Street,WB,13,49.64,0.0
2021-04-28,0,Queens,UNION TURNPIKE,Hewlett Street,Hewlett Street,WB,6,49.64,0.0
2021-04-28,0,Queens,UNION TURNPIKE,Hewlett Street,Hewlett Street,WB,6,49.64,0.0
2021-04-28,1,Queens,UNION TURNPIKE,Hewlett Street,Hewlett Street,WB,6,49.82,0.0
2021-04-28,1,Queens,UNION TURNPIKE,Hewlett Street,Hewlett Street,WB,4,49.82,0.0
2021-04-28,1,Queens,UNION TURNPIKE,Hewlett Street,Hewlett Street,WB,4,49.82,0.0
2021-04-28,1,Queens,UNION TURNPIKE,Hewlett Street,Hewlett Street,WB,3,49.82,0.0
2021-04-28,2,Queens,UNION TURNPIKE,Hewlett Street,Hewlett Street,WB,4,50.63,0.0
2021-04-28,2,Queens,UNION TURNPIKE,Hewlett Street,Hewlett Street,WB,3,50.63,0.0
2021-04-28,2,Queens,UNION TURNPIKE,Hewlett Street,Hewlett Street,WB,3,50.63,0.0
2021-04-28,2,Queens,UNION TURNPIKE,Hewlett Street,Hewlett Street,WB,8,50.63,0.0
2021-04-28,3,Queens,UNION TURNPIKE,Hewlett Street,Hewlett Street,WB,2,49.73,0.0
2021-04-28,3,Queens,UNION TURNPIKE,Hewlett Street,Hewlett Street,WB,2,49.73,0.0
2021-04-28,3,Queens,UNION TURNPIKE,Hewlett Street,Hewlett Street,WB,5,49.73,0.0
2021-04-28,3,Queens,UNION TURNPIKE,Hewlett Street,Hewlett Street,WB,5,49.73,0.0
2021-04-28,4,Queens,UNION TURNPIKE,Hewlett Street,Hewlett Street,WB,3,48.65,0.0
2021-04-28,4,Queens,UNION TURNPIKE,Hewlett Street,Hewlett Street,WB,5,48.65,0.0
2021-04-28,4,Queens,UNION TURNPIKE,Hewlett Street,Hewlett Street,WB,4,48.65,0.0
2021-04-28,4,Queens,UNION TURNPIKE,Hewlett Street,Hewlett Street,WB,5,48.65,0.0
2021-04-28,5,Queens,UNION TURNPIKE,Hewlett Street,Hewlett Street,WB,10,47.39,0.0
2021-04-28,5,Queens,UNION TURNPIKE,Hewlett Street,Hewlett Street,WB,15,47.39,0.0
2021-04-28,5,Queens,UNION TURNPIKE,Hewlett Street,Hewlett Street,WB,10,47.39,0.0
2021-04-28,5,Queens,UNION TURNPIKE,Hewlett Street,Hewlett Street,WB,24,47.39,0.0
2021-04-28,6,Queens,UNION TURNPIKE,Hewlett Street,Hewlett Street,WB,34,47.48,0.0
2021-04-28,6,Queens,UNION TURNPIKE,Hewlett Street,Hewlett Street,WB,44,47.48,0.0
2021-04-28,6,Queens,UNION TURNPIKE,Hewlett Street,Hewlett Street,WB,79,47.48,0.0
2021-04-28,6,Queens,UNION TURNPIKE,Hewlett Street,Hewlett Street,WB,67,47.48,0.0
2021-04-28,7,Queens,UNION TURNPIKE,Hewlett Street,Hewlett Street,WB,95,50.72,0.0
2021-04-28,7,Queens,UNION TURNPIKE,Hewlett Street,Hewlett Street,WB,98,50.72,0.0
2021-04-28,7,Queens,UNION TURNPIKE,Hewlett Street,Hewlett Street,WB,114,50.72,0.0
2021-04-28,7,Queens,UNION TURNPIKE,Hewlett Street,Hewlett Street,WB,105,50.72,0.0
2021-04-28,8,Queens,UNION TURNPIKE,Hewlett Street,Hewlett Street,WB,86,54.05,0.0
2021-04-28,8,Queens,UNION TURNPIKE,Hewlett Street,Hewlett Street,WB,112,54.05,0.0
2021-04-28,8,Queens,UNION TURNPIKE,Hewlett Street,Hewlett Street,WB,102,54.05,0.0
2021-04-28,8,Queens,UNION TURNPIKE,Hewlett Street,Hewlett Street,WB,112,54.05,0.0
2021-04-28,9,Queens,UNION TURNPIKE,Hewlett Street,Hewlett Street,WB,101,59.18,0.0
2021-04-28,9,Queens,UNION TURNPIKE,Hewlett Street,Hewlett Street,WB,96,59.18,0.0
2021-04-28,9,Queens,UNION TURNPIKE,Hewlett Street,Hewlett Street,WB,117,59.18,0.0
2021-04-28,9,Queens,UNION TURNPIKE,Hewlett Street,Hewlett Street,WB,108,59.18,0.0
2021-04-28,10,Queens,UNION TURNPIKE,Hewlett Street,Hewlett Street,WB,125,63.86,0.0
2020-10-10,13,Brooklyn,AVENUE M,East 15 Street,Brighton Line,WB,23,72.86,0.0
2020-10-10,14,Brooklyn,AVENUE M,East 15 Street,Brighton Line,WB,35,74.75,0.0
2020-10-10,14,Brooklyn,AVENUE M,East 15 Street,Brighton Line,WB,43,74.75,0.0
2020-10-10,14,Brooklyn,AVENUE M,East 15 Street,Brighton Line,WB,28,74.75,0.0
2020-10-10,14,Brooklyn,AVENUE M,East 15 Street,Brighton Line,WB,32,74.75,0.0
2020-10-10,15,Brooklyn,AVENUE M,East 15 Street,Brighton Line,WB,31,75.29,0.0
2020-10-10,15,Brooklyn,AVENUE M,East 15 Street,Brighton Line,WB,25,75.29,0.0
2020-10-10,15,Brooklyn,AVENUE M,East 15 Street,Brighton Line,WB,22,75.29,0.0
2020-10-10,15,Brooklyn,AVENUE M,East 15 Street,Brighton Line,WB,29,75.29,0.0
2020-10-10,16,Brooklyn,AVENUE M,East 15 Street,Brighton Line,WB,18,74.84,0.0
2020-10-10,16,Brooklyn,AVENUE M,East 15 Street,Brighton Line,WB,22,74.84,0.0
2020-10-10,16,Brooklyn,AVENUE M,East 15 Street,Brighton Line,WB,21,74.84,0.0
2020-10-10,16,Brooklyn,AVENUE M,East 15 Street,Brighton Line,WB,28,74.84,0.0
2020-10-10,17,Brooklyn,AVENUE M,East 15 Street,Brighton Line,WB,26,73.49,0.0
2020-10-10,17,Brooklyn,AVENUE M,East 15 Street,Brighton Line,WB,22,73.49,0.0
2020-10-10,17,Brooklyn,AVENUE M,East 15 Street,Brighton Line,WB,24,73.49,0.0
2020-10-10,17,Brooklyn,AVENUE M,East 15 Street,Brighton Line,WB,17,73.49,0.0
2020-10-10,18,Brooklyn,AVENUE M,East 15 Street,Brighton Line,WB,30,71.15,0.0
2020-10-10,18,Brooklyn,AVENUE M,East 15 Street,Brighton Line,WB,25,71.15,0.0
2020-10-10,18,Brooklyn,AVENUE M,East 15 Street,Brighton Line,WB,46,71.15,0.0
2020-10-10,18,Brooklyn,AVENUE M,East 15 Street,Brighton Line,WB,34,71.15,0.0
2020-10-10,19,Brooklyn,AVENUE M,East 15 Street,Brighton Line,WB,29,69.619995,0.0
2020-10-10,19,Brooklyn,AVENUE M,East 15 Street,Brighton Line,WB,33,69.619995,0.0
2020-10-10,19,Brooklyn,AVENUE M,East 15 Street,Brighton Line,WB,35,69.619995,0.0
2020-10-10,19,Brooklyn,AVENUE M,East 15 Street,Brighton Line,WB,28,69.619995,0.0
2020-10-10,20,Brooklyn,AVENUE M,East 15 Street,Brighton Line,WB,24,67.91,0.0
2020-10-10,20,Brooklyn,AVENUE M,East 15 Street,Brighton Line,WB,23,67.91,0.0
2020-10-10,20,Brooklyn,AVENUE M,East 15 Street,Brighton Line,WB,26,67.91,0.0
2020-10-10,20,Brooklyn,AVENUE M,East 15 Street,Brighton Line,WB,34,67.91,0.0
2020-10-10,21,Brooklyn,AVENUE M,East 15 Street,Brighton Line,WB,28,67.369995,0.0
2020-10-10,21,Brooklyn,AVENUE M,East 15 Street,Brighton Line,WB,22,67.369995,0.0
2020-10-10,21,Brooklyn,AVENUE M,East 15 Street,Brighton Line,WB,25,67.369995,0.0
2020-10-10,21,Brooklyn,AVENUE M,East 15 Street,Brighton Line,WB,20,67.369995,0.0
2020-10-10,22,Brooklyn,AVENUE M,East 15 Street,Brighton Line,WB,25,66.47,0.0
2020-10-10,22,Brooklyn,AVENUE M,East 15 Street,Brighton Line,WB,23,66.47,0.0
2020-10-10,22,Brooklyn,AVENUE M,East 15 Street,Brighton Line,WB,18,66.47,0.0
2020-10-10,22,Brooklyn,AVENUE M,East 15 Street,Brighton Line,WB,23,66.47,0.0
2020-10-10,23,Brooklyn,AVENUE M,East 15 Street,Brighton Line,WB,15,65.57,0.0
2020-10-10,23,Brooklyn,AVENUE M,East 15 Street,Brighton Line,WB,17,65.57,0.0
2020-10-10,23,Brooklyn,AVENUE M,East 15 Street,Brighton Line,WB,13,65.57,0.0
2020-10-10,23,Brooklyn,AVENUE M,East 15 Street,Brighton Line,WB,13,65.57,0.0
2020-10-11,0,Brooklyn,AVENUE M,East 15 Street,Brighton Line,WB,13,65.119995,0.0
2020-10-11,0,Brooklyn,AVENUE M,East 15 Street,Brighton Line,WB,13,65.119995,0.0
2020-10-11,0,Brooklyn,AVENUE M,East 15 Street,Brighton Line,WB,11,65.119995,0.0
2020-10-11,0,Brooklyn,AVENUE M,East 15 Street,Brighton Line,WB,14,65.119995,0.0
2020-10-11,1,Brooklyn,AVENUE M,East 15 Street,Brighton Line,WB,6,64.76,0.0
2020-10-11,1,Brooklyn,AVENUE M,East 15 Street,Brighton Line,WB,5,64.76,0.0
2020-10-11,1,Brooklyn,AVENUE M,East 15 Street,Brighton Line,WB,6,64.76,0.0
2020-10-11,1,Brooklyn,AVENUE M,East 15 Street,Brighton Line,WB,9,64.76,0.0
2020-10-11,2,Brooklyn,AVENUE M,East 15 Street,Brighton Line,WB,5,64.4,0.0
2020-10-11,2,Brooklyn,AVENUE M,East 15 Street,Brighton Line,WB,4,64.4,0.0
2020-10-11,2,Brooklyn,AVENUE M,East 15 Street,Brighton Line,WB,3,64.4,0.0
2020-10-11,2,Brooklyn,AVENUE M,East 15 Street,Brighton Line,WB,8,64.4,0.0
2020-10-11,3,Brooklyn,AVENUE M,East 15 Street,Brighton Line,WB,7,63.59,0.0
2020-10-11,3,Brooklyn,AVENUE M,East 15 Street,Brighton Line,WB,2,63.59,0.0
2020-10-11,3,Brooklyn,AVENUE M,East 15 Street,Brighton Line,WB,2,63.59,0.0
2020-10-11,3,Brooklyn,AVENUE M,East 15 Street,Brighton Line,WB,2,63.59,0.0
2020-10-11,4,Brooklyn,AVENUE M,East 15 Street,Brighton Line,WB,1,62.6,0.0
2020-10-11,4,Brooklyn,AVENUE M,East 15 Street,Brighton Line,WB,3,62.6,0.0
2020-10-11,4,Brooklyn,AVENUE M,East 15 Street,Brighton Line,WB,0,62.6,0.0
2020-10-11,4,Brooklyn,AVENUE M,East 15 Street,Brighton Line,WB,5,62.6,0.0
2020-10-11,5,Brooklyn,AVENUE M,East 15 Street,Brighton Line,WB,1,61.969997,0.0
2020-10-11,5,Brooklyn,AVENUE M,East 15 Street,Brighton Line,WB,2,61.969997,0.0
2020-10-11,5,Brooklyn,AVENUE M,East 15 Street,Brighton Line,WB,7,61.969997,0.0
2020-10-11,5,Brooklyn,AVENUE M,East 15 Street,Brighton Line,WB,7,61.969997,0.0
2020-10-11,6,Brooklyn,AVENUE M,East 15 Street,Brighton Line,WB,9,61.07,0.0
2020-10-11,6,Brooklyn,AVENUE M,East 15 Street,Brighton Line,WB,9,61.07,0.0
2020-10-11,6,Brooklyn,AVENUE M,East 15 Street,Brighton Line,WB,3,61.07,0.0
2020-10-11,6,Brooklyn,AVENUE M,East 15 Street,Brighton Line,WB,3,61.07,0.0
2020-10-11,7,Brooklyn,AVENUE M,East 15 Street,Brighton Line,WB,8,61.25,0.0
2020-10-11,7,Brooklyn,AVENUE M,East 15 Street,Brighton Line,WB,14,61.25,0.0
2020-10-11,7,Brooklyn,AVENUE M,East 15 Street,Brighton Line,WB,17,61.25,0.0
2020-10-11,7,Brooklyn,AVENUE M,East 15 Street,Brighton Line,WB,12,61.25,0.0
2020-10-11,8,Brooklyn,AVENUE M,East 15 Street,Brighton Line,WB,9,63.32,0.0
2020-10-11,8,Brooklyn,AVENUE M,East 15 Street,Brighton Line,WB,12,63.32,0.0
2020-10-11,8,Brooklyn,AVENUE M,East 15 Street,Brighton Line,WB,19,63.32,0.0
2020-10-11,8,Brooklyn,AVENUE M,East 15 Street,Brighton Line,WB,12,63.32,0.0
2020-10-11,9,Brooklyn,AVENUE M,East 15 Street,Brighton Line,WB,16,63.769997,0.0
2020-10-11,9,Brooklyn,AVENUE M,East 15 Street,Brighton Line,WB,18,63.769997,0.0
2020-10-11,9,Brooklyn,AVENUE M,East 15 Street,Brighton Line,WB,17,63.769997,0.0
2020-10-11,9,Brooklyn,AVENUE M,East 15 Street,Brighton Line,WB,17,63.769997,0.0
2020-10-11,10,Brooklyn,AVENUE M,East 15 Street,Brighton Line,WB,15,64.22,0.0
2020-10-11,10,Brooklyn,AVENUE M,East 15 Street,Brighton Line,WB,26,64.22,0.0
2020-10-11,10,Brooklyn,AVENUE M,East 15 Street,Brighton Line,WB,19,64.22,0.0
2020-10-11,10,Brooklyn,AVENUE M,East 15 Street,Brighton Line,WB,25,64.22,0.0
2020-10-11,11,Brooklyn,AVENUE M,East 15 Street,Brighton Line,WB,22,65.03,0.0
2020-10-11,11,Brooklyn,AVENUE M,East 15 Street,Brighton Line,WB,28,65.03,0.0
2020-10-11,11,Brooklyn,AVENUE M,East 15 Street,Brighton Line,WB,23,65.03,0.0
2020-10-11,11,Brooklyn,AVENUE M,East 15 Street,Brighton Line,WB,30,65.03,0.0
2020-10-11,12,Brooklyn,AVENUE M,East 15 Street,Brighton Line,WB,25,65.57,0.0
2020-10-11,12,Brooklyn,AVENUE M,East 15 Street,Brighton Line,WB,25,65.57,0.0
2020-10-11,12,Brooklyn,AVENUE M,East 15 Street,Brighton Line,WB,37,65.57,0.0
2020-10-11,12,Brooklyn,AVENUE M,East 15 Street,Brighton Line,WB,18,65.57,0.0
2020-10-11,13,Brooklyn,AVENUE M,East 15 Street,Brighton Line,WB,29,67.1,0.0
2020-10-11,13,Brooklyn,AVENUE M,East 15 Street,Brighton Line,WB,27,67.1,0.0
2020-10-11,13,Brooklyn,AVENUE M,East 15 Street,Brighton Line,WB,23,67.1,0.0
2020-10-11,13,Brooklyn,AVENUE M,East 15 Street,Brighton Line,WB,26,67.1,0.0
2020-10-11,14,Brooklyn,AVENUE M,East 15 Street,Brighton Line,WB,24,67.369995,0.0
2020-10-11,14,Brooklyn,AVENUE M,East 15 Street,Brighton Line,WB,30,67.369995,0.0
2020-10-11,14,Brooklyn,AVENUE M,East 15 Street,Brighton Line,WB,19,67.369995,0.0
2020-10-11,14,Brooklyn,AVENUE M,East 15 Street,Brighton Line,WB,34,67.369995,0.0
2020-10-11,15,Brooklyn,AVENUE M,East 15 Street,Brighton Line,WB,40,67.1,0.0
2020-10-11,15,Brooklyn,AVENUE M,East 15 Street,Brighton Line,WB,27,67.1,0.0
2020-10-11,15,Brooklyn,AVENUE M,East 15 Street,Brighton Line,WB,25,67.1,0.0
2020-10-11,15,Brooklyn,AVENUE M,East 15 Street,Brighton Line,WB,21,67.1,0.0
2021-07-15,21,Manhattan,5 AVENUE,East 35 Street,East 34 Street,SB,253,79.61,0.0
2021-07-15,21,Manhattan,5 AVENUE,East 35 Street,East 34 Street,SB,252,79.61,0.0
2021-07-15,21,Manhattan,5 AVENUE,East 35 Street,East 34 Street,SB,218,79.61,0.0
2021-07-15,21,Manhattan,5 AVENUE,East 35 Street,East 34 Street,SB,240,79.61,0.0
2021-07-15,22,Manhattan,5 AVENUE,East 35 Street,East 34 Street,SB,256,79.7,0.0
2021-07-15,22,Manhattan,5 AVENUE,East 35 Street,East 34 Street,SB,275,79.7,0.0
2021-07-15,22,Manhattan,5 AVENUE,East 35 Street,East 34 Street,SB,257,79.7,0.0
2021-07-15,22,Manhattan,5 AVENUE,East 35 Street,East 34 Street,SB,226,79.7,0.0
2021-07-15,23,Manhattan,5 AVENUE,East 35 Street,East 34 Street,SB,276,78.619995,0.0
2021-07-15,23,Manhattan,5 AVENUE,East 35 Street,East 34 Street,SB,249,78.619995,0.0
2021-07-15,23,Manhattan,5 AVENUE,East 35 Street,East 34 Street,SB,241,78.619995,0.0
2021-07-15,23,Manhattan,5 AVENUE,East 35 Street,East 34 Street,SB,268,78.619995,0.0
2021-07-16,0,Manhattan,5 AVENUE,East 35 Street,East 34 Street,SB,252,77.72,0.0
2021-07-16,0,Manhattan,5 AVENUE,East 35 Street,East 34 Street,SB,232,77.72,0.0
2021-07-16,0,Manhattan,5 AVENUE,East 35 Street,East 34 Street,SB,229,77.72,0.0
2021-07-16,0,Manhattan,5 AVENUE,East 35 Street,East 34 Street,SB,206,77.72,0.0
2021-07-16,1,Manhattan,5 AVENUE,East 35 Street,East 34 Street,SB,166,77.0,0.0
2021-07-16,1,Manhattan,5 AVENUE,East 35 Street,East 34 Street,SB,135,77.0,0.0
2021-07-16,1,Manhattan,5 AVENUE,East 35 Street,East 34 Street,SB,143,77.0,0.0
2021-07-16,1,Manhattan,5 AVENUE,East 35 Street,East 34 Street,SB,129,77.0,0.0
2021-07-16,2,Manhattan,5 AVENUE,East 35 Street,East 34 Street,SB,110,76.46,0.0
2021-07-16,2,Manhattan,5 AVENUE,East 35 Street,East 34 Street,SB,100,76.46,0.0
2021-07-16,2,Manhattan,5 AVENUE,East 35 Street,East 34 Street,SB,66,76.46,0.0
2021-07-16,2,Manhattan,5 AVENUE,East 35 Street,East 34 Street,SB,69,76.46,0.0
2021-07-16,3,Manhattan,5 AVENUE,East 35 Street,East 34 Street,SB,62,76.01,0.0
2021-07-16,3,Manhattan,5 AVENUE,East 35 Street,East 34 Street,SB,59,76.01,0.0
2021-07-16,3,Manhattan,5 AVENUE,East 35 Street,East 34 Street,SB,61,76.01,0.0
2021-07-16,3,Manhattan,5 AVENUE,East 35 Street,East 34 Street,SB,62,76.01,0.0
2021-07-16,4,Manhattan,5 AVENUE,East 35 Street,East 34 Street,SB,46,75.29,0.0
2021-07-16,4,Manhattan,5 AVENUE,East 35 Street,East 34 Street,SB,51,75.29,0.0
2021-07-16,4,Manhattan,5 AVENUE,East 35 Street,East 34 Street,SB,53,75.29,0.0
2021-07-16,4,Manhattan,5 AVENUE,East 35 Street,East 34 Street,SB,50,75.29,0.0
2021-07-16,5,Manhattan,5 AVENUE,East 35 Street,East 34 Street,SB,67,74.84,0.0
2021-07-16,5,Manhattan,5 AVENUE,East 35 Street,East 34 Street,SB,44,74.84,0.0
2021-07-16,5,Manhattan,5 AVENUE,East 35 Street,East 34 Street,SB,65,74.84,0.0
2021-07-16,5,Manhattan,5 AVENUE,East 35 Street,East 34 Street,SB,64,74.84,0.0
2021-07-16,6,Manhattan,5 AVENUE,East 35 Street,East 34 Street,SB,85,74.75,0.0
2021-07-16,6,Manhattan,5 AVENUE,East 35 Street,East 34 Street,SB,118,74.75,0.0
2021-07-16,6,Manhattan,5 AVENUE,East 35 Street,East 34 Street,SB,124,74.75,0.0
2021-07-16,6,Manhattan,5 AVENUE,East 35 Street,East 34 Street,SB,158,74.75,0.0
2021-07-16,7,Manhattan,5 AVENUE,East 35 Street,East 34 Street,SB,173,76.64,0.0
2021-07-16,7,Manhattan,5 AVENUE,East 35 Street,East 34 Street,SB,191,76.64,0.0
2021-07-16,7,Manhattan,5 AVENUE,East 35 Street,East 34 Street,SB,216,76.64,0.0
2021-07-16,7,Manhattan,5 AVENUE,East 35 Street,East 34 Street,SB,237,76.64,0.0
2021-07-16,8,Manhattan,5 AVENUE,East 35 Street,East 34 Street,SB,290,79.7,0.0
2021-07-16,8,Manhattan,5 AVENUE,East 35 Street,East 34 Street,SB,255,79.7,0.0
2021-07-16,8,Manhattan,5 AVENUE,East 35 Street,East 34 Street,SB,288,79.7,0.0
2021-07-16,8,Manhattan,5 AVENUE,East 35 Street,East 34 Street,SB,175,79.7,0.0
2021-07-16,9,Manhattan,5 AVENUE,East 35 Street,East 34 Street,SB,177,81.95,0.0
2021-07-16,9,Manhattan,5 AVENUE,East 35 Street,East 34 Street,SB,184,81.95,0.0
2021-07-16,9,Manhattan,5 AVENUE,East 35 Street,East 34 Street,SB,188,81.95,0.0
2021-07-16,9,Manhattan,5 AVENUE,East 35 Street,East 34 Street,SB,181,81.95,0.0
2021-07-16,10,Manhattan,5 AVENUE,East 35 Street,East 34 Street,SB,193,84.2,0.0
2021-07-16,10,Manhattan,5 AVENUE,East 35 Street,East 34 Street,SB,189,84.2,0.0
2021-07-16,10,Manhattan,5 AVENUE,East 35 Street,East 34 Street,SB,231,84.2,0.0
2021-07-16,10,Manhattan,5 AVENUE,East 35 Street,East 34 Street,SB,215,84.2,0.0
2021-07-16,11,Manhattan,5 AVENUE,East 35 Street,East 34 Street,SB,218,86.270004,0.0
2021-07-16,11,Manhattan,5 AVENUE,East 35 Street,East 34 Street,SB,231,86.270004,0.0
2021-07-16,11,Manhattan,5 AVENUE,East 35 Street,East 34 Street,SB,226,86.270004,0.0
2021-07-16,11,Manhattan,5 AVENUE,East 35 Street,East 34 Street,SB,202,86.270004,0.0
2021-07-16,12,Manhattan,5 AVENUE,East 35 Street,East 34 Street,SB,244,87.439995,0.0
2021-07-16,12,Manhattan,5 AVENUE,East 35 Street,East 34 Street,SB,284,87.439995,0.0
2021-07-16,12,Manhattan,5 AVENUE,East 35 Street,East 34 Street,SB,261,87.439995,0.0
2021-07-16,12,Manhattan,5 AVENUE,East 35 Street,East 34 Street,SB,266,87.439995,0.0
2021-07-16,13,Manhattan,5 AVENUE,East 35 Street,East 34 Street,SB,231,87.71001,0.0
2021-07-16,13,Manhattan,5 AVENUE,East 35 Street,East 34 Street,SB,188,87.71001,0.0
2021-07-16,13,Manhattan,5 AVENUE,East 35 Street,East 34 Street,SB,286,87.71001,0.0
2021-07-16,13,Manhattan,5 AVENUE,East 35 Street,East 34 Street,SB,262,87.71001,0.0
2021-07-16,14,Manhattan,5 AVENUE,East 35 Street,East 34 Street,SB,332,88.7,0.003937008
2021-07-16,14,Manhattan,5 AVENUE,East 35 Street,East 34 Street,SB,296,88.7,0.003937008
2021-07-16,14,Manhattan,5 AVENUE,East 35 Street,East 34 Street,SB,248,88.7,0.003937008
2021-07-16,14,Manhattan,5 AVENUE,East 35 Street,East 34 Street,SB,314,88.7,0.003937008
2021-07-16,15,Manhattan,5 AVENUE,East 35 Street,East 34 Street,SB,269,88.61,0.0
2021-07-16,15,Manhattan,5 AVENUE,East 35 Street,East 34 Street,SB,257,88.61,0.0
2021-07-16,15,Manhattan,5 AVENUE,East 35 Street,East 34 Street,SB,283,88.61,0.0
2021-07-16,15,Manhattan,5 AVENUE,East 35 Street,East 34 Street,SB,316,88.61,0.0
2021-07-16,16,Manhattan,5 AVENUE,East 35 Street,East 34 Street,SB,239,86.63,0.0
2021-07-16,16,Manhattan,5 AVENUE,East 35 Street,East 34 Street,SB,253,86.63,0.0
2021-07-16,16,Manhattan,5 AVENUE,East 35 Street,East 34 Street,SB,278,86.63,0.0
2021-07-16,16,Manhattan,5 AVENUE,East 35 Street,East 34 Street,SB,303,86.63,0.0
2021-07-16,17,Manhattan,5 AVENUE,East 35 Street,East 34 Street,SB,322,86.63,0.0
2021-07-16,17,Manhattan,5 AVENUE,East 35 Street,East 34 Street,SB,294,86.63,0.0
2021-07-16,17,Manhattan,5 AVENUE,East 35 Street,East 34 Street,SB,314,86.63,0.0
2021-07-16,17,Manhattan,5 AVENUE,East 35 Street,East 34 Street,SB,268,86.63,0.0
2021-07-16,18,Manhattan,5 AVENUE,East 35 Street,East 34 Street,SB,248,86.18,0.0
2021-07-16,18,Manhattan,5 AVENUE,East 35 Street,East 34 Street,SB,287,86.18,0.0
2021-07-16,18,Manhattan,5 AVENUE,East 35 Street,East 34 Street,SB,299,86.18,0.0
2021-07-16,18,Manhattan,5 AVENUE,East 35 Street,East 34 Street,SB,298,86.18,0.0
2021-07-16,19,Manhattan,5 AVENUE,East 35 Street,East 34 Street,SB,287,85.189995,0.0
2021-07-16,19,Manhattan,5 AVENUE,East 35 Street,East 34 Street,SB,272,85.189995,0.0
2021-07-16,19,Manhattan,5 AVENUE,East 35 Street,East 34 Street,SB,291,85.189995,0.0
2021-07-16,19,Manhattan,5 AVENUE,East 35 Street,East 34 Street,SB,303,85.189995,0.0
2021-07-16,20,Manhattan,5 AVENUE,East 35 Street,East 34 Street,SB,302,85.01,0.0
2021-07-16,20,Manhattan,5 AVENUE,East 35 Street,East 34 Street,SB,287,85.01,0.0
2021-07-16,20,Manhattan,5 AVENUE,East 35 Street,East 34 Street,SB,252,85.01,0.0
2021-07-16,20,Manhattan,5 AVENUE,East 35 Street,East 34 Street,SB,268,85.01,0.0
2021-07-16,21,Manhattan,5 AVENUE,East 35 Street,East 34 Street,SB,255,83.57,0.0
2021-07-16,21,Manhattan,5 AVENUE,East 35 Street,East 34 Street,SB,281,83.57,0.0
2021-07-16,21,Manhattan,5 AVENUE,East 35 Street,East 34 Street,SB,272,83.57,0.0
2021-07-16,21,Manhattan,5 AVENUE,East 35 Street,East 34 Street,SB,251,83.57,0.0
2021-07-16,22,Manhattan,5 AVENUE,East 35 Street,East 34 Street,SB,248,80.51,0.0
2021-07-16,22,Manhattan,5 AVENUE,East 35 Street,East 34 Street,SB,258,80.51,0.0
2021-07-16,22,Manhattan,5 AVENUE,East 35 Street,East 34 Street,SB,261,80.51,0.0
2021-07-16,22,Manhattan,5 AVENUE,East 35 Street,East 34 Street,SB,228,80.51,0.0
2021-07-16,23,Manhattan,5 AVENUE,East 35 Street,East 34 Street,SB,143,79.07,0.0
2023-11-04,23,Manhattan,YORK AVENUE,Astoria Line,East 61 Street,NB,112,49.190002,0.0
2023-11-01,0,Manhattan,YORK AVENUE,Astoria Line,East 61 Street,SB,41,46.4,0.0
2023-11-01,0,Manhattan,YORK AVENUE,Astoria Line,East 61 Street,SB,29,46.4,0.0
2023-11-01,0,Manhattan,YORK AVENUE,Astoria Line,East 61 Street,SB,38,46.4,0.0
2023-11-01,0,Manhattan,YORK AVENUE,Astoria Line,East 61 Street,SB,19,46.4,0.0
2023-11-01,1,Manhattan,YORK AVENUE,Astoria Line,East 61 Street,SB,16,45.95,0.0
2023-11-01,1,Manhattan,YORK AVENUE,Astoria Line,East 61 Street,SB,14,45.95,0.0
2023-11-01,1,Manhattan,YORK AVENUE,Astoria Line,East 61 Street,SB,15,45.95,0.0
2023-11-01,1,Manhattan,YORK AVENUE,Astoria Line,East 61 Street,SB,13,45.95,0.0
2023-11-01,2,Manhattan,YORK AVENUE,Astoria Line,East 61 Street,SB,8,45.5,0.0
2023-11-01,2,Manhattan,YORK AVENUE,Astoria Line,East 61 Street,SB,13,45.5,0.0
2023-11-01,2,Manhattan,YORK AVENUE,Astoria Line,East 61 Street,SB,18,45.5,0.0
2023-11-01,2,Manhattan,YORK AVENUE,Astoria Line,East 61 Street,SB,10,45.5,0.0
2023-11-01,3,Manhattan,YORK AVENUE,Astoria Line,East 61 Street,SB,14,45.41,0.003937008
2023-11-01,3,Manhattan,YORK AVENUE,Astoria Line,East 61 Street,SB,14,45.41,0.003937008
2023-11-01,3,Manhattan,YORK AVENUE,Astoria Line,East 61 Street,SB,6,45.41,0.003937008
2023-11-01,3,Manhattan,YORK AVENUE,Astoria Line,East 61 Street,SB,11,45.41,0.003937008
2023-11-01,4,Manhattan,YORK AVENUE,Astoria Line,East 61 Street,SB,21,44.690002,0.0118110245
2023-11-01,4,Manhattan,YORK AVENUE,Astoria Line,East 61 Street,SB,14,44.690002,0.0118110245
2023-11-01,4,Manhattan,YORK AVENUE,Astoria Line,East 61 Street,SB,20,44.690002,0.0118110245
2023-11-01,4,Manhattan,YORK AVENUE,Astoria Line,East 61 Street,SB,25,44.690002,0.0118110245
2023-11-01,5,Manhattan,YORK AVENUE,Astoria Line,East 61 Street,SB,23,44.15,0.015748031
2023-11-01,5,Manhattan,YORK AVENUE,Astoria Line,East 61 Street,SB,46,44.15,0.015748031
2023-11-01,5,Manhattan,YORK AVENUE,Astoria Line,East 61 Street,SB,34,44.15,0.015748031
2023-11-01,5,Manhattan,YORK AVENUE,Astoria Line,East 61 Street,SB,27,44.15,0.015748031
2023-11-01,6,Manhattan,YORK AVENUE,Astoria Line,East 61 Street,SB,114,44.059998,0.007874016
2023-11-01,6,Manhattan,YORK AVENUE,Astoria Line,East 61 Street,SB,97,44.059998,0.007874016
2023-11-01,6,Manhattan,YORK AVENUE,Astoria Line,East 61 Street,SB,102,44.059998,0.007874016
2023-11-01,6,Manhattan,YORK AVENUE,Astoria Line,East 61 Street,SB,73,44.059998,0.007874016
2023-11-01,7,Manhattan,YORK AVENUE,Astoria Line,East 61 Street,SB,100,43.879997,0.003937008
2023-11-01,7,Manhattan,YORK AVENUE,Astoria Line,East 61 Street,SB,77,43.879997,0.003937008
2023-11-01,7,Manhattan,YORK AVENUE,Astoria Line,East 61 Street,SB,63,43.879997,0.003937008
2023-11-01,7,Manhattan,YORK AVENUE,Astoria Line,East 61 Street,SB,66,43.879997,0.003937008
2023-11-01,8,Manhattan,YORK AVENUE,Astoria Line,East 61 Street,SB,71,43.25,0.003937008
2023-11-01,8,Manhattan,YORK AVENUE,Astoria Line,East 61 Street,SB,67,43.25,0.003937008
2023-11-01,8,Manhattan,YORK AVENUE,Astoria Line,East 61 Street,SB,77,43.25,0.003937008
2023-11-01,8,Manhattan,YORK AVENUE,Astoria Line,East 61 Street,SB,73,43.25,0.003937008
2023-11-01,9,Manhattan,YORK AVENUE,Astoria Line,East 61 Street,SB,106,42.17,0.007874016
2023-11-01,9,Manhattan,YORK AVENUE,Astoria Line,East 61 Street,SB,99,42.17,0.007874016
2023-11-01,9,Manhattan,YORK AVENUE,Astoria Line,East 61 Street,SB,73,42.17,0.007874016
2023-11-01,9,Manhattan,YORK AVENUE,Astoria Line,East 61 Street,SB,78,42.17,0.007874016
2023-11-01,10,Manhattan,YORK AVENUE,Astoria Line,East 61 Street,SB,108,41.27,0.0118110245
2023-11-01,10,Manhattan,YORK AVENUE,Astoria Line,East 61 Street,SB,92,41.27,0.0118110245
2023-11-01,10,Manhattan,YORK AVENUE,Astoria Line,East 61 Street,SB,85,41.27,0.0118110245
2023-11-01,10,Manhattan,YORK AVENUE,Astoria Line,East 61 Street,SB,75,41.27,0.0118110245
2023-11-01,11,Manhattan,YORK AVENUE,Astoria Line,East 61 Street,SB,106,41.629997,0.007874016
2023-11-01,11,Manhattan,YORK AVENUE,Astoria Line,East 61 Street,SB,88,41.629997,0.007874016
2023-11-01,11,Manhattan,YORK AVENUE,Astoria Line,East 61 Street,SB,93,41.629997,0.007874016
2023-11-01,11,Manhattan,YORK AVENUE,Astoria Line,East 61 Street,SB,96,41.629997,0.007874016
2023-11-01,12,Manhattan,YORK AVENUE,Astoria Line,East 61 Street,SB,144,42.440002,0.0
2023-11-01,12,Manhattan,YORK AVENUE,Astoria Line,East 61 Street,SB,98,42.440002,0.0
2023-11-01,12,Manhattan,YORK AVENUE,Astoria Line,East 61 Street,SB,128,42.440002,0.0
2023-11-01,12,Manhattan,YORK AVENUE,Astoria Line,East 61 Street,SB,90,42.440002,0.0
2023-11-01,13,Manhattan,YORK AVENUE,Astoria Line,East 61 Street,SB,102,45.23,0.0
2023-11-01,13,Manhattan,YORK AVENUE,Astoria Line,East 61 Street,SB,135,45.23,0.0
2023-11-01,13,Manhattan,YORK AVENUE,Astoria Line,East 61 Street,SB,142,45.23,0.0
2023-11-01,13,Manhattan,YORK AVENUE,Astoria Line,East 61 Street,SB,105,45.23,0.0
2023-11-01,14,Manhattan,YORK AVENUE,Astoria Line,East 61 Street,SB,87,48.559998,0.003937008
2023-11-01,14,Manhattan,YORK AVENUE,Astoria Line,East 61 Street,SB,98,48.559998,0.003937008
2023-11-01,14,Manhattan,YORK AVENUE,Astoria Line,East 61 Street,SB,110,48.559998,0.003937008
2023-11-01,14,Manhattan,YORK AVENUE,Astoria Line,East 61 Street,SB,118,48.559998,0.003937008
2023-11-01,15,Manhattan,YORK AVENUE,Astoria Line,East 61 Street,SB,132,48.02,0.0
2023-11-01,15,Manhattan,YORK AVENUE,Astoria Line,East 61 Street,SB,143,48.02,0.0
2023-11-01,15,Manhattan,YORK AVENUE,Astoria Line,East 61 Street,SB,153,48.02,0.0
2023-11-01,15,Manhattan,YORK AVENUE,Astoria Line,East 61 Street,SB,153,48.02,0.0
2023-11-01,16,Manhattan,YORK AVENUE,Astoria Line,East 61 Street,SB,161,48.65,0.0
2023-11-01,16,Manhattan,YORK AVENUE,Astoria Line,East 61 Street,SB,156,48.65,0.0
2023-11-01,16,Manhattan,YORK AVENUE,Astoria Line,East 61 Street,SB,158,48.65,0.0
2023-11-01,16,Manhattan,YORK AVENUE,Astoria Line,East 61 Street,SB,158,48.65,0.0
2023-11-01,17,Manhattan,YORK AVENUE,Astoria Line,East 61 Street,SB,194,46.67,0.0
2023-11-01,17,Manhattan,YORK AVENUE,Astoria Line,East 61 Street,SB,165,46.67,0.0
2023-11-01,17,Manhattan,YORK AVENUE,Astoria Line,East 61 Street,SB,148,46.67,0.0
2023-11-01,17,Manhattan,YORK AVENUE,Astoria Line,East 61 Street,SB,138,46.67,0.0
2023-11-01,18,Manhattan,YORK AVENUE,Astoria Line,East 61 Street,SB,162,44.059998,0.0
2023-11-01,18,Manhattan,YORK AVENUE,Astoria Line,East 61 Street,SB,140,44.059998,0.0
2023-11-01,18,Manhattan,YORK AVENUE,Astoria Line,East 61 Street,SB,127,44.059998,0.0
2023-11-01,18,Manhattan,YORK AVENUE,Astoria Line,East 61 Street,SB,114,44.059998,0.0
2023-11-01,19,Manhattan,YORK AVENUE,Astoria Line,East 61 Street,SB,162,42.17,0.0
2023-11-01,19,Manhattan,YORK AVENUE,Astoria Line,East 61 Street,SB,147,42.17,0.0
2023-11-01,19,Manhattan,YORK AVENUE,Astoria Line,East 61 Street,SB,158,42.17,0.0
2023-11-01,19,Manhattan,YORK AVENUE,Astoria Line,East 61 Street,SB,119,42.17,0.0
2023-11-01,20,Manhattan,YORK AVENUE,Astoria Line,East 61 Street,SB,117,40.91,0.0
2023-11-01,20,Manhattan,YORK AVENUE,Astoria Line,East 61 Street,SB,107,40.91,0.0
2023-11-01,20,Manhattan,YORK AVENUE,Astoria Line,East 61 Street,SB,110,40.91,0.0
2023-11-01,20,Manhattan,YORK AVENUE,Astoria Line,East 61 Street,SB,100,40.91,0.0
2023-11-01,21,Manhattan,YORK AVENUE,Astoria Line,East 61 Street,SB,72,40.010002,0.0
2023-11-01,21,Manhattan,YORK AVENUE,Astoria Line,East 61 Street,SB,69,40.010002,0.0
2023-11-01,21,Manhattan,YORK AVENUE,Astoria Line,East 61 Street,SB,78,40.010002,0.0
2023-11-01,21,Manhattan,YORK AVENUE,Astoria Line,East 61 Street,SB,68,40.010002,0.0
2023-11-01,22,Manhattan,YORK AVENUE,Astoria Line,East 61 Street,SB,74,39.02,0.0
2023-11-01,22,Manhattan,YORK AVENUE,Astoria Line,East 61 Street,SB,69,39.02,0.0
2023-11-01,22,Manhattan,YORK AVENUE,Astoria Line,East 61 Street,SB,79,39.02,0.0
2023-11-01,22,Manhattan,YORK AVENUE,Astoria Line,East 61 Street,SB,60,39.02,0.0
2023-11-01,23,Manhattan,YORK AVENUE,Astoria Line,East 61 Street,SB,64,37.94,0.0
2023-11-01,23,Manhattan,YORK AVENUE,Astoria Line,East 61 Street,SB,75,37.94,0.0
2023-11-01,23,Manhattan,YORK AVENUE,Astoria Line,East 61 Street,SB,79,37.94,0.0
2023-11-01,23,Manhattan,YORK AVENUE,Astoria Line,East 61 Street,SB,58,37.94,0.0
2023-11-02,0,Manhattan,YORK AVENUE,Astoria Line,East 61 Street,SB,90,36.77,0.0
2023-11-02,0,Manhattan,YORK AVENUE,Astoria Line,East 61 Street,SB,62,36.77,0.0
2023-11-02,0,Manhattan,YORK AVENUE,Astoria Line,East 61 Street,SB,36,36.77,0.0
2023-11-02,0,Manhattan,YORK AVENUE,Astoria Line,East 61 Street,SB,34,36.77,0.0
2022-09-19,21,Bronx,BOSTON ROAD,Seabury Place,East 173 Street,EB,51,70.61,0.0
2022-09-19,21,Bronx,BOSTON ROAD,Seabury Place,East 173 Street,EB,60,70.61,0.0
2022-09-19,21,Bronx,BOSTON ROAD,Seabury Place,East 173 Street,EB,64,70.61,0.0
2022-09-19,22,Bronx,BOSTON ROAD,Seabury Place,East 173 Street,EB,52,69.89,0.0
2022-09-19,22,Bronx,BOSTON ROAD,Seabury Place,East 173 Street,EB,62,69.89,0.0
2022-09-19,22,Bronx,BOSTON ROAD,Seabury Place,East 173 Street,EB,79,69.89,0.0
2022-09-19,22,Bronx,BOSTON ROAD,Seabury Place,East 173 Street,EB,54,69.89,0.0
2022-09-19,23,Bronx,BOSTON ROAD,Seabury Place,East 173 Street,EB,50,68.99,0.0
2022-09-19,23,Bronx,BOSTON ROAD,Seabury Place,East 173 Street,EB,54,68.99,0.0
2022-09-19,23,Bronx,BOSTON ROAD,Seabury Place,East 173 Street,EB,46,68.99,0.0
2022-09-19,23,Bronx,BOSTON ROAD,Seabury Place,East 173 Street,EB,37,68.99,0.0
2022-09-20,0,Bronx,BOSTON ROAD,Seabury Place,East 173 Street,EB,34,68.630005,0.0
2022-09-20,0,Bronx,BOSTON ROAD,Seabury Place,East 173 Street,EB,48,68.630005,0.0
2022-09-20,0,Bronx,BOSTON ROAD,Seabury Place,East 173 Street,EB,34,68.630005,0.0
2022-09-20,0,Bronx,BOSTON ROAD,Seabury Place,East 173 Street,EB,34,68.630005,0.0
2022-09-20,1,Bronx,BOSTON ROAD,Seabury Place,East 173 Street,EB,28,67.91,0.0
2022-09-20,1,Bronx,BOSTON ROAD,Seabury Place,East 173 Street,EB,26,67.91,0.0
2022-09-20,1,Bronx,BOSTON ROAD,Seabury Place,East 173 Street,EB,16,67.91,0.0
2022-09-20,1,Bronx,BOSTON ROAD,Seabury Place,East 173 Street,EB,22,67.91,0.0
2022-09-20,2,Bronx,BOSTON ROAD,Seabury Place,East 173 Street,EB,27,67.369995,0.0
2022-09-20,2,Bronx,BOSTON ROAD,Seabury Place,East 173 Street,EB,18,67.369995,0.0
2022-09-20,2,Bronx,BOSTON ROAD,Seabury Place,East 173 Street,EB,21,67.369995,0.0
2022-09-20,2,Bronx,BOSTON ROAD,Seabury Place,East 173 Street,EB,16,67.369995,0.0
2022-09-20,3,Bronx,BOSTON ROAD,Seabury Place,East 173 Street,EB,20,66.83,0.0
2022-09-20,3,Bronx,BOSTON ROAD,Seabury Place,East 173 Street,EB,13,66.83,0.0
2022-09-20,3,Bronx,BOSTON ROAD,Seabury Place,East 173 Street,EB,14,66.83,0.0
2022-09-20,3,Bronx,BOSTON ROAD,Seabury Place,East 173 Street,EB,14,66.83,0.0
2022-09-20,4,Bronx,BOSTON ROAD,Seabury Place,East 173 Street,EB,10,66.74,0.0
2022-09-20,4,Bronx,BOSTON ROAD,Seabury Place,East 173 Street,EB,17,66.74,0.0
2022-09-20,4,Bronx,BOSTON ROAD,Seabury Place,East 173 Street,EB,21,66.74,0.0
2022-09-20,4,Bronx,BOSTON ROAD,Seabury Place,East 173 Street,EB,23,66.74,0.0
2022-09-20,5,Bronx,BOSTON ROAD,Seabury Place,East 173 Street,EB,25,65.93,0.0
2022-09-20,5,Bronx,BOSTON ROAD,Seabury Place,East 173 Street,EB,20,65.93,0.0
2022-09-20,5,Bronx,BOSTON ROAD,Seabury Place,East 173 Street,EB,30,65.93,0.0
2022-09-20,5,Bronx,BOSTON ROAD,Seabury Place,East 173 Street,EB,50,65.93,0.0
2022-09-20,6,Bronx,BOSTON ROAD,Seabury Place,East 173 Street,EB,45,64.85,0.0
2022-09-20,6,Bronx,BOSTON ROAD,Seabury Place,East 173 Street,EB,50,64.85,0.0
2022-09-20,6,Bronx,BOSTON ROAD,Seabury Place,East 173 Street,EB,72,64.85,0.0
2022-09-20,6,Bronx,BOSTON ROAD,Seabury Place,East 173 Street,EB,72,64.85,0.0
2022-09-20,7,Bronx,BOSTON ROAD,Seabury Place,East 173 Street,EB,98,64.49,0.0
2022-09-20,7,Bronx,BOSTON ROAD,Seabury Place,East 173 Street,EB,113,64.49,0.0
2022-09-20,7,Bronx,BOSTON ROAD,Seabury Place,East 173 Street,EB,116,64.49,0.0
2022-09-20,7,Bronx,BOSTON ROAD,Seabury Place,East 173 Street,EB,155,64.49,0.0
2022-09-20,8,Bronx,BOSTON ROAD,Seabury Place,East 173 Street,EB,168,67.82,0.0
2022-09-20,8,Bronx,BOSTON ROAD,Seabury Place,East 173 Street,EB,174,67.82,0.0
2022-09-20,8,Bronx,BOSTON ROAD,Seabury Place,East 173 Street,EB,176,67.82,0.0
2022-09-20,8,Bronx,BOSTON ROAD,Seabury Place,East 173 Street,EB,144,67.82,0.0
2022-09-20,9,Bronx,BOSTON ROAD,Seabury Place,East 173 Street,EB,112,70.34,0.0
2022-09-20,9,Bronx,BOSTON ROAD,Seabury Place,East 173 Street,EB,108,70.34,0.0
2022-09-20,9,Bronx,BOSTON ROAD,Seabury Place,East 173 Street,EB,93,70.34,0.0
2022-09-20,9,Bronx,BOSTON ROAD,Seabury Place,East 173 Street,EB,113,70.34,0.0
2022-09-20,10,Bronx,BOSTON ROAD,Seabury Place,East 173 Street,EB,112,72.41,0.0
2022-09-20,10,Bronx,BOSTON ROAD,Seabury Place,East 173 Street,EB,126,72.41,0.0
2022-09-20,10,Bronx,BOSTON ROAD,Seabury Place,East 173 Street,EB,118,72.41,0.0
2022-09-20,10,Bronx,BOSTON ROAD,Seabury Place,East 173 Street,EB,97,72.41,0.0
2022-09-20,11,Bronx,BOSTON ROAD,Seabury Place,East 173 Street,EB,106,73.94,0.0
2022-09-20,11,Bronx,BOSTON ROAD,Seabury Place,East 173 Street,EB,115,73.94,0.0
2022-09-20,11,Bronx,BOSTON ROAD,Seabury Place,East 173 Street,EB,128,73.94,0.0
2022-09-20,11,Bronx,BOSTON ROAD,Seabury Place,East 173 Street,EB,134,73.94,0.0
2022-09-20,12,Bronx,BOSTON ROAD,Seabury Place,East 173 Street,EB,100,75.29,0.0
2022-09-20,12,Bronx,BOSTON ROAD,Seabury Place,East 173 Street,EB,118,75.29,0.0
2022-09-20,12,Bronx,BOSTON ROAD,Seabury Place,East 173 Street,EB,133,75.29,0.0
2022-09-20,12,Bronx,BOSTON ROAD,Seabury Place,East 173 Street,EB,138,75.29,0.0
2022-09-20,13,Bronx,BOSTON ROAD,Seabury Place,East 173 Street,EB,118,76.73,0.0
2022-09-20,13,Bronx,BOSTON ROAD,Seabury Place,East 173 Street,EB,118,76.73,0.0
2022-09-20,13,Bronx,BOSTON ROAD,Seabury Place,East 173 Street,EB,144,76.73,0.0
2022-09-20,13,Bronx,BOSTON ROAD,Seabury Place,East 173 Street,EB,142,76.73,0.0
2022-09-20,14,Bronx,BOSTON ROAD,Seabury Place,East 173 Street,EB,141,77.81,0.0
2022-09-20,14,Bronx,BOSTON ROAD,Seabury Place,East 173 Street,EB,138,77.81,0.0
2022-09-20,14,Bronx,BOSTON ROAD,Seabury Place,East 173 Street,EB,156,77.81,0.0
2022-09-20,14,Bronx,BOSTON ROAD,Seabury Place,East 173 Street,EB,152,77.81,0.0
2022-09-20,15,Bronx,BOSTON ROAD,Seabury Place,East 173 Street,EB,172,78.08,0.0
2022-09-20,15,Bronx,BOSTON ROAD,Seabury Place,East 173 Street,EB,185,78.08,0.0
2022-09-20,15,Bronx,BOSTON ROAD,Seabury Place,East 173 Street,EB,180,78.08,0.0
2022-09-20,15,Bronx,BOSTON ROAD,Seabury Place,East 173 Street,EB,234,78.08,0.0
2022-09-20,16,Bronx,BOSTON ROAD,Seabury Place,East 173 Street,EB,212,79.25,0.0
2022-09-20,16,Bronx,BOSTON ROAD,Seabury Place,East 173 Street,EB,229,79.25,0.0
2022-09-20,16,Bronx,BOSTON ROAD,Seabury Place,East 173 Street,EB,211,79.25,0.0
2022-09-20,16,Bronx,BOSTON ROAD,Seabury Place,East 173 Street,EB,234,79.25,0.0
2022-09-20,17,Bronx,BOSTON ROAD,Seabury Place,East 173 Street,EB,217,78.26,0.0
2022-09-20,17,Bronx,BOSTON ROAD,Seabury Place,East 173 Street,EB,218,78.26,0.0
2022-09-20,17,Bronx,BOSTON ROAD,Seabury Place,East 173 Street,EB,178,78.26,0.0
2022-09-20,17,Bronx,BOSTON ROAD,Seabury Place,East 173 Street,EB,169,78.26,0.0
2022-09-20,18,Bronx,BOSTON ROAD,Seabury Place,East 173 Street,EB,182,76.64,0.0
2022-09-20,18,Bronx,BOSTON ROAD,Seabury Place,East 173 Street,EB,146,76.64,0.0
2022-09-20,18,Bronx,BOSTON ROAD,Seabury Place,East 173 Street,EB,163,76.64,0.0
2022-09-20,18,Bronx,BOSTON ROAD,Seabury Place,East 173 Street,EB,146,76.64,0.0
2022-09-20,19,Bronx,BOSTON ROAD,Seabury Place,East 173 Street,EB,137,73.4,0.0
2022-09-20,19,Bronx,BOSTON ROAD,Seabury Place,East 173 Street,EB,133,73.4,0.0
2022-09-20,19,Bronx,BOSTON ROAD,Seabury Place,East 173 Street,EB,123,73.4,0.0
2022-09-20,19,Bronx,BOSTON ROAD,Seabury Place,East 173 Street,EB,110,73.4,0.0
2022-09-20,20,Bronx,BOSTON ROAD,Seabury Place,East 173 Street,EB,99,70.97,0.0
2022-09-20,20,Bronx,BOSTON ROAD,Seabury Place,East 173 Street,EB,85,70.97,0.0
2022-09-20,20,Bronx,BOSTON ROAD,Seabury Place,East 173 Street,EB,72,70.97,0.0
2022-09-20,20,Bronx,BOSTON ROAD,Seabury Place,East 173 Street,EB,88,70.97,0.0
2022-09-20,21,Bronx,BOSTON ROAD,Seabury Place,East 173 Street,EB,86,69.44,0.0
2022-09-20,21,Bronx,BOSTON ROAD,Seabury Place,East 173 Street,EB,91,69.44,0.0
2022-09-20,21,Bronx,BOSTON ROAD,Seabury Place,East 173 Street,EB,78,69.44,0.0
2022-09-20,21,Bronx,BOSTON ROAD,Seabury Place,East 173 Street,EB,85,69.44,0.0
2022-09-20,22,Bronx,BOSTON ROAD,Seabury Place,East 173 Street,EB,76,67.91,0.0
2022-09-20,22,Bronx,BOSTON ROAD,Seabury Place,East 173 Street,EB,60,67.91,0.0
2022-09-20,22,Bronx,BOSTON ROAD,Seabury Place,East 173 Street,EB,65,67.91,0.0
2022-09-20,22,Bronx,BOSTON ROAD,Seabury Place,East 173 Street,EB,63,67.91,0.0
2022-09-20,23,Bronx,BOSTON ROAD,Seabury Place,East 173 Street,EB,62,67.01,0.0
2022-09-20,23,Bronx,BOSTON ROAD,Seabury Place,East 173 Street,EB,70,67.01,0.0
2021-11-15,5,Brooklyn,65 STREET,Dead End,5 Avenue,WB,18,37.85,0.0
2021-11-15,5,Brooklyn,65 STREET,Dead End,5 Avenue,WB,11,37.85,0.0
2021-11-15,6,Brooklyn,65 STREET,Dead End,5 Avenue,WB,16,37.22,0.0
2021-11-15,6,Brooklyn,65 STREET,Dead End,5 Avenue,WB,18,37.22,0.0
2021-11-15,6,Brooklyn,65 STREET,Dead End,5 Avenue,WB,23,37.22,0.0
2021-11-15,6,Brooklyn,65 STREET,Dead End,5 Avenue,WB,27,37.22,0.0
2021-11-15,7,Brooklyn,65 STREET,Dead End,5 Avenue,WB,26,37.13,0.0
2021-11-15,7,Brooklyn,65 STREET,Dead End,5 Avenue,WB,32,37.13,0.0
2021-11-15,7,Brooklyn,65 STREET,Dead End,5 Avenue,WB,46,37.13,0.0
2021-11-15,7,Brooklyn,65 STREET,Dead End,5 Avenue,WB,65,37.13,0.0
2021-11-15,8,Brooklyn,65 STREET,Dead End,5 Avenue,WB,42,38.48,0.0
2021-11-15,8,Brooklyn,65 STREET,Dead End,5 Avenue,WB,67,38.48,0.0
2021-11-15,8,Brooklyn,65 STREET,Dead End,5 Avenue,WB,50,38.48,0.0
2021-11-15,8,Brooklyn,65 STREET,Dead End,5 Avenue,WB,60,38.48,0.0
2021-11-15,9,Brooklyn,65 STREET,Dead End,5 Avenue,WB,42,41.0,0.007874016
2021-11-15,9,Brooklyn,65 STREET,Dead End,5 Avenue,WB,54,41.0,0.007874016
2021-11-15,9,Brooklyn,65 STREET,Dead End,5 Avenue,WB,56,41.0,0.007874016
2021-11-15,9,Brooklyn,65 STREET,Dead End,5 Avenue,WB,51,41.0,0.007874016
2021-11-15,10,Brooklyn,65 STREET,Dead End,5 Avenue,WB,64,41.809998,0.003937008
2021-11-15,10,Brooklyn,65 STREET,Dead End,5 Avenue,WB,61,41.809998,0.003937008
2021-11-15,10,Brooklyn,65 STREET,Dead End,5 Avenue,WB,54,41.809998,0.003937008
2021-11-15,10,Brooklyn,65 STREET,Dead End,5 Avenue,WB,53,41.809998,0.003937008
2021-11-15,11,Brooklyn,65 STREET,Dead End,5 Avenue,WB,50,42.17,0.003937008
2021-11-15,11,Brooklyn,65 STREET,Dead End,5 Avenue,WB,71,42.17,0.003937008
2021-11-15,11,Brooklyn,65 STREET,Dead End,5 Avenue,WB,51,42.17,0.003937008
2021-11-15,11,Brooklyn,65 STREET,Dead End,5 Avenue,WB,76,42.17,0.003937008
2021-11-15,12,Brooklyn,65 STREET,Dead End,5 Avenue,WB,73,44.87,0.0
2021-11-15,12,Brooklyn,65 STREET,Dead End,5 Avenue,WB,59,44.87,0.0
2021-11-15,12,Brooklyn,65 STREET,Dead End,5 Avenue,WB,52,44.87,0.0
2021-11-15,12,Brooklyn,65 STREET,Dead End,5 Avenue,WB,61,44.87,0.0
2021-11-15,13,Brooklyn,65 STREET,Dead End,5 Avenue,WB,61,46.58,0.0
2021-11-15,13,Brooklyn,65 STREET,Dead End,5 Avenue,WB,65,46.58,0.0
2021-11-15,13,Brooklyn,65 STREET,Dead End,5 Avenue,WB,58,46.58,0.0
2021-11-15,13,Brooklyn,65 STREET,Dead End,5 Avenue,WB,60,46.58,0.0
2021-11-15,14,Brooklyn,65 STREET,Dead End,5 Avenue,WB,72,47.3,0.003937008
2021-11-15,14,Brooklyn,65 STREET,Dead End,5 Avenue,WB,78,47.3,0.003937008
2021-11-15,14,Brooklyn,65 STREET,Dead End,5 Avenue,WB,60,47.3,0.003937008
2021-11-15,14,Brooklyn,65 STREET,Dead End,5 Avenue,WB,58,47.3,0.003937008
2021-11-15,15,Brooklyn,65 STREET,Dead End,5 Avenue,WB,70,47.3,0.0
2021-11-15,15,Brooklyn,65 STREET,Dead End,5 Avenue,WB,74,47.3,0.0
2021-11-15,15,Brooklyn,65 STREET,Dead End,5 Avenue,WB,75,47.3,0.0
2021-11-15,15,Brooklyn,65 STREET,Dead End,5 Avenue,WB,81,47.3,0.0
2021-11-15,16,Brooklyn,65 STREET,Dead End,5 Avenue,WB,80,47.39,0.0
2021-11-15,16,Brooklyn,65 STREET,Dead End,5 Avenue,WB,101,47.39,0.0
2021-11-15,16,Brooklyn,65 STREET,Dead End,5 Avenue,WB,92,47.39,0.0
2021-11-15,16,Brooklyn,65 STREET,Dead End,5 Avenue,WB,105,47.39,0.0
2021-11-15,17,Brooklyn,65 STREET,Dead End,5 Avenue,WB,118,47.03,0.0
2021-11-15,17,Brooklyn,65 STREET,Dead End,5 Avenue,WB,104,47.03,0.0
2021-11-15,17,Brooklyn,65 STREET,Dead End,5 Avenue,WB,86,47.03,0.0
2021-11-15,17,Brooklyn,65 STREET,Dead End,5 Avenue,WB,86,47.03,0.0
2021-11-15,18,Brooklyn,65 STREET,Dead End,5 Avenue,WB,90,44.78,0.0
2021-11-15,18,Brooklyn,65 STREET,Dead End,5 Avenue,WB,104,44.78,0.0
2021-11-15,18,Brooklyn,65 STREET,Dead End,5 Avenue,WB,75,44.78,0.0
2021-11-15,18,Brooklyn,65 STREET,Dead End,5 Avenue,WB,76,44.78,0.0
2021-11-15,19,Brooklyn,65 STREET,Dead End,5 Avenue,WB,83,44.33,0.0
2021-11-15,19,Brooklyn,65 STREET,Dead End,5 Avenue,WB,86,44.33,0.0
2021-11-15,19,Brooklyn,65 STREET,Dead End,5 Avenue,WB,70,44.33,0.0
2021-11-15,19,Brooklyn,65 STREET,Dead End,5 Avenue,WB,51,44.33,0.0
2021-11-15,20,Brooklyn,65 STREET,Dead End,5 Avenue,WB,50,43.61,0.0
2021-11-15,20,Brooklyn,65 STREET,Dead End,5 Avenue,WB,38,43.61,0.0
2021-11-15,20,Brooklyn,65 STREET,Dead End,5 Avenue,WB,29,43.61,0.0
2021-11-15,20,Brooklyn,65 STREET,Dead End,5 Avenue,WB,44,43.61,0.0
2021-11-15,21,Brooklyn,65 STREET,Dead End,5 Avenue,WB,38,41.54,0.0
2021-11-15,21,Brooklyn,65 STREET,Dead End,5 Avenue,WB,25,41.54,0.0
2021-11-15,21,Brooklyn,65 STREET,Dead End,5 Avenue,WB,27,41.54,0.0
2021-11-15,21,Brooklyn,65 STREET,Dead End,5 Avenue,WB,25,41.54,0.0
2021-11-15,22,Brooklyn,65 STREET,Dead End,5 Avenue,WB,29,40.73,0.0
2021-11-15,22,Brooklyn,65 STREET,Dead End,5 Avenue,WB,27,40.73,0.0
2021-11-15,22,Brooklyn,65 STREET,Dead End,5 Avenue,WB,29,40.73,0.0
2021-11-15,22,Brooklyn,65 STREET,Dead End,5 Avenue,WB,26,40.73,0.0
2021-11-15,23,Brooklyn,65 STREET,Dead End,5 Avenue,WB,20,40.28,0.0
2021-11-15,23,Brooklyn,65 STREET,Dead End,5 Avenue,WB,19,40.28,0.0
2021-11-15,23,Brooklyn,65 STREET,Dead End,5 Avenue,WB,25,40.28,0.0
2021-11-15,23,Brooklyn,65 STREET,Dead End,5 Avenue,WB,22,40.28,0.0
2021-11-16,0,Brooklyn,65 STREET,Dead End,5 Avenue,WB,32,39.829998,0.0
2021-11-16,0,Brooklyn,65 STREET,Dead End,5 Avenue,WB,21,39.829998,0.0
2021-11-16,0,Brooklyn,65 STREET,Dead End,5 Avenue,WB,14,39.829998,0.0
2021-11-16,0,Brooklyn,65 STREET,Dead End,5 Avenue,WB,14,39.829998,0.0
2021-11-16,1,Brooklyn,65 STREET,Dead End,5 Avenue,WB,14,39.2,0.0
2021-11-16,1,Brooklyn,65 STREET,Dead End,5 Avenue,WB,14,39.2,0.0
2021-11-16,1,Brooklyn,65 STREET,Dead End,5 Avenue,WB,14,39.2,0.0
2021-11-16,1,Brooklyn,65 STREET,Dead End,5 Avenue,WB,10,39.2,0.0
2021-11-16,2,Brooklyn,65 STREET,Dead End,5 Avenue,WB,18,38.57,0.0
2021-11-16,2,Brooklyn,65 STREET,Dead End,5 Avenue,WB,8,38.57,0.0
2021-11-16,2,Brooklyn,65 STREET,Dead End,5 Avenue,WB,7,38.57,0.0
2021-11-16,2,Brooklyn,65 STREET,Dead End,5 Avenue,WB,5,38.57,0.0
2021-11-16,3,Brooklyn,65 STREET,Dead End,5 Avenue,WB,11,37.85,0.0
2021-11-16,3,Brooklyn,65 STREET,Dead End,5 Avenue,WB,8,37.85,0.0
2021-11-16,3,Brooklyn,65 STREET,Dead End,5 Avenue,WB,11,37.85,0.0
2021-11-16,3,Brooklyn,65 STREET,Dead End,5 Avenue,WB,13,37.85,0.0
2021-11-16,4,Brooklyn,65 STREET,Dead End,5 Avenue,WB,6,37.04,0.0
2021-11-16,4,Brooklyn,65 STREET,Dead End,5 Avenue,WB,7,37.04,0.0
2021-11-16,4,Brooklyn,65 STREET,Dead End,5 Avenue,WB,13,37.04,0.0
2021-11-16,4,Brooklyn,65 STREET,Dead End,5 Avenue,WB,10,37.04,0.0
2021-11-16,5,Brooklyn,65 STREET,Dead End,5 Avenue,WB,14,36.5,0.0
2021-11-16,5,Brooklyn,65 STREET,Dead End,5 Avenue,WB,14,36.5,0.0
2021-11-16,5,Brooklyn,65 STREET,Dead End,5 Avenue,WB,12,36.5,0.0
2021-11-16,5,Brooklyn,65 STREET,Dead End,5 Avenue,WB,17,36.5,0.0
2021-11-16,6,Brooklyn,65 STREET,Dead End,5 Avenue,WB,9,36.05,0.0
2021-11-16,6,Brooklyn,65 STREET,Dead End,5 Avenue,WB,17,36.05,0.0
2021-11-16,6,Brooklyn,65 STREET,Dead End,5 Avenue,WB,19,36.05,0.0
2021-11-16,6,Brooklyn,65 STREET,Dead End,5 Avenue,WB,27,36.05,0.0
2021-11-16,7,Brooklyn,65 STREET,Dead End,5 Avenue,WB,27,35.6,0.0
2021-11-16,7,Brooklyn,65 STREET,Dead End,5 Avenue,WB,50,35.6,0.0
2021-11-16,7,Brooklyn,65 STREET,Dead End,5 Avenue,WB,42,35.6,0.0
2024-05-25,12,Brooklyn,LINDEN BOULEVARD,East 49 Street,Utica Avenue,WB,79,78.26,0.0
2024-05-25,12,Brooklyn,LINDEN BOULEVARD,East 49 Street,Utica Avenue,WB,88,78.26,0.0
2024-05-25,13,Brooklyn,LINDEN BOULEVARD,East 49 Street,Utica Avenue,WB,72,78.619995,0.0
2024-05-25,13,Brooklyn,LINDEN BOULEVARD,East 49 Street,Utica Avenue,WB,88,78.619995,0.0
2024-05-25,13,Brooklyn,LINDEN BOULEVARD,East 49 Street,Utica Avenue,WB,82,78.619995,0.0
2024-05-25,13,Brooklyn,LINDEN BOULEVARD,East 49 Street,Utica Avenue,WB,87,78.619995,0.0
2024-05-25,14,Brooklyn,LINDEN BOULEVARD,East 49 Street,Utica Avenue,WB,77,77.36,0.0
2024-05-25,14,Brooklyn,LINDEN BOULEVARD,East 49 Street,Utica Avenue,WB,94,77.36,0.0
2024-05-25,14,Brooklyn,LINDEN BOULEVARD,East 49 Street,Utica Avenue,WB,80,77.36,0.0
2024-05-25,14,Brooklyn,LINDEN BOULEVARD,East 49 Street,Utica Avenue,WB,88,77.36,0.0
2024-05-25,15,Brooklyn,LINDEN BOULEVARD,East 49 Street,Utica Avenue,WB,108,76.19,0.0
2024-05-25,15,Brooklyn,LINDEN BOULEVARD,East 49 Street,Utica Avenue,WB,96,76.19,0.0
2024-05-25,15,Brooklyn,LINDEN BOULEVARD,East 49 Street,Utica Avenue,WB,94,76.19,0.0
2024-05-25,15,Brooklyn,LINDEN BOULEVARD,East 49 Street,Utica Avenue,WB,113,76.19,0.0
2024-05-25,16,Brooklyn,LINDEN BOULEVARD,East 49 Street,Utica Avenue,WB,96,74.3,0.0
2024-05-25,16,Brooklyn,LINDEN BOULEVARD,East 49 Street,Utica Avenue,WB,101,74.3,0.0
2024-05-25,16,Brooklyn,LINDEN BOULEVARD,East 49 Street,Utica Avenue,WB,105,74.3,0.0
2024-05-25,16,Brooklyn,LINDEN BOULEVARD,East 49 Street,Utica Avenue,WB,92,74.3,0.0
2024-05-25,17,Brooklyn,LINDEN BOULEVARD,East 49 Street,Utica Avenue,WB,104,70.79,0.0
2024-05-25,17,Brooklyn,LINDEN BOULEVARD,East 49 Street,Utica Avenue,WB,96,70.79,0.0
2024-05-25,17,Brooklyn,LINDEN BOULEVARD,East 49 Street,Utica Avenue,WB,82,70.79,0.0
2024-05-25,17,Brooklyn,LINDEN BOULEVARD,East 49 Street,Utica Avenue,WB,92,70.79,0.0
2024-05-25,18,Brooklyn,LINDEN BOULEVARD,East 49 Street,Utica Avenue,WB,104,67.91,0.0
2024-05-25,18,Brooklyn,LINDEN BOULEVARD,East 49 Street,Utica Avenue,WB,89,67.91,0.0
2024-05-25,18,Brooklyn,LINDEN BOULEVARD,East 49 Street,Utica Avenue,WB,97,67.91,0.0
2024-05-25,18,Brooklyn,LINDEN BOULEVARD,East 49 Street,Utica Avenue,WB,91,67.91,0.0
2024-05-25,19,Brooklyn,LINDEN BOULEVARD,East 49 Street,Utica Avenue,WB,85,64.94,0.0
2024-05-25,19,Brooklyn,LINDEN BOULEVARD,East 49 Street,Utica Avenue,WB,70,64.94,0.0
2024-05-25,19,Brooklyn,LINDEN BOULEVARD,East 49 Street,Utica Avenue,WB,86,64.94,0.0
2024-05-25,19,Brooklyn,LINDEN BOULEVARD,East 49 Street,Utica Avenue,WB,88,64.94,0.0
2024-05-25,20,Brooklyn,LINDEN BOULEVARD,East 49 Street,Utica Avenue,WB,71,62.69,0.0
2024-05-25,20,Brooklyn,LINDEN BOULEVARD,East 49 Street,Utica Avenue,WB,74,62.69,0.0
2024-05-25,20,Brooklyn,LINDEN BOULEVARD,East 49 Street,Utica Avenue,WB,82,62.69,0.0
2024-05-25,20,Brooklyn,LINDEN BOULEVARD,East 49 Street,Utica Avenue,WB,63,62.69,0.0
2024-05-25,21,Brooklyn,LINDEN BOULEVARD,East 49 Street,Utica Avenue,WB,57,62.510002,0.0
2024-05-25,21,Brooklyn,LINDEN BOULEVARD,East 49 Street,Utica Avenue,WB,70,62.510002,0.0
2024-05-25,21,Brooklyn,LINDEN BOULEVARD,East 49 Street,Utica Avenue,WB,67,62.510002,0.0
2024-05-25,21,Brooklyn,LINDEN BOULEVARD,East 49 Street,Utica Avenue,WB,71,62.510002,0.0
2024-05-25,22,Brooklyn,LINDEN BOULEVARD,East 49 Street,Utica Avenue,WB,66,61.16,0.0
2024-05-25,22,Brooklyn,LINDEN BOULEVARD,East 49 Street,Utica Avenue,WB,58,61.16,0.0
2024-05-25,22,Brooklyn,LINDEN BOULEVARD,East 49 Street,Utica Avenue,WB,69,61.16,0.0
2024-05-25,22,Brooklyn,LINDEN BOULEVARD,East 49 Street,Utica Avenue,WB,57,61.16,0.0
2024-05-25,23,Brooklyn,LINDEN BOULEVARD,East 49 Street,Utica Avenue,WB,48,61.16,0.0
2024-05-25,23,Brooklyn,LINDEN BOULEVARD,East 49 Street,Utica Avenue,WB,51,61.16,0.0
2024-05-25,23,Brooklyn,LINDEN BOULEVARD,East 49 Street,Utica Avenue,WB,62,61.16,0.0
2024-05-25,23,Brooklyn,LINDEN BOULEVARD,East 49 Street,Utica Avenue,WB,54,61.16,0.0
2024-05-26,0,Brooklyn,LINDEN BOULEVARD,East 49 Street,Utica Avenue,WB,62,60.62,0.0
2024-05-26,0,Brooklyn,LINDEN BOULEVARD,East 49 Street,Utica Avenue,WB,60,60.62,0.0
2024-05-26,0,Brooklyn,LINDEN BOULEVARD,East 49 Street,Utica Avenue,WB,39,60.62,0.0
2024-05-26,0,Brooklyn,LINDEN BOULEVARD,East 49 Street,Utica Avenue,WB,34,60.62,0.0
2024-05-26,1,Brooklyn,LINDEN BOULEVARD,East 49 Street,Utica Avenue,WB,45,60.71,0.0
2024-05-26,1,Brooklyn,LINDEN BOULEVARD,East 49 Street,Utica Avenue,WB,24,60.71,0.0
2024-05-26,1,Brooklyn,LINDEN BOULEVARD,East 49 Street,Utica Avenue,WB,22,60.71,0.0
2024-05-26,1,Brooklyn,LINDEN BOULEVARD,East 49 Street,Utica Avenue,WB,36,60.71,0.0
2024-05-26,2,Brooklyn,LINDEN BOULEVARD,East 49 Street,Utica Avenue,WB,22,60.980003,0.003937008
2024-05-26,2,Brooklyn,LINDEN BOULEVARD,East 49 Street,Utica Avenue,WB,21,60.980003,0.003937008
2024-05-26,2,Brooklyn,LINDEN BOULEVARD,East 49 Street,Utica Avenue,WB,21,60.980003,0.003937008
2024-05-26,2,Brooklyn,LINDEN BOULEVARD,East 49 Street,Utica Avenue,WB,39,60.980003,0.003937008
2024-05-26,3,Brooklyn,LINDEN BOULEVARD,East 49 Street,Utica Avenue,WB,22,60.8,0.0
2024-05-26,3,Brooklyn,LINDEN BOULEVARD,East 49 Street,Utica Avenue,WB,9,60.8,0.0
2024-05-26,3,Brooklyn,LINDEN BOULEVARD,East 49 Street,Utica Avenue,WB,8,60.8,0.0
2024-05-26,3,Brooklyn,LINDEN BOULEVARD,East 49 Street,Utica Avenue,WB,20,60.8,0.0
2024-05-26,4,Brooklyn,LINDEN BOULEVARD,East 49 Street,Utica Avenue,WB,22,60.71,0.0
2024-05-26,4,Brooklyn,LINDEN BOULEVARD,East 49 Street,Utica Avenue,WB,23,60.71,0.0
2024-05-26,4,Brooklyn,LINDEN BOULEVARD,East 49 Street,Utica Avenue,WB,30,60.71,0.0
2024-05-26,4,Brooklyn,LINDEN BOULEVARD,East 49 Street,Utica Avenue,WB,12,60.71,0.0
2024-05-26,5,Brooklyn,LINDEN BOULEVARD,East 49 Street,Utica Avenue,WB,24,60.260002,0.0
2024-05-26,5,Brooklyn,LINDEN BOULEVARD,East 49 Street,Utica Avenue,WB,14,60.260002,0.0
2024-05-26,5,Brooklyn,LINDEN BOULEVARD,East 49 Street,Utica Avenue,WB,21,60.260002,0.0
2024-05-26,5,Brooklyn,LINDEN BOULEVARD,East 49 Street,Utica Avenue,WB,35,60.260002,0.0
2024-05-26,6,Brooklyn,LINDEN BOULEVARD,East 49 Street,Utica Avenue,WB,29,60.17,0.0
2024-05-26,6,Brooklyn,LINDEN BOULEVARD,East 49 Street,Utica Avenue,WB,26,60.17,0.0
2024-05-26,6,Brooklyn,LINDEN BOULEVARD,East 49 Street,Utica Avenue,WB,21,60.17,0.0
2024-05-26,6,Brooklyn,LINDEN BOULEVARD,East 49 Street,Utica Avenue,WB,29,60.17,0.0
2024-05-26,7,Brooklyn,LINDEN BOULEVARD,East 49 Street,Utica Avenue,WB,24,61.61,0.0
2024-05-26,7,Brooklyn,LINDEN BOULEVARD,East 49 Street,Utica Avenue,WB,28,61.61,0.0
2024-05-26,7,Brooklyn,LINDEN BOULEVARD,East 49 Street,Utica Avenue,WB,30,61.61,0.0
2024-05-26,7,Brooklyn,LINDEN BOULEVARD,East 49 Street,Utica Avenue,WB,53,61.61,0.0
2024-05-26,8,Brooklyn,LINDEN BOULEVARD,East 49 Street,Utica Avenue,WB,59,64.130005,0.0
2024-05-26,8,Brooklyn,LINDEN BOULEVARD,East 49 Street,Utica Avenue,WB,50,64.130005,0.0
2024-05-26,8,Brooklyn,LINDEN BOULEVARD,East 49 Street,Utica Avenue,WB,54,64.130005,0.0
2024-05-26,8,Brooklyn,LINDEN BOULEVARD,East 49 Street,Utica Avenue,WB,66,64.130005,0.0
2024-05-26,9,Brooklyn,LINDEN BOULEVARD,East 49 Street,Utica Avenue,WB,51,68.54,0.0
2024-05-26,9,Brooklyn,LINDEN BOULEVARD,East 49 Street,Utica Avenue,WB,58,68.54,0.0
2024-05-26,9,Brooklyn,LINDEN BOULEVARD,East 49 Street,Utica Avenue,WB,77,68.54,0.0
2024-05-26,9,Brooklyn,LINDEN BOULEVARD,East 49 Street,Utica Avenue,WB,50,68.54,0.0
2024-05-26,10,Brooklyn,LINDEN BOULEVARD,East 49 Street,Utica Avenue,WB,56,73.4,0.0
2024-05-26,10,Brooklyn,LINDEN BOULEVARD,East 49 Street,Utica Avenue,WB,84,73.4,0.0
2024-05-26,10,Brooklyn,LINDEN BOULEVARD,East 49 Street,Utica Avenue,WB,86,73.4,0.0
2024-05-26,10,Brooklyn,LINDEN BOULEVARD,East 49 Street,Utica Avenue,WB,78,73.4,0.0
2024-05-26,11,Brooklyn,LINDEN BOULEVARD,East 49 Street,Utica Avenue,WB,73,75.47,0.0
2024-05-26,11,Brooklyn,LINDEN BOULEVARD,East 49 Street,Utica Avenue,WB,88,75.47,0.0
2024-05-26,11,Brooklyn,LINDEN BOULEVARD,East 49 Street,Utica Avenue,WB,82,75.47,0.0
2024-05-26,11,Brooklyn,LINDEN BOULEVARD,East 49 Street,Utica Avenue,WB,79,75.47,0.0
2024-05-26,12,Brooklyn,LINDEN BOULEVARD,East 49 Street,Utica Avenue,WB,70,76.369995,0.0
2024-05-26,12,Brooklyn,LINDEN BOULEVARD,East 49 Street,Utica Avenue,WB,75,76.369995,0.0
2024-05-26,12,Brooklyn,LINDEN BOULEVARD,East 49 Street,Utica Avenue,WB,67,76.369995,0.0
2024-05-26,12,Brooklyn,LINDEN BOULEVARD,East 49 Street,Utica Avenue,WB,98,76.369995,0.0
2024-05-26,13,Brooklyn,LINDEN BOULEVARD,East 49 Street,Utica Avenue,WB,80,77.18,0.0
2024-05-26,13,Brooklyn,LINDEN BOULEVARD,East 49 Street,Utica Avenue,WB,103,77.18,0.0
2024-05-26,13,Brooklyn,LINDEN BOULEVARD,East 49 Street,Utica Avenue,WB,100,77.18,0.0
2024-05-26,13,Brooklyn,LINDEN BOULEVARD,East 49 Street,Utica Avenue,WB,98,77.18,0.0
2024-05-26,14,Brooklyn,LINDEN BOULEVARD,East 49 Street,Utica Avenue,WB,85,77.36,0.0
2024-05-26,14,Brooklyn,LINDEN BOULEVARD,East 49 Street,Utica Avenue,WB,81,77.36,0.0
2024-05-26,14,Brooklyn,LINDEN BOULEVARD,East 49 Street,Utica Avenue,WB,103,77.36,0.0
2021-03-02,2,Manhattan,2 AVENUE,East 90 Street,East 91 Street,SB,30,26.060001,0.0
2021-03-02,2,Manhattan,2 AVENUE,East 90 Street,East 91 Street,SB,38,26.060001,0.0
2021-03-02,2,Manhattan,2 AVENUE,East 90 Street,East 91 Street,SB,32,26.060001,0.0
2021-03-02,3,Manhattan,2 AVENUE,East 90 Street,East 91 Street,SB,32,23.54,0.0
2021-03-02,3,Manhattan,2 AVENUE,East 90 Street,East 91 Street,SB,40,23.54,0.0
2021-03-02,3,Manhattan,2 AVENUE,East 90 Street,East 91 Street,SB,33,23.54,0.0
2021-03-02,3,Manhattan,2 AVENUE,East 90 Street,East 91 Street,SB,37,23.54,0.0
2021-03-02,4,Manhattan,2 AVENUE,East 90 Street,East 91 Street,SB,31,21.83,0.0
2021-03-02,4,Manhattan,2 AVENUE,East 90 Street,East 91 Street,SB,47,21.83,0.0
2021-03-02,4,Manhattan,2 AVENUE,East 90 Street,East 91 Street,SB,41,21.83,0.0
2021-03-02,4,Manhattan,2 AVENUE,East 90 Street,East 91 Street,SB,41,21.83,0.0
2021-03-02,5,Manhattan,2 AVENUE,East 90 Street,East 91 Street,SB,53,20.66,0.0
2021-03-02,5,Manhattan,2 AVENUE,East 90 Street,East 91 Street,SB,85,20.66,0.0
2021-03-02,5,Manhattan,2 AVENUE,East 90 Street,East 91 Street,SB,88,20.66,0.0
2021-03-02,5,Manhattan,2 AVENUE,East 90 Street,East 91 Street,SB,117,20.66,0.0
2021-03-02,6,Manhattan,2 AVENUE,East 90 Street,East 91 Street,SB,142,20.39,0.0
2021-03-02,6,Manhattan,2 AVENUE,East 90 Street,East 91 Street,SB,148,20.39,0.0
2021-03-02,6,Manhattan,2 AVENUE,East 90 Street,East 91 Street,SB,151,20.39,0.0
2021-03-02,6,Manhattan,2 AVENUE,East 90 Street,East 91 Street,SB,139,20.39,0.0
2021-03-02,7,Manhattan,2 AVENUE,East 90 Street,East 91 Street,SB,152,19.67,0.0
2021-03-02,7,Manhattan,2 AVENUE,East 90 Street,East 91 Street,SB,152,19.67,0.0
2021-03-02,7,Manhattan,2 AVENUE,East 90 Street,East 91 Street,SB,150,19.67,0.0
2021-03-02,7,Manhattan,2 AVENUE,East 90 Street,East 91 Street,SB,158,19.67,0.0
2021-03-02,8,Manhattan,2 AVENUE,East 90 Street,East 91 Street,SB,179,22.19,0.0
2021-03-02,8,Manhattan,2 AVENUE,East 90 Street,East 91 Street,SB,174,22.19,0.0
2021-03-02,8,Manhattan,2 AVENUE,East 90 Street,East 91 Street,SB,193,22.19,0.0
2021-03-02,8,Manhattan,2 AVENUE,East 90 Street,East 91 Street,SB,216,22.19,0.0
2021-03-02,9,Manhattan,2 AVENUE,East 90 Street,East 91 Street,SB,203,23.18,0.0
2021-03-02,9,Manhattan,2 AVENUE,East 90 Street,East 91 Street,SB,198,23.18,0.0
2021-03-02,9,Manhattan,2 AVENUE,East 90 Street,East 91 Street,SB,217,23.18,0.0
2021-03-02,9,Manhattan,2 AVENUE,East 90 Street,East 91 Street,SB,204,23.18,0.0
2021-03-02,10,Manhattan,2 AVENUE,East 90 Street,East 91 Street,SB,175,23.45,0.0
2021-03-02,10,Manhattan,2 AVENUE,East 90 Street,East 91 Street,SB,164,23.45,0.0
2021-03-02,10,Manhattan,2 AVENUE,East 90 Street,East 91 Street,SB,200,23.45,0.0
2021-03-02,10,Manhattan,2 AVENUE,East 90 Street,East 91 Street,SB,160,23.45,0.0
2021-03-02,11,Manhattan,2 AVENUE,East 90 Street,East 91 Street,SB,132,24.71,0.0
2021-03-02,11,Manhattan,2 AVENUE,East 90 Street,East 91 Street,SB,163,24.71,0.0
2021-03-02,11,Manhattan,2 AVENUE,East 90 Street,East 91 Street,SB,162,24.71,0.0
2021-03-02,11,Manhattan,2 AVENUE,East 90 Street,East 91 Street,SB,172,24.71,0.0
2021-03-02,12,Manhattan,2 AVENUE,East 90 Street,East 91 Street,SB,158,26.24,0.0
2021-03-02,12,Manhattan,2 AVENUE,East 90 Street,East 91 Street,SB,185,26.24,0.0
2021-03-02,12,Manhattan,2 AVENUE,East 90 Street,East 91 Street,SB,181,26.24,0.0
2021-03-02,12,Manhattan,2 AVENUE,East 90 Street,East 91 Street,SB,151,26.24,0.0
2021-03-02,13,Manhattan,2 AVENUE,East 90 Street,East 91 Street,SB,172,27.86,0.0
2021-03-02,13,Manhattan,2 AVENUE,East 90 Street,East 91 Street,SB,181,27.86,0.0
2021-03-02,13,Manhattan,2 AVENUE,East 90 Street,East 91 Street,SB,167,27.86,0.0
2021-03-02,13,Manhattan,2 AVENUE,East 90 Street,East 91 Street,SB,154,27.86,0.0
2021-03-02,14,Manhattan,2 AVENUE,East 90 Street,East 91 Street,SB,180,29.3,0.0
2021-03-02,14,Manhattan,2 AVENUE,East 90 Street,East 91 Street,SB,183,29.3,0.0
2021-03-02,14,Manhattan,2 AVENUE,East 90 Street,East 91 Street,SB,191,29.3,0.0
2021-03-02,14,Manhattan,2 AVENUE,East 90 Street,East 91 Street,SB,112,29.3,0.0
2021-03-02,15,Manhattan,2 AVENUE,East 90 Street,East 91 Street,SB,133,30.65,0.0
2021-03-02,15,Manhattan,2 AVENUE,East 90 Street,East 91 Street,SB,189,30.65,0.0
2021-03-02,15,Manhattan,2 AVENUE,East 90 Street,East 91 Street,SB,225,30.65,0.0
2021-03-02,15,Manhattan,2 AVENUE,East 90 Street,East 91 Street,SB,211,30.65,0.0
2021-03-02,16,Manhattan,2 AVENUE,East 90 Street,East 91 Street,SB,202,31.55,0.0
2021-03-02,16,Manhattan,2 AVENUE,East 90 Street,East 91 Street,SB,222,31.55,0.0
2021-03-02,16,Manhattan,2 AVENUE,East 90 Street,East 91 Street,SB,235,31.55,0.0
2021-03-02,16,Manhattan,2 AVENUE,East 90 Street,East 91 Street,SB,217,31.55,0.0
2021-03-02,17,Manhattan,2 AVENUE,East 90 Street,East 91 Street,SB,207,31.82,0.0
2021-03-02,17,Manhattan,2 AVENUE,East 90 Street,East 91 Street,SB,199,31.82,0.0
2021-03-02,17,Manhattan,2 AVENUE,East 90 Street,East 91 Street,SB,190,31.82,0.0
2021-03-02,17,Manhattan,2 AVENUE,East 90 Street,East 91 Street,SB,174,31.82,0.0
2021-03-02,18,Manhattan,2 AVENUE,East 90 Street,East 91 Street,SB,186,31.28,0.0
2021-03-02,18,Manhattan,2 AVENUE,East 90 Street,East 91 Street,SB,194,31.28,0.0
2021-03-02,18,Manhattan,2 AVENUE,East 90 Street,East 91 Street,SB,162,31.28,0.0
2021-03-02,18,Manhattan,2 AVENUE,East 90 Street,East 91 Street,SB,144,31.28,0.0
2021-03-02,19,Manhattan,2 AVENUE,East 90 Street,East 91 Street,SB,161,29.21,0.0
2021-03-02,19,Manhattan,2 AVENUE,East 90 Street,East 91 Street,SB,152,29.21,0.0
2022-04-08,23,Brooklyn,FLATBUSH AVENUE,East 31 Street,Hillel Place,NB,121,47.57,0.0
2022-04-08,23,Brooklyn,FLATBUSH AVENUE,East 31 Street,Hillel Place,NB,129,47.57,0.0
2022-04-08,23,Brooklyn,FLATBUSH AVENUE,East 31 Street,Hillel Place,NB,116,47.57,0.0
2022-04-08,23,Brooklyn,FLATBUSH AVENUE,East 31 Street,Hillel Place,NB,121,47.57,0.0
2022-04-09,0,Brooklyn,FLATBUSH AVENUE,East 31 Street,Hillel Place,NB,125,46.04,0.0
2022-04-09,0,Brooklyn,FLATBUSH AVENUE,East 31 Street,Hillel Place,NB,120,46.04,0.0
2022-04-09,0,Brooklyn,FLATBUSH AVENUE,East 31 Street,Hillel Place,NB,106,46.04,0.0
2022-04-09,0,Brooklyn,FLATBUSH AVENUE,East 31 Street,Hillel Place,NB,88,46.04,0.0
2022-04-09,1,Brooklyn,FLATBUSH AVENUE,East 31 Street,Hillel Place,NB,92,46.85,0.0
2022-04-09,1,Brooklyn,FLATBUSH AVENUE,East 31 Street,Hillel Place,NB,77,46.85,0.0
2022-04-09,1,Brooklyn,FLATBUSH AVENUE,East 31 Street,Hillel Place,NB,67,46.85,0.0
2022-04-09,1,Brooklyn,FLATBUSH AVENUE,East 31 Street,Hillel Place,NB,61,46.85,0.0
2022-04-09,2,Brooklyn,FLATBUSH AVENUE,East 31 Street,Hillel Place,NB,65,46.309998,0.003937008
2022-04-09,2,Brooklyn,FLATBUSH AVENUE,East 31 Street,Hillel Place,NB,65,46.309998,0.003937008
2022-04-09,2,Brooklyn,FLATBUSH AVENUE,East 31 Street,Hillel Place,NB,62,46.309998,0.003937008
2022-04-09,2,Brooklyn,FLATBUSH AVENUE,East 31 Street,Hillel Place,NB,63,46.309998,0.003937008
2022-04-09,3,Brooklyn,FLATBUSH AVENUE,East 31 Street,Hillel Place,NB,29,46.04,0.003937008
2022-04-09,3,Brooklyn,FLATBUSH AVENUE,East 31 Street,Hillel Place,NB,63,46.04,0.003937008
2022-04-09,3,Brooklyn,FLATBUSH AVENUE,East 31 Street,Hillel Place,NB,49,46.04,0.003937008
2022-04-09,3,Brooklyn,FLATBUSH AVENUE,East 31 Street,Hillel Place,NB,40,46.04,0.003937008
2022-04-09,4,Brooklyn,FLATBUSH AVENUE,East 31 Street,Hillel Place,NB,47,44.6,0.0
2022-04-09,4,Brooklyn,FLATBUSH AVENUE,East 31 Street,Hillel Place,NB,63,44.6,0.0
2022-04-09,4,Brooklyn,FLATBUSH AVENUE,East 31 Street,Hillel Place,NB,48,44.6,0.0
2022-04-09,4,Brooklyn,FLATBUSH AVENUE,East 31 Street,Hillel Place,NB,54,44.6,0.0
2022-04-09,5,Brooklyn,FLATBUSH AVENUE,East 31 Street,Hillel Place,NB,73,43.52,0.0
2022-04-09,5,Brooklyn,FLATBUSH AVENUE,East 31 Street,Hillel Place,NB,103,43.52,0.0
2022-04-09,5,Brooklyn,FLATBUSH AVENUE,East 31 Street,Hillel Place,NB,99,43.52,0.0
2022-04-09,5,Brooklyn,FLATBUSH AVENUE,East 31 Street,Hillel Place,NB,79,43.52,0.0
2022-04-09,6,Brooklyn,FLATBUSH AVENUE,East 31 Street,Hillel Place,NB,144,42.440002,0.0
2022-04-09,6,Brooklyn,FLATBUSH AVENUE,East 31 Street,Hillel Place,NB,144,42.440002,0.0
2022-04-09,6,Brooklyn,FLATBUSH AVENUE,East 31 Street,Hillel Place,NB,153,42.440002,0.0
2022-04-09,6,Brooklyn,FLATBUSH AVENUE,East 31 Street,Hillel Place,NB,157,42.440002,0.0
2022-04-09,7,Brooklyn,FLATBUSH AVENUE,East 31 Street,Hillel Place,NB,106,42.35,0.0
2022-04-09,7,Brooklyn,FLATBUSH AVENUE,East 31 Street,Hillel Place,NB,127,42.35,0.0
2022-04-09,7,Brooklyn,FLATBUSH AVENUE,East 31 Street,Hillel Place,NB,169,42.35,0.0
2022-04-09,7,Brooklyn,FLATBUSH AVENUE,East 31 Street,Hillel Place,NB,195,42.35,0.0
2022-04-09,8,Brooklyn,FLATBUSH AVENUE,East 31 Street,Hillel Place,NB,149,48.559998,0.007874016
2022-04-09,8,Brooklyn,FLATBUSH AVENUE,East 31 Street,Hillel Place,NB,206,48.559998,0.007874016
2022-04-09,8,Brooklyn,FLATBUSH AVENUE,East 31 Street,Hillel Place,NB,225,48.559998,0.007874016
2022-04-09,8,Brooklyn,FLATBUSH AVENUE,East 31 Street,Hillel Place,NB,219,48.559998,0.007874016
2022-04-09,9,Brooklyn,FLATBUSH AVENUE,East 31 Street,Hillel Place,NB,185,50.18,0.027559055
2022-04-09,9,Brooklyn,FLATBUSH AVENUE,East 31 Street,Hillel Place,NB,166,50.18,0.027559055
2022-04-09,9,Brooklyn,FLATBUSH AVENUE,East 31 Street,Hillel Place,NB,224,50.18,0.027559055
2022-04-09,9,Brooklyn,FLATBUSH AVENUE,East 31 Street,Hillel Place,NB,199,50.18,0.027559055
2022-04-09,10,Brooklyn,FLATBUSH AVENUE,East 31 Street,Hillel Place,NB,213,51.26,0.003937008
2022-04-09,10,Brooklyn,FLATBUSH AVENUE,East 31 Street,Hillel Place,NB,167,51.26,0.003937008
2022-04-09,10,Brooklyn,FLATBUSH AVENUE,East 31 Street,Hillel Place,NB,195,51.26,0.003937008
2022-04-09,10,Brooklyn,FLATBUSH AVENUE,East 31 Street,Hillel Place,NB,180,51.26,0.003937008
2022-04-09,11,Brooklyn,FLATBUSH AVENUE,East 31 Street,Hillel Place,NB,180,49.46,0.1023622
2022-04-09,11,Brooklyn,FLATBUSH AVENUE,East 31 Street,Hillel Place,NB,191,49.46,0.1023622
2022-04-09,11,Brooklyn,FLATBUSH AVENUE,East 31 Street,Hillel Place,NB,184,49.46,0.1023622
2022-04-09,11,Brooklyn,FLATBUSH AVENUE,East 31 Street,Hillel Place,NB,195,49.46,0.1023622
2022-04-09,12,Brooklyn,FLATBUSH AVENUE,East 31 Street,Hillel Place,NB,205,51.26,0.007874016
2022-04-09,12,Brooklyn,FLATBUSH AVENUE,East 31 Street,Hillel Place,NB,190,51.26,0.007874016
2022-04-09,12,Brooklyn,FLATBUSH AVENUE,East 31 Street,Hillel Place,NB,202,51.26,0.007874016
2022-04-09,12,Brooklyn,FLATBUSH AVENUE,East 31 Street,Hillel Place,NB,201,51.26,0.007874016
2022-04-09,13,Brooklyn,FLATBUSH AVENUE,East 31 Street,Hillel Place,NB,175,53.059998,0.003937008
2022-04-09,13,Brooklyn,FLATBUSH AVENUE,East 31 Street,Hillel Place,NB,204,53.059998,0.003937008
2022-04-09,13,Brooklyn,FLATBUSH AVENUE,East 31 Street,Hillel Place,NB,209,53.059998,0.003937008
2022-04-09,13,Brooklyn,FLATBUSH AVENUE,East 31 Street,Hillel Place,NB,185,53.059998,0.003937008
2022-04-09,14,Brooklyn,FLATBUSH AVENUE,East 31 Street,Hillel Place,NB,163,55.13,0.0
2022-04-09,14,Brooklyn,FLATBUSH AVENUE,East 31 Street,Hillel Place,NB,208,55.13,0.0
2022-04-09,14,Brooklyn,FLATBUSH AVENUE,East 31 Street,Hillel Place,NB,230,55.13,0.0
2022-04-09,14,Brooklyn,FLATBUSH AVENUE,East 31 Street,Hillel Place,NB,167,55.13,0.0
2022-04-09,15,Brooklyn,FLATBUSH AVENUE,East 31 Street,Hillel Place,NB,218,56.57,0.0
2022-04-09,15,Brooklyn,FLATBUSH AVENUE,East 31 Street,Hillel Place,NB,164,56.57,0.0
2022-04-09,15,Brooklyn,FLATBUSH AVENUE,East 31 Street,Hillel Place,NB,209,56.57,0.0
2022-04-09,15,Brooklyn,FLATBUSH AVENUE,East 31 Street,Hillel Place,NB,176,56.57,0.0
2022-04-09,16,Brooklyn,FLATBUSH AVENUE,East 31 Street,Hillel Place,NB,197,57.2,0.0
2022-04-09,16,Brooklyn,FLATBUSH AVENUE,East 31 Street,Hillel Place,NB,189,57.2,0.0
2022-04-09,16,Brooklyn,FLATBUSH AVENUE,East 31 Street,Hillel Place,NB,230,57.2,0.0
2022-04-09,16,Brooklyn,FLATBUSH AVENUE,East 31 Street,Hillel Place,NB,173,57.2,0.0
2022-04-09,17,Brooklyn,FLATBUSH AVENUE,East 31 Street,Hillel Place,NB,205,56.57,0.003937008
2022-04-09,17,Brooklyn,FLATBUSH AVENUE,East 31 Street,Hillel Place,NB,189,56.57,0.003937008
2022-04-09,17,Brooklyn,FLATBUSH AVENUE,East 31 Street,Hillel Place,NB,184,56.57,0.003937008
2022-04-09,17,Brooklyn,FLATBUSH AVENUE,East 31 Street,Hillel Place,NB,195,56.57,0.003937008
2022-04-09,18,Brooklyn,FLATBUSH AVENUE,East 31 Street,Hillel Place,NB,189,55.13,0.003937008
2022-04-09,18,Brooklyn,FLATBUSH AVENUE,East 31 Street,Hillel Place,NB,165,55.13,0.003937008
2022-04-09,18,Brooklyn,FLATBUSH AVENUE,East 31 Street,Hillel Place,NB,184,55.13,0.003937008
2022-04-09,18,Brooklyn,FLATBUSH AVENUE,East 31 Street,Hillel Place,NB,194,55.13,0.003937008
2022-04-09,19,Brooklyn,FLATBUSH AVENUE,East 31 Street,Hillel Place,NB,185,50.9,0.0118110245
2022-04-09,19,Brooklyn,FLATBUSH AVENUE,East 31 Street,Hillel Place,NB,165,50.9,0.0118110245
2022-04-09,19,Brooklyn,FLATBUSH AVENUE,East 31 Street,Hillel Place,NB,193,50.9,0.0118110245
2022-04-09,19,Brooklyn,FLATBUSH AVENUE,East 31 Street,Hillel Place,NB,186,50.9,0.0118110245
2022-04-09,20,Brooklyn,FLATBUSH AVENUE,East 31 Street,Hillel Place,NB,201,46.76,0.0
2022-04-09,20,Brooklyn,FLATBUSH AVENUE,East 31 Street,Hillel Place,NB,182,46.76,0.0
2022-04-09,20,Brooklyn,FLATBUSH AVENUE,East 31 Street,Hillel Place,NB,198,46.76,0.0
2022-04-09,20,Brooklyn,FLATBUSH AVENUE,East 31 Street,Hillel Place,NB,181,46.76,0.0
2022-04-09,21,Brooklyn,FLATBUSH AVENUE,East 31 Street,Hillel Place,NB,159,45.59,0.0
2022-04-09,21,Brooklyn,FLATBUSH AVENUE,East 31 Street,Hillel Place,NB,197,45.59,0.0
2022-04-09,21,Brooklyn,FLATBUSH AVENUE,East 31 Street,Hillel Place,NB,188,45.59,0.0
2022-04-09,21,Brooklyn,FLATBUSH AVENUE,East 31 Street,Hillel Place,NB,184,45.59,0.0
2022-04-09,22,Brooklyn,FLATBUSH AVENUE,East 31 Street,Hillel Place,NB,175,45.77,0.0
2022-04-09,22,Brooklyn,FLATBUSH AVENUE,East 31 Street,Hillel Place,NB,168,45.77,0.0
2022-04-09,22,Brooklyn,FLATBUSH AVENUE,East 31 Street,Hillel Place,NB,158,45.77,0.0
2022-04-09,22,Brooklyn,FLATBUSH AVENUE,East 31 Street,Hillel Place,NB,147,45.77,0.0
2022-04-09,23,Brooklyn,FLATBUSH AVENUE,East 31 Street,Hillel Place,NB,133,44.42,0.0
2022-04-09,23,Brooklyn,FLATBUSH AVENUE,East 31 Street,Hillel Place,NB,132,44.42,0.0
2022-04-09,23,Brooklyn,FLATBUSH AVENUE,East 31 Street,Hillel Place,NB,131,44.42,0.0
2022-04-09,23,Brooklyn,FLATBUSH AVENUE,East 31 Street,Hillel Place,NB,116,44.42,0.0
2022-04-10,0,Brooklyn,FLATBUSH AVENUE,East 31 Street,Hillel Place,NB,126,44.059998,0.0
2022-04-10,0,Brooklyn,FLATBUSH AVENUE,East 31 Street,Hillel Place,NB,123,44.059998,0.0
2022-04-10,0,Brooklyn,FLATBUSH AVENUE,East 31 Street,Hillel Place,NB,118,44.059998,0.0
2022-04-10,0,Brooklyn,FLATBUSH AVENUE,East 31 Street,Hillel Place,NB,95,44.059998,0.0
2022-04-10,1,Brooklyn,FLATBUSH AVENUE,East 31 Street,Hillel Place,NB,103,44.78,0.0
2021-10-12,9,Queens,BAYSIDE AVENUE,152 Street,Murray Street,WB,7,62.87,0.0
2021-10-12,9,Queens,BAYSIDE AVENUE,152 Street,Murray Street,WB,33,62.87,0.0
2021-10-12,10,Queens,BAYSIDE AVENUE,152 Street,Murray Street,WB,29,65.39,0.0
2021-10-12,10,Queens,BAYSIDE AVENUE,152 Street,Murray Street,WB,40,65.39,0.0
2021-10-12,10,Queens,BAYSIDE AVENUE,152 Street,Murray Street,WB,28,65.39,0.0
2023-03-17,16,Bronx,EAST 180 STREET,Tiebout Avenue,Webster Avenue,EB,89,52.25,0.0
2023-03-17,17,Bronx,EAST 180 STREET,Tiebout Avenue,Webster Avenue,EB,93,56.3,0.0
2023-03-17,17,Bronx,EAST 180 STREET,Tiebout Avenue,Webster Avenue,EB,78,56.3,0.0
2023-03-17,17,Bronx,EAST 180 STREET,Tiebout Avenue,Webster Avenue,EB,69,56.3,0.0
2023-03-17,17,Bronx,EAST 180 STREET,Tiebout Avenue,Webster Avenue,EB,98,56.3,0.0
2023-03-17,18,Bronx,EAST 180 STREET,Tiebout Avenue,Webster Avenue,EB,83,55.49,0.0
2023-03-17,18,Bronx,EAST 180 STREET,Tiebout Avenue,Webster Avenue,EB,84,55.49,0.0
2023-03-17,18,Bronx,EAST 180 STREET,Tiebout Avenue,Webster Avenue,EB,83,55.49,0.0
2023-03-17,18,Bronx,EAST 180 STREET,Tiebout Avenue,Webster Avenue,EB,80,55.49,0.0
2023-03-17,19,Bronx,EAST 180 STREET,Tiebout Avenue,Webster Avenue,EB,68,52.34,0.0
2023-03-17,19,Bronx,EAST 180 STREET,Tiebout Avenue,Webster Avenue,EB,68,52.34,0.0
2023-03-17,19,Bronx,EAST 180 STREET,Tiebout Avenue,Webster Avenue,EB,70,52.34,0.0
2023-03-17,19,Bronx,EAST 180 STREET,Tiebout Avenue,Webster Avenue,EB,63,52.34,0.0
2023-03-17,20,Bronx,EAST 180 STREET,Tiebout Avenue,Webster Avenue,EB,49,50.72,0.0
2023-03-17,20,Bronx,EAST 180 STREET,Tiebout Avenue,Webster Avenue,EB,53,50.72,0.0
2023-03-17,20,Bronx,EAST 180 STREET,Tiebout Avenue,Webster Avenue,EB,55,50.72,0.0
2023-03-17,20,Bronx,EAST 180 STREET,Tiebout Avenue,Webster Avenue,EB,47,50.72,0.0
2023-03-17,21,Bronx,EAST 180 STREET,Tiebout Avenue,Webster Avenue,EB,53,51.8,0.0
2023-03-17,21,Bronx,EAST 180 STREET,Tiebout Avenue,Webster Avenue,EB,38,51.8,0.0
2023-03-17,21,Bronx,EAST 180 STREET,Tiebout Avenue,Webster Avenue,EB,33,51.8,0.0
2023-03-17,21,Bronx,EAST 180 STREET,Tiebout Avenue,Webster Avenue,EB,29,51.8,0.0
2023-03-17,22,Bronx,EAST 180 STREET,Tiebout Avenue,Webster Avenue,EB,29,51.08,0.0
2023-03-17,22,Bronx,EAST 180 STREET,Tiebout Avenue,Webster Avenue,EB,32,51.08,0.0
2023-03-17,22,Bronx,EAST 180 STREET,Tiebout Avenue,Webster Avenue,EB,34,51.08,0.0
2023-03-17,22,Bronx,EAST 180 STREET,Tiebout Avenue,Webster Avenue,EB,36,51.08,0.0
2023-03-17,23,Bronx,EAST 180 STREET,Tiebout Avenue,Webster Avenue,EB,23,50.0,0.0
2023-03-17,23,Bronx,EAST 180 STREET,Tiebout Avenue,Webster Avenue,EB,21,50.0,0.0
2023-03-17,23,Bronx,EAST 180 STREET,Tiebout Avenue,Webster Avenue,EB,17,50.0,0.0
2023-03-17,23,Bronx,EAST 180 STREET,Tiebout Avenue,Webster Avenue,EB,24,50.0,0.0
2023-03-18,0,Bronx,EAST 180 STREET,Tiebout Avenue,Webster Avenue,EB,28,49.37,0.0
2023-03-18,0,Bronx,EAST 180 STREET,Tiebout Avenue,Webster Avenue,EB,33,49.37,0.0
2023-03-18,0,Bronx,EAST 180 STREET,Tiebout Avenue,Webster Avenue,EB,40,49.37,0.0
2023-03-18,0,Bronx,EAST 180 STREET,Tiebout Avenue,Webster Avenue,EB,44,49.37,0.0
2023-03-18,1,Bronx,EAST 180 STREET,Tiebout Avenue,Webster Avenue,EB,46,49.190002,0.003937008
2023-03-18,1,Bronx,EAST 180 STREET,Tiebout Avenue,Webster Avenue,EB,46,49.190002,0.003937008
2023-03-18,1,Bronx,EAST 180 STREET,Tiebout Avenue,Webster Avenue,EB,42,49.190002,0.003937008
2023-03-18,1,Bronx,EAST 180 STREET,Tiebout Avenue,Webster Avenue,EB,34,49.190002,0.003937008
2023-03-18,2,Bronx,EAST 180 STREET,Tiebout Avenue,Webster Avenue,EB,37,50.09,0.01968504
2023-03-18,2,Bronx,EAST 180 STREET,Tiebout Avenue,Webster Avenue,EB,32,50.09,0.01968504
2023-03-18,2,Bronx,EAST 180 STREET,Tiebout Avenue,Webster Avenue,EB,18,50.09,0.01968504
2023-03-18,2,Bronx,EAST 180 STREET,Tiebout Avenue,Webster Avenue,EB,25,50.09,0.01968504
2023-03-18,3,Bronx,EAST 180 STREET,Tiebout Avenue,Webster Avenue,EB,21,48.83,0.0118110245
2023-03-18,3,Bronx,EAST 180 STREET,Tiebout Avenue,Webster Avenue,EB,28,48.83,0.0118110245
2023-03-18,3,Bronx,EAST 180 STREET,Tiebout Avenue,Webster Avenue,EB,21,48.83,0.0118110245
2023-03-18,3,Bronx,EAST 180 STREET,Tiebout Avenue,Webster Avenue,EB,23,48.83,0.0118110245
2023-03-18,4,Bronx,EAST 180 STREET,Tiebout Avenue,Webster Avenue,EB,12,44.510002,0.003937008
2023-03-18,4,Bronx,EAST 180 STREET,Tiebout Avenue,Webster Avenue,EB,21,44.510002,0.003937008
2023-03-18,4,Bronx,EAST 180 STREET,Tiebout Avenue,Webster Avenue,EB,11,44.510002,0.003937008
2023-03-18,4,Bronx,EAST 180 STREET,Tiebout Avenue,Webster Avenue,EB,23,44.510002,0.003937008
2023-03-18,5,Bronx,EAST 180 STREET,Tiebout Avenue,Webster Avenue,EB,25,42.89,0.0
2023-03-18,5,Bronx,EAST 180 STREET,Tiebout Avenue,Webster Avenue,EB,23,42.89,0.0
2023-03-18,5,Bronx,EAST 180 STREET,Tiebout Avenue,Webster Avenue,EB,19,42.89,0.0
2023-03-18,5,Bronx,EAST 180 STREET,Tiebout Avenue,Webster Avenue,EB,23,42.89,0.0
2023-03-18,6,Bronx,EAST 180 STREET,Tiebout Avenue,Webster Avenue,EB,15,41.36,0.0
2023-03-18,6,Bronx,EAST 180 STREET,Tiebout Avenue,Webster Avenue,EB,20,41.36,0.0
2023-03-18,6,Bronx,EAST 180 STREET,Tiebout Avenue,Webster Avenue,EB,28,41.36,0.0
2023-03-18,6,Bronx,EAST 180 STREET,Tiebout Avenue,Webster Avenue,EB,20,41.36,0.0
2023-03-18,7,Bronx,EAST 180 STREET,Tiebout Avenue,Webster Avenue,EB,25,39.829998,0.0
2023-03-18,7,Bronx,EAST 180 STREET,Tiebout Avenue,Webster Avenue,EB,13,39.829998,0.0
2023-03-18,7,Bronx,EAST 180 STREET,Tiebout Avenue,Webster Avenue,EB,16,39.829998,0.0
2023-03-18,7,Bronx,EAST 180 STREET,Tiebout Avenue,Webster Avenue,EB,34,39.829998,0.0
2023-03-18,8,Bronx,EAST 180 STREET,Tiebout Avenue,Webster Avenue,EB,28,41.27,0.0
2023-03-18,8,Bronx,EAST 180 STREET,Tiebout Avenue,Webster Avenue,EB,19,41.27,0.0
2023-03-18,8,Bronx,EAST 180 STREET,Tiebout Avenue,Webster Avenue,EB,25,41.27,0.0
2023-03-18,8,Bronx,EAST 180 STREET,Tiebout Avenue,Webster Avenue,EB,25,41.27,0.0
2023-03-18,9,Bronx,EAST 180 STREET,Tiebout Avenue,Webster Avenue,EB,28,42.8,0.0
2023-03-18,9,Bronx,EAST 180 STREET,Tiebout Avenue,Webster Avenue,EB,31,42.8,0.0
2023-03-18,9,Bronx,EAST 180 STREET,Tiebout Avenue,Webster Avenue,EB,32,42.8,0.0
2023-03-18,9,Bronx,EAST 180 STREET,Tiebout Avenue,Webster Avenue,EB,42,42.8,0.0
2023-03-18,10,Bronx,EAST 180 STREET,Tiebout Avenue,Webster Avenue,EB,30,43.879997,0.0
2023-03-18,10,Bronx,EAST 180 STREET,Tiebout Avenue,Webster Avenue,EB,45,43.879997,0.0
2023-03-18,10,Bronx,EAST 180 STREET,Tiebout Avenue,Webster Avenue,EB,44,43.879997,0.0
2023-03-18,10,Bronx,EAST 180 STREET,Tiebout Avenue,Webster Avenue,EB,52,43.879997,0.0
2023-03-18,11,Bronx,EAST 180 STREET,Tiebout Avenue,Webster Avenue,EB,45,46.13,0.0
2023-03-18,11,Bronx,EAST 180 STREET,Tiebout Avenue,Webster Avenue,EB,45,46.13,0.0
2023-03-18,11,Bronx,EAST 180 STREET,Tiebout Avenue,Webster Avenue,EB,46,46.13,0.0
2023-03-18,11,Bronx,EAST 180 STREET,Tiebout Avenue,Webster Avenue,EB,49,46.13,0.0
2023-03-18,12,Bronx,EAST 180 STREET,Tiebout Avenue,Webster Avenue,EB,56,47.57,0.0
2023-03-18,12,Bronx,EAST 180 STREET,Tiebout Avenue,Webster Avenue,EB,49,47.57,0.0
2023-03-18,12,Bronx,EAST 180 STREET,Tiebout Avenue,Webster Avenue,EB,49,47.57,0.0
2023-03-18,12,Bronx,EAST 180 STREET,Tiebout Avenue,Webster Avenue,EB,59,47.57,0.0
2023-03-18,13,Bronx,EAST 180 STREET,Tiebout Avenue,Webster Avenue,EB,59,48.83,0.0
2023-03-18,13,Bronx,EAST 180 STREET,Tiebout Avenue,Webster Avenue,EB,71,48.83,0.0
2023-03-18,13,Bronx,EAST 180 STREET,Tiebout Avenue,Webster Avenue,EB,71,48.83,0.0
2023-03-18,13,Bronx,EAST 180 STREET,Tiebout Avenue,Webster Avenue,EB,64,48.83,0.0
2023-03-18,14,Bronx,EAST 180 STREET,Tiebout Avenue,Webster Avenue,EB,65,49.91,0.0
2023-03-18,14,Bronx,EAST 180 STREET,Tiebout Avenue,Webster Avenue,EB,66,49.91,0.0
2023-03-18,14,Bronx,EAST 180 STREET,Tiebout Avenue,Webster Avenue,EB,67,49.91,0.0
2023-03-18,14,Bronx,EAST 180 STREET,Tiebout Avenue,Webster Avenue,EB,72,49.91,0.0
2023-03-18,15,Bronx,EAST 180 STREET,Tiebout Avenue,Webster Avenue,EB,68,50.99,0.0
2023-03-18,15,Bronx,EAST 180 STREET,Tiebout Avenue,Webster Avenue,EB,61,50.99,0.0
2023-03-18,15,Bronx,EAST 180 STREET,Tiebout Avenue,Webster Avenue,EB,74,50.99,0.0
2023-03-18,15,Bronx,EAST 180 STREET,Tiebout Avenue,Webster Avenue,EB,77,50.99,0.0
2023-03-18,16,Bronx,EAST 180 STREET,Tiebout Avenue,Webster Avenue,EB,73,51.71,0.0
2023-03-18,16,Bronx,EAST 180 STREET,Tiebout Avenue,Webster Avenue,EB,76,51.71,0.0
2023-03-18,16,Bronx,EAST 180 STREET,Tiebout Avenue,Webster Avenue,EB,58,51.71,0.0
2023-03-18,16,Bronx,EAST 180 STREET,Tiebout Avenue,Webster Avenue,EB,78,51.71,0.0
2023-03-18,17,Bronx,EAST 180 STREET,Tiebout Avenue,Webster Avenue,EB,67,50.99,0.0
2023-03-18,17,Bronx,EAST 180 STREET,Tiebout Avenue,Webster Avenue,EB,73,50.99,0.0
2023-03-18,17,Bronx,EAST 180 STREET,Tiebout Avenue,Webster Avenue,EB,76,50.99,0.0
2023-03-18,17,Bronx,EAST 180 STREET,Tiebout Avenue,Webster Avenue,EB,65,50.99,0.0
2023-03-18,18,Bronx,EAST 180 STREET,Tiebout Avenue,Webster Avenue,EB,75,49.190002,0.0
2023-03-18,18,Bronx,EAST 180 STREET,Tiebout Avenue,Webster Avenue,EB,73,49.190002,0.0
2023-03-18,18,Bronx,EAST 180 STREET,Tiebout Avenue,Webster Avenue,EB,64,49.190002,0.0
2023-03-18,18,Bronx,EAST 180 STREET,Tiebout Avenue,Webster Avenue,EB,85,49.190002,0.0
2023-04-18,0,Queens,BROOKLYN QUEENS EXPRESSWAY,Dead End,Dead end,WB,463,54.59,0.0
2023-04-18,0,Queens,BROOKLYN QUEENS EXPRESSWAY,Dead End,Dead end,WB,432,54.59,0.0
2023-04-18,0,Queens,BROOKLYN QUEENS EXPRESSWAY,Dead End,Dead end,WB,391,54.59,0.0
2023-04-18,0,Queens,BROOKLYN QUEENS EXPRESSWAY,Dead End,Dead end,WB,360,54.59,0.0
2023-04-18,1,Queens,BROOKLYN QUEENS EXPRESSWAY,Dead End,Dead end,WB,231,52.43,0.0
2023-04-18,1,Queens,BROOKLYN QUEENS EXPRESSWAY,Dead End,Dead end,WB,195,52.43,0.0
2023-04-18,1,Queens,BROOKLYN QUEENS EXPRESSWAY,Dead End,Dead end,WB,144,52.43,0.0
2023-04-18,1,Queens,BROOKLYN QUEENS EXPRESSWAY,Dead End,Dead end,WB,120,52.43,0.0
2023-04-18,2,Queens,BROOKLYN QUEENS EXPRESSWAY,Dead End,Dead end,WB,97,50.54,0.0
2023-04-18,2,Queens,BROOKLYN QUEENS EXPRESSWAY,Dead End,Dead end,WB,118,50.54,0.0
2023-04-18,2,Queens,BROOKLYN QUEENS EXPRESSWAY,Dead End,Dead end,WB,107,50.54,0.0
2023-04-18,2,Queens,BROOKLYN QUEENS EXPRESSWAY,Dead End,Dead end,WB,123,50.54,0.0
2023-04-18,3,Queens,BROOKLYN QUEENS EXPRESSWAY,Dead End,Dead end,WB,104,49.37,0.0
2023-04-18,3,Queens,BROOKLYN QUEENS EXPRESSWAY,Dead End,Dead end,WB,112,49.37,0.0
2023-04-18,3,Queens,BROOKLYN QUEENS EXPRESSWAY,Dead End,Dead end,WB,134,49.37,0.0
2023-04-18,3,Queens,BROOKLYN QUEENS EXPRESSWAY,Dead End,Dead end,WB,145,49.37,0.0
2023-04-18,4,Queens,BROOKLYN QUEENS EXPRESSWAY,Dead End,Dead end,WB,178,48.11,0.0
2023-04-18,4,Queens,BROOKLYN QUEENS EXPRESSWAY,Dead End,Dead end,WB,211,48.11,0.0
2023-04-18,4,Queens,BROOKLYN QUEENS EXPRESSWAY,Dead End,Dead end,WB,268,48.11,0.0
2023-04-18,4,Queens,BROOKLYN QUEENS EXPRESSWAY,Dead End,Dead end,WB,382,48.11,0.0
2021-06-19,0,Brooklyn,HAMILTON AVENUE BRIDGE,Gowanus Canal Shoreline,Gowanus Canal Shoreline,NB,131,69.44,0.0
2021-06-19,0,Brooklyn,HAMILTON AVENUE BRIDGE,Gowanus Canal Shoreline,Gowanus Canal Shoreline,NB,114,69.44,0.0
2021-06-19,0,Brooklyn,HAMILTON AVENUE BRIDGE,Gowanus Canal Shoreline,Gowanus Canal Shoreline,NB,98,69.44,0.0
2021-06-19,0,Brooklyn,HAMILTON AVENUE BRIDGE,Gowanus Canal Shoreline,Gowanus Canal Shoreline,NB,75,69.44,0.0
2021-06-19,1,Brooklyn,HAMILTON AVENUE BRIDGE,Gowanus Canal Shoreline,Gowanus Canal Shoreline,NB,44,69.44,0.0
2021-06-19,1,Brooklyn,HAMILTON AVENUE BRIDGE,Gowanus Canal Shoreline,Gowanus Canal Shoreline,NB,32,69.44,0.0
2021-06-19,1,Brooklyn,HAMILTON AVENUE BRIDGE,Gowanus Canal Shoreline,Gowanus Canal Shoreline,NB,35,69.44,0.0
2021-06-19,1,Brooklyn,HAMILTON AVENUE BRIDGE,Gowanus Canal Shoreline,Gowanus Canal Shoreline,NB,33,69.44,0.0
2021-06-19,2,Brooklyn,HAMILTON AVENUE BRIDGE,Gowanus Canal Shoreline,Gowanus Canal Shoreline,NB,40,69.619995,0.0
2021-06-19,2,Brooklyn,HAMILTON AVENUE BRIDGE,Gowanus Canal Shoreline,Gowanus Canal Shoreline,NB,38,69.619995,0.0
2021-06-19,2,Brooklyn,HAMILTON AVENUE BRIDGE,Gowanus Canal Shoreline,Gowanus Canal Shoreline,NB,36,69.619995,0.0
2021-06-19,2,Brooklyn,HAMILTON AVENUE BRIDGE,Gowanus Canal Shoreline,Gowanus Canal Shoreline,NB,41,69.619995,0.0
2021-06-19,3,Brooklyn,HAMILTON AVENUE BRIDGE,Gowanus Canal Shoreline,Gowanus Canal Shoreline,NB,31,69.08,0.0
2021-06-19,3,Brooklyn,HAMILTON AVENUE BRIDGE,Gowanus Canal Shoreline,Gowanus Canal Shoreline,NB,38,69.08,0.0
2021-06-19,3,Brooklyn,HAMILTON AVENUE BRIDGE,Gowanus Canal Shoreline,Gowanus Canal Shoreline,NB,36,69.08,0.0
2021-06-19,3,Brooklyn,HAMILTON AVENUE BRIDGE,Gowanus Canal Shoreline,Gowanus Canal Shoreline,NB,30,69.08,0.0
2021-06-19,4,Brooklyn,HAMILTON AVENUE BRIDGE,Gowanus Canal Shoreline,Gowanus Canal Shoreline,NB,29,68.09,0.04330709
2021-06-19,4,Brooklyn,HAMILTON AVENUE BRIDGE,Gowanus Canal Shoreline,Gowanus Canal Shoreline,NB,30,68.09,0.04330709
2021-06-19,4,Brooklyn,HAMILTON AVENUE BRIDGE,Gowanus Canal Shoreline,Gowanus Canal Shoreline,NB,29,68.09,0.04330709
2021-06-19,4,Brooklyn,HAMILTON AVENUE BRIDGE,Gowanus Canal Shoreline,Gowanus Canal Shoreline,NB,29,68.09,0.04330709
2021-06-19,5,Brooklyn,HAMILTON AVENUE BRIDGE,Gowanus Canal Shoreline,Gowanus Canal Shoreline,NB,31,67.73,0.0
2021-06-19,5,Brooklyn,HAMILTON AVENUE BRIDGE,Gowanus Canal Shoreline,Gowanus Canal Shoreline,NB,38,67.73,0.0
2021-06-19,5,Brooklyn,HAMILTON AVENUE BRIDGE,Gowanus Canal Shoreline,Gowanus Canal Shoreline,NB,50,67.73,0.0
2021-06-19,5,Brooklyn,HAMILTON AVENUE BRIDGE,Gowanus Canal Shoreline,Gowanus Canal Shoreline,NB,57,67.73,0.0
2021-06-19,6,Brooklyn,HAMILTON AVENUE BRIDGE,Gowanus Canal Shoreline,Gowanus Canal Shoreline,NB,55,67.55,0.0
2021-06-19,6,Brooklyn,HAMILTON AVENUE BRIDGE,Gowanus Canal Shoreline,Gowanus Canal Shoreline,NB,75,67.55,0.0
2021-06-19,6,Brooklyn,HAMILTON AVENUE BRIDGE,Gowanus Canal Shoreline,Gowanus Canal Shoreline,NB,86,67.55,0.0
2021-06-19,6,Brooklyn,HAMILTON AVENUE BRIDGE,Gowanus Canal Shoreline,Gowanus Canal Shoreline,NB,96,67.55,0.0
2021-06-19,7,Brooklyn,HAMILTON AVENUE BRIDGE,Gowanus Canal Shoreline,Gowanus Canal Shoreline,NB,125,69.26,0.0
2021-06-19,7,Brooklyn,HAMILTON AVENUE BRIDGE,Gowanus Canal Shoreline,Gowanus Canal Shoreline,NB,125,69.26,0.0
2021-06-19,7,Brooklyn,HAMILTON AVENUE BRIDGE,Gowanus Canal Shoreline,Gowanus Canal Shoreline,NB,121,69.26,0.0
2021-06-19,7,Brooklyn,HAMILTON AVENUE BRIDGE,Gowanus Canal Shoreline,Gowanus Canal Shoreline,NB,152,69.26,0.0
2021-06-19,8,Brooklyn,HAMILTON AVENUE BRIDGE,Gowanus Canal Shoreline,Gowanus Canal Shoreline,NB,171,71.6,0.0
2021-06-19,8,Brooklyn,HAMILTON AVENUE BRIDGE,Gowanus Canal Shoreline,Gowanus Canal Shoreline,NB,186,71.6,0.0
2021-06-19,8,Brooklyn,HAMILTON AVENUE BRIDGE,Gowanus Canal Shoreline,Gowanus Canal Shoreline,NB,158,71.6,0.0
2021-06-19,8,Brooklyn,HAMILTON AVENUE BRIDGE,Gowanus Canal Shoreline,Gowanus Canal Shoreline,NB,177,71.6,0.0
2021-06-19,9,Brooklyn,HAMILTON AVENUE BRIDGE,Gowanus Canal Shoreline,Gowanus Canal Shoreline,NB,217,75.02,0.0
2021-06-19,9,Brooklyn,HAMILTON AVENUE BRIDGE,Gowanus Canal Shoreline,Gowanus Canal Shoreline,NB,196,75.02,0.0
2021-06-19,9,Brooklyn,HAMILTON AVENUE BRIDGE,Gowanus Canal Shoreline,Gowanus Canal Shoreline,NB,188,75.02,0.0
2021-06-19,9,Brooklyn,HAMILTON AVENUE BRIDGE,Gowanus Canal Shoreline,Gowanus Canal Shoreline,NB,229,75.02,0.0
2021-06-19,10,Brooklyn,HAMILTON AVENUE BRIDGE,Gowanus Canal Shoreline,Gowanus Canal Shoreline,NB,288,78.53,0.0
2021-06-19,10,Brooklyn,HAMILTON AVENUE BRIDGE,Gowanus Canal Shoreline,Gowanus Canal Shoreline,NB,293,78.53,0.0
2021-06-19,10,Brooklyn,HAMILTON AVENUE BRIDGE,Gowanus Canal Shoreline,Gowanus Canal Shoreline,NB,292,78.53,0.0
2021-06-19,10,Brooklyn,HAMILTON AVENUE BRIDGE,Gowanus Canal Shoreline,Gowanus Canal Shoreline,NB,275,78.53,0.0
2021-06-19,11,Brooklyn,HAMILTON AVENUE BRIDGE,Gowanus Canal Shoreline,Gowanus Canal Shoreline,NB,397,82.22,0.0
2021-06-19,11,Brooklyn,HAMILTON AVENUE BRIDGE,Gowanus Canal Shoreline,Gowanus Canal Shoreline,NB,385,82.22,0.0
2021-06-19,11,Brooklyn,HAMILTON AVENUE BRIDGE,Gowanus Canal Shoreline,Gowanus Canal Shoreline,NB,465,82.22,0.0
2021-06-19,11,Brooklyn,HAMILTON AVENUE BRIDGE,Gowanus Canal Shoreline,Gowanus Canal Shoreline,NB,504,82.22,0.0
2021-06-19,12,Brooklyn,HAMILTON AVENUE BRIDGE,Gowanus Canal Shoreline,Gowanus Canal Shoreline,NB,490,85.82,0.0
2021-06-19,12,Brooklyn,HAMILTON AVENUE BRIDGE,Gowanus Canal Shoreline,Gowanus Canal Shoreline,NB,492,85.82,0.0
2021-06-19,12,Brooklyn,HAMILTON AVENUE BRIDGE,Gowanus Canal Shoreline,Gowanus Canal Shoreline,NB,548,85.82,0.0
2021-06-19,12,Brooklyn,HAMILTON AVENUE BRIDGE,Gowanus Canal Shoreline,Gowanus Canal Shoreline,NB,564,85.82,0.0
2021-06-19,13,Brooklyn,HAMILTON AVENUE BRIDGE,Gowanus Canal Shoreline,Gowanus Canal Shoreline,NB,590,87.35,0.0
2021-06-19,13,Brooklyn,HAMILTON AVENUE BRIDGE,Gowanus Canal Shoreline,Gowanus Canal Shoreline,NB,537,87.35,0.0
2021-06-19,13,Brooklyn,HAMILTON AVENUE BRIDGE,Gowanus Canal Shoreline,Gowanus Canal Shoreline,NB,513,87.35,0.0
2021-06-19,13,Brooklyn,HAMILTON AVENUE BRIDGE,Gowanus Canal Shoreline,Gowanus Canal Shoreline,NB,589,87.35,0.0
2021-06-19,14,Brooklyn,HAMILTON AVENUE BRIDGE,Gowanus Canal Shoreline,Gowanus Canal Shoreline,NB,509,89.6,0.0
2021-06-19,14,Brooklyn,HAMILTON AVENUE BRIDGE,Gowanus Canal Shoreline,Gowanus Canal Shoreline,NB,540,89.6,0.0
2021-06-19,14,Brooklyn,HAMILTON AVENUE BRIDGE,Gowanus Canal Shoreline,Gowanus Canal Shoreline,NB,445,89.6,0.0
2021-06-19,14,Brooklyn,HAMILTON AVENUE BRIDGE,Gowanus Canal Shoreline,Gowanus Canal Shoreline,NB,396,89.6,0.0
2021-06-19,15,Brooklyn,HAMILTON AVENUE BRIDGE,Gowanus Canal Shoreline,Gowanus Canal Shoreline,NB,473,90.5,0.0
2021-06-19,15,Brooklyn,HAMILTON AVENUE BRIDGE,Gowanus Canal Shoreline,Gowanus Canal Shoreline,NB,361,90.5,0.0
2021-06-19,15,Brooklyn,HAMILTON AVENUE BRIDGE,Gowanus Canal Shoreline,Gowanus Canal Shoreline,NB,361,90.5,0.0
2021-06-19,15,Brooklyn,HAMILTON AVENUE BRIDGE,Gowanus Canal Shoreline,Gowanus Canal Shoreline,NB,435,90.5,0.0
2021-06-19,16,Brooklyn,HAMILTON AVENUE BRIDGE,Gowanus Canal Shoreline,Gowanus Canal Shoreline,NB,345,86.53999,0.0
2021-06-19,16,Brooklyn,HAMILTON AVENUE BRIDGE,Gowanus Canal Shoreline,Gowanus Canal Shoreline,NB,364,86.53999,0.0
2021-06-19,16,Brooklyn,HAMILTON AVENUE BRIDGE,Gowanus Canal Shoreline,Gowanus Canal Shoreline,NB,296,86.53999,0.0
2021-06-19,16,Brooklyn,HAMILTON AVENUE BRIDGE,Gowanus Canal Shoreline,Gowanus Canal Shoreline,NB,339,86.53999,0.0
2021-06-19,17,Brooklyn,HAMILTON AVENUE BRIDGE,Gowanus Canal Shoreline,Gowanus Canal Shoreline,NB,407,81.23,0.0
2021-06-19,17,Brooklyn,HAMILTON AVENUE BRIDGE,Gowanus Canal Shoreline,Gowanus Canal Shoreline,NB,385,81.23,0.0
2021-06-19,17,Brooklyn,HAMILTON AVENUE BRIDGE,Gowanus Canal Shoreline,Gowanus Canal Shoreline,NB,271,81.23,0.0
2023-06-30,9,Queens,HOOK CREEK BRIDGE,Hook Creek Shoreline,Dead end,SB,458,75.02,0.0
2023-06-30,9,Queens,HOOK CREEK BRIDGE,Hook Creek Shoreline,Dead end,SB,521,75.02,0.0
2023-06-30,9,Queens,HOOK CREEK BRIDGE,Hook Creek Shoreline,Dead end,SB,529,75.02,0.0
2023-06-30,10,Queens,HOOK CREEK BRIDGE,Hook Creek Shoreline,Dead end,SB,513,78.53,0.0
2023-06-30,10,Queens,HOOK CREEK BRIDGE,Hook Creek Shoreline,Dead end,SB,510,78.53,0.0
2023-06-30,10,Queens,HOOK CREEK BRIDGE,Hook Creek Shoreline,Dead end,SB,444,78.53,0.0
2023-06-30,10,Queens,HOOK CREEK BRIDGE,Hook Creek Shoreline,Dead end,SB,502,78.53,0.0
2023-06-30,11,Queens,HOOK CREEK BRIDGE,Hook Creek Shoreline,Dead end,SB,557,80.69,0.0
2023-06-30,11,Queens,HOOK CREEK BRIDGE,Hook Creek Shoreline,Dead end,SB,461,80.69,0.0
2023-06-30,11,Queens,HOOK CREEK BRIDGE,Hook Creek Shoreline,Dead end,SB,447,80.69,0.0
2023-06-30,11,Queens,HOOK CREEK BRIDGE,Hook Creek Shoreline,Dead end,SB,430,80.69,0.0
2023-06-30,12,Queens,HOOK CREEK BRIDGE,Hook Creek Shoreline,Dead end,SB,472,82.04,0.0
2023-06-30,12,Queens,HOOK CREEK BRIDGE,Hook Creek Shoreline,Dead end,SB,481,82.04,0.0
2023-06-30,12,Queens,HOOK CREEK BRIDGE,Hook Creek Shoreline,Dead end,SB,505,82.04,0.0
2023-06-30,12,Queens,HOOK CREEK BRIDGE,Hook Creek Shoreline,Dead end,SB,519,82.04,0.0
2023-06-30,13,Queens,HOOK CREEK BRIDGE,Hook Creek Shoreline,Dead end,SB,453,83.75,0.0
2023-06-30,13,Queens,HOOK CREEK BRIDGE,Hook Creek Shoreline,Dead end,SB,457,83.75,0.0
2023-06-30,13,Queens,HOOK CREEK BRIDGE,Hook Creek Shoreline,Dead end,SB,530,83.75,0.0
2023-06-30,13,Queens,HOOK CREEK BRIDGE,Hook Creek Shoreline,Dead end,SB,396,83.75,0.0
2023-06-30,14,Queens,HOOK CREEK BRIDGE,Hook Creek Shoreline,Dead end,SB,422,83.84,0.0
2023-06-30,14,Queens,HOOK CREEK BRIDGE,Hook Creek Shoreline,Dead end,SB,598,83.84,0.0
2023-06-30,14,Queens,HOOK CREEK BRIDGE,Hook Creek Shoreline,Dead end,SB,541,83.84,0.0
2023-06-30,14,Queens,HOOK CREEK BRIDGE,Hook Creek Shoreline,Dead end,SB,516,83.84,0.0
2023-06-30,15,Queens,HOOK CREEK BRIDGE,Hook Creek Shoreline,Dead end,SB,412,82.67,0.0
2023-06-30,15,Queens,HOOK CREEK BRIDGE,Hook Creek Shoreline,Dead end,SB,550,82.67,0.0
2023-06-30,15,Queens,HOOK CREEK BRIDGE,Hook Creek Shoreline,Dead end,SB,545,82.67,0.0
2023-06-30,15,Queens,HOOK CREEK BRIDGE,Hook Creek Shoreline,Dead end,SB,508,82.67,0.0
2023-06-30,16,Queens,HOOK CREEK BRIDGE,Hook Creek Shoreline,Dead end,SB,518,80.42,0.0
2023-06-30,16,Queens,HOOK CREEK BRIDGE,Hook Creek Shoreline,Dead end,SB,488,80.42,0.0
2023-06-30,16,Queens,HOOK CREEK BRIDGE,Hook Creek Shoreline,Dead end,SB,495,80.42,0.0
2023-06-30,16,Queens,HOOK CREEK BRIDGE,Hook Creek Shoreline,Dead end,SB,506,80.42,0.0
2023-06-30,17,Queens,HOOK CREEK BRIDGE,Hook Creek Shoreline,Dead end,SB,497,78.08,0.0
2023-06-30,17,Queens,HOOK CREEK BRIDGE,Hook Creek Shoreline,Dead end,SB,535,78.08,0.0
2023-06-30,17,Queens,HOOK CREEK BRIDGE,Hook Creek Shoreline,Dead end,SB,483,78.08,0.0
2023-06-30,17,Queens,HOOK CREEK BRIDGE,Hook Creek Shoreline,Dead end,SB,545,78.08,0.0
2023-06-30,18,Queens,HOOK CREEK BRIDGE,Hook Creek Shoreline,Dead end,SB,499,75.56,0.0
2023-06-30,18,Queens,HOOK CREEK BRIDGE,Hook Creek Shoreline,Dead end,SB,682,75.56,0.0
2023-06-30,18,Queens,HOOK CREEK BRIDGE,Hook Creek Shoreline,Dead end,SB,478,75.56,0.0
2023-06-30,18,Queens,HOOK CREEK BRIDGE,Hook Creek Shoreline,Dead end,SB,604,75.56,0.0
2023-06-30,19,Queens,HOOK CREEK BRIDGE,Hook Creek Shoreline,Dead end,SB,499,74.66,0.0
2023-06-30,19,Queens,HOOK CREEK BRIDGE,Hook Creek Shoreline,Dead end,SB,520,74.66,0.0
2023-06-30,19,Queens,HOOK CREEK BRIDGE,Hook Creek Shoreline,Dead end,SB,375,74.66,0.0
2023-06-30,19,Queens,HOOK CREEK BRIDGE,Hook Creek Shoreline,Dead end,SB,420,74.66,0.0
2023-06-30,20,Queens,HOOK CREEK BRIDGE,Hook Creek Shoreline,Dead end,SB,510,72.41,0.0
2023-06-30,20,Queens,HOOK CREEK BRIDGE,Hook Creek Shoreline,Dead end,SB,441,72.41,0.0
2023-06-30,20,Queens,HOOK CREEK BRIDGE,Hook Creek Shoreline,Dead end,SB,315,72.41,0.0
2023-06-30,20,Queens,HOOK CREEK BRIDGE,Hook Creek Shoreline,Dead end,SB,321,72.41,0.0
2023-06-30,21,Queens,HOOK CREEK BRIDGE,Hook Creek Shoreline,Dead end,SB,325,70.25,0.0
2023-06-30,21,Queens,HOOK CREEK BRIDGE,Hook Creek Shoreline,Dead end,SB,360,70.25,0.0
2023-06-30,21,Queens,HOOK CREEK BRIDGE,Hook Creek Shoreline,Dead end,SB,302,70.25,0.0
2023-06-30,21,Queens,HOOK CREEK BRIDGE,Hook Creek Shoreline,Dead end,SB,310,70.25,0.0
2023-06-30,22,Queens,HOOK CREEK BRIDGE,Hook Creek Shoreline,Dead end,SB,293,69.53,0.0
2023-06-30,22,Queens,HOOK CREEK BRIDGE,Hook Creek Shoreline,Dead end,SB,310,69.53,0.0
2023-06-30,22,Queens,HOOK CREEK BRIDGE,Hook Creek Shoreline,Dead end,SB,308,69.53,0.0
2023-06-30,22,Queens,HOOK CREEK BRIDGE,Hook Creek Shoreline,Dead end,SB,347,69.53,0.0
2023-06-30,23,Queens,HOOK CREEK BRIDGE,Hook Creek Shoreline,Dead end,SB,196,68.630005,0.0
2023-06-30,23,Queens,HOOK CREEK BRIDGE,Hook Creek Shoreline,Dead end,SB,263,68.630005,0.0
2023-06-30,23,Queens,HOOK CREEK BRIDGE,Hook Creek Shoreline,Dead end,SB,245,68.630005,0.0
2023-06-30,23,Queens,HOOK CREEK BRIDGE,Hook Creek Shoreline,Dead end,SB,220,68.630005,0.0
2023-11-13,0,Queens,NORTH CONDUIT AVENUE,143 Road,222 Street,WB,61,33.17,0.0
2023-11-13,0,Queens,NORTH CONDUIT AVENUE,143 Road,222 Street,WB,52,33.17,0.0
2023-11-13,0,Queens,NORTH CONDUIT AVENUE,143 Road,222 Street,WB,38,33.17,0.0
2023-11-13,0,Queens,NORTH CONDUIT AVENUE,143 Road,222 Street,WB,49,33.17,0.0
2023-11-13,1,Queens,NORTH CONDUIT AVENUE,143 Road,222 Street,WB,42,32.63,0.0
2023-11-13,1,Queens,NORTH CONDUIT AVENUE,143 Road,222 Street,WB,28,32.63,0.0
2023-11-13,1,Queens,NORTH CONDUIT AVENUE,143 Road,222 Street,WB,28,32.63,0.0
2023-11-13,1,Queens,NORTH CONDUIT AVENUE,143 Road,222 Street,WB,32,32.63,0.0
2023-11-13,2,Queens,NORTH CONDUIT AVENUE,143 Road,222 Street,WB,28,32.0,0.0
2023-11-13,2,Queens,NORTH CONDUIT AVENUE,143 Road,222 Street,WB,20,32.0,0.0
2023-11-13,2,Queens,NORTH CONDUIT AVENUE,143 Road,222 Street,WB,26,32.0,0.0
2023-11-13,2,Queens,NORTH CONDUIT AVENUE,143 Road,222 Street,WB,28,32.0,0.0
2023-11-13,3,Queens,NORTH CONDUIT AVENUE,143 Road,222 Street,WB,24,31.19,0.0
2023-11-13,3,Queens,NORTH CONDUIT AVENUE,143 Road,222 Street,WB,30,31.19,0.0
2023-11-13,3,Queens,NORTH CONDUIT AVENUE,143 Road,222 Street,WB,32,31.19,0.0
2023-11-13,3,Queens,NORTH CONDUIT AVENUE,143 Road,222 Street,WB,41,31.19,0.0
2023-11-13,4,Queens,NORTH CONDUIT AVENUE,143 Road,222 Street,WB,46,30.380001,0.0
2023-11-13,4,Queens,NORTH CONDUIT AVENUE,143 Road,222 Street,WB,57,30.380001,0.0
2023-11-13,4,Queens,NORTH CONDUIT AVENUE,143 Road,222 Street,WB,66,30.380001,0.0
2023-11-13,4,Queens,NORTH CONDUIT AVENUE,143 Road,222 Street,WB,84,30.380001,0.0
2023-11-13,5,Queens,NORTH CONDUIT AVENUE,143 Road,222 Street,WB,98,29.84,0.0
2023-11-13,5,Queens,NORTH CONDUIT AVENUE,143 Road,222 Street,WB,211,29.84,0.0
2023-11-13,5,Queens,NORTH CONDUIT AVENUE,143 Road,222 Street,WB,357,29.84,0.0
2023-11-13,5,Queens,NORTH CONDUIT AVENUE,143 Road,222 Street,WB,672,29.84,0.0
2023-11-13,6,Queens,NORTH CONDUIT AVENUE,143 Road,222 Street,WB,693,29.39,0.0
2023-11-13,6,Queens,NORTH CONDUIT AVENUE,143 Road,222 Street,WB,795,29.39,0.0
2023-11-13,6,Queens,NORTH CONDUIT AVENUE,143 Road,222 Street,WB,724,29.39,0.0
2023-11-13,6,Queens,NORTH CONDUIT AVENUE,143 Road,222 Street,WB,743,29.39,0.0
2023-11-13,7,Queens,NORTH CONDUIT AVENUE,143 Road,222 Street,WB,692,28.94,0.0
2023-11-13,7,Queens,NORTH CONDUIT AVENUE,143 Road,222 Street,WB,494,28.94,0.0
2023-11-13,7,Queens,NORTH CONDUIT AVENUE,143 Road,222 Street,WB,456,28.94,0.0
2023-11-13,7,Queens,NORTH CONDUIT AVENUE,143 Road,222 Street,WB,431,28.94,0.0
2023-11-13,8,Queens,NORTH CONDUIT AVENUE,143 Road,222 Street,WB,413,28.94,0.0
2023-11-13,8,Queens,NORTH CONDUIT AVENUE,143 Road,222 Street,WB,446,28.94,0.0
2023-11-13,8,Queens,NORTH CONDUIT AVENUE,143 Road,222 Street,WB,554,28.94,0.0
2023-11-13,8,Queens,NORTH CONDUIT AVENUE,143 Road,222 Street,WB,436,28.94,0.0
2023-11-13,9,Queens,NORTH CONDUIT AVENUE,143 Road,222 Street,WB,370,33.35,0.0
2023-11-13,9,Queens,NORTH CONDUIT AVENUE,143 Road,222 Street,WB,308,33.35,0.0
2023-11-13,9,Queens,NORTH CONDUIT AVENUE,143 Road,222 Street,WB,307,33.35,0.0
2023-11-13,9,Queens,NORTH CONDUIT AVENUE,143 Road,222 Street,WB,260,33.35,0.0
2023-11-13,10,Queens,NORTH CONDUIT AVENUE,143 Road,222 Street,WB,240,37.4,0.0
2023-11-13,10,Queens,NORTH CONDUIT AVENUE,143 Road,222 Street,WB,279,37.4,0.0
2023-11-13,10,Queens,NORTH CONDUIT AVENUE,143 Road,222 Street,WB,200,37.4,0.0
2023-11-13,10,Queens,NORTH CONDUIT AVENUE,143 Road,222 Street,WB,204,37.4,0.0
2023-11-13,11,Queens,NORTH CONDUIT AVENUE,143 Road,222 Street,WB,206,40.55,0.0
2023-11-13,11,Queens,NORTH CONDUIT AVENUE,143 Road,222 Street,WB,229,40.55,0.0
2023-10-19,20,Bronx,3 AVENUE BRIDGE,Dead End,Dead end,WB,182,57.2,0.0
2023-10-19,21,Bronx,3 AVENUE BRIDGE,Dead End,Dead end,WB,186,57.29,0.0
2023-10-19,21,Bronx,3 AVENUE BRIDGE,Dead End,Dead end,WB,185,57.29,0.0
2023-10-19,21,Bronx,3 AVENUE BRIDGE,Dead End,Dead end,WB,188,57.29,0.0
2023-10-19,21,Bronx,3 AVENUE BRIDGE,Dead End,Dead end,WB,200,57.29,0.0
2023-10-19,22,Bronx,3 AVENUE BRIDGE,Dead End,Dead end,WB,184,57.65,0.0
2023-10-19,22,Bronx,3 AVENUE BRIDGE,Dead End,Dead end,WB,154,57.65,0.0
2023-10-19,22,Bronx,3 AVENUE BRIDGE,Dead End,Dead end,WB,164,57.65,0.0
2023-10-19,22,Bronx,3 AVENUE BRIDGE,Dead End,Dead end,WB,160,57.65,0.0
2023-10-19,23,Bronx,3 AVENUE BRIDGE,Dead End,Dead end,WB,165,58.46,0.0
2023-10-19,23,Bronx,3 AVENUE BRIDGE,Dead End,Dead end,WB,132,58.46,0.0
2023-10-19,23,Bronx,3 AVENUE BRIDGE,Dead End,Dead end,WB,108,58.46,0.0
2023-10-19,23,Bronx,3 AVENUE BRIDGE,Dead End,Dead end,WB,80,58.46,0.0
2023-10-20,0,Bronx,3 AVENUE BRIDGE,Dead End,Dead end,WB,54,58.1,0.0
2023-10-20,0,Bronx,3 AVENUE BRIDGE,Dead End,Dead end,WB,58,58.1,0.0
2023-10-20,0,Bronx,3 AVENUE BRIDGE,Dead End,Dead end,WB,76,58.1,0.0
2023-10-20,0,Bronx,3 AVENUE BRIDGE,Dead End,Dead end,WB,52,58.1,0.0
2023-10-20,1,Bronx,3 AVENUE BRIDGE,Dead End,Dead end,WB,55,57.11,0.0
2023-10-20,1,Bronx,3 AVENUE BRIDGE,Dead End,Dead end,WB,41,57.11,0.0
2023-10-20,1,Bronx,3 AVENUE BRIDGE,Dead End,Dead end,WB,47,57.11,0.0
2023-10-20,1,Bronx,3 AVENUE BRIDGE,Dead End,Dead end,WB,25,57.11,0.0
2023-10-20,2,Bronx,3 AVENUE BRIDGE,Dead End,Dead end,WB,34,56.84,0.0
2023-10-20,2,Bronx,3 AVENUE BRIDGE,Dead End,Dead end,WB,29,56.84,0.0
2023-10-20,2,Bronx,3 AVENUE BRIDGE,Dead End,Dead end,WB,31,56.84,0.0
2023-10-20,2,Bronx,3 AVENUE BRIDGE,Dead End,Dead end,WB,20,56.84,0.0
2023-10-20,3,Bronx,3 AVENUE BRIDGE,Dead End,Dead end,WB,18,57.92,0.0
2023-10-20,3,Bronx,3 AVENUE BRIDGE,Dead End,Dead end,WB,30,57.92,0.0
2023-10-20,3,Bronx,3 AVENUE BRIDGE,Dead End,Dead end,WB,27,57.92,0.0
2023-10-20,3,Bronx,3 AVENUE BRIDGE,Dead End,Dead end,WB,35,57.92,0.0
2023-10-20,4,Bronx,3 AVENUE BRIDGE,Dead End,Dead end,WB,36,59.45,0.007874016
2023-10-20,4,Bronx,3 AVENUE BRIDGE,Dead End,Dead end,WB,39,59.45,0.007874016
2023-10-20,4,Bronx,3 AVENUE BRIDGE,Dead End,Dead end,WB,41,59.45,0.007874016
2023-10-20,4,Bronx,3 AVENUE BRIDGE,Dead End,Dead end,WB,56,59.45,0.007874016
2023-10-20,5,Bronx,3 AVENUE BRIDGE,Dead End,Dead end,WB,59,59.54,0.0118110245
2023-10-20,5,Bronx,3 AVENUE BRIDGE,Dead End,Dead end,WB,75,59.54,0.0118110245
2023-10-20,5,Bronx,3 AVENUE BRIDGE,Dead End,Dead end,WB,81,59.54,0.0118110245
2023-10-20,5,Bronx,3 AVENUE BRIDGE,Dead End,Dead end,WB,109,59.54,0.0118110245
2023-10-20,6,Bronx,3 AVENUE BRIDGE,Dead End,Dead end,WB,104,59.269997,0.027559055
2023-10-20,6,Bronx,3 AVENUE BRIDGE,Dead End,Dead end,WB,135,59.269997,0.027559055
2023-10-20,6,Bronx,3 AVENUE BRIDGE,Dead End,Dead end,WB,168,59.269997,0.027559055
2023-10-20,6,Bronx,3 AVENUE BRIDGE,Dead End,Dead end,WB,169,59.269997,0.027559055
2023-10-20,7,Bronx,3 AVENUE BRIDGE,Dead End,Dead end,WB,179,59.0,0.04330709
2023-10-20,7,Bronx,3 AVENUE BRIDGE,Dead End,Dead end,WB,209,59.0,0.04330709
2023-10-20,7,Bronx,3 AVENUE BRIDGE,Dead End,Dead end,WB,181,59.0,0.04330709
2023-10-20,7,Bronx,3 AVENUE BRIDGE,Dead End,Dead end,WB,207,59.0,0.04330709
2023-10-20,8,Bronx,3 AVENUE BRIDGE,Dead End,Dead end,WB,186,61.16,0.023622049
2023-10-20,8,Bronx,3 AVENUE BRIDGE,Dead End,Dead end,WB,195,61.16,0.023622049
2023-10-20,8,Bronx,3 AVENUE BRIDGE,Dead End,Dead end,WB,171,61.16,0.023622049
2023-10-20,8,Bronx,3 AVENUE BRIDGE,Dead End,Dead end,WB,201,61.16,0.023622049
2023-10-20,9,Bronx,3 AVENUE BRIDGE,Dead End,Dead end,WB,196,60.8,0.24803151
2023-10-20,9,Bronx,3 AVENUE BRIDGE,Dead End,Dead end,WB,187,60.8,0.24803151
2023-10-20,9,Bronx,3 AVENUE BRIDGE,Dead End,Dead end,WB,188,60.8,0.24803151
2023-10-20,9,Bronx,3 AVENUE BRIDGE,Dead End,Dead end,WB,170,60.8,0.24803151
2023-10-20,10,Bronx,3 AVENUE BRIDGE,Dead End,Dead end,WB,204,62.33,0.027559055
2023-10-20,10,Bronx,3 AVENUE BRIDGE,Dead End,Dead end,WB,185,62.33,0.027559055
2023-10-20,10,Bronx,3 AVENUE BRIDGE,Dead End,Dead end,WB,179,62.33,0.027559055
2023-10-20,10,Bronx,3 AVENUE BRIDGE,Dead End,Dead end,WB,184,62.33,0.027559055
2023-10-20,11,Bronx,3 AVENUE BRIDGE,Dead End,Dead end,WB,202,62.69,0.1023622
2023-10-20,11,Bronx,3 AVENUE BRIDGE,Dead End,Dead end,WB,187,62.69,0.1023622
2023-10-20,11,Bronx,3 AVENUE BRIDGE,Dead End,Dead end,WB,212,62.69,0.1023622
2023-10-20,11,Bronx,3 AVENUE BRIDGE,Dead End,Dead end,WB,204,62.69,0.1023622
2023-10-20,12,Bronx,3 AVENUE BRIDGE,Dead End,Dead end,WB,192,62.15,0.05511811
2023-10-20,12,Bronx,3 AVENUE BRIDGE,Dead End,Dead end,WB,172,62.15,0.05511811
2023-10-20,12,Bronx,3 AVENUE BRIDGE,Dead End,Dead end,WB,181,62.15,0.05511811
2023-10-20,12,Bronx,3 AVENUE BRIDGE,Dead End,Dead end,WB,164,62.15,0.05511811
2023-10-20,13,Bronx,3 AVENUE BRIDGE,Dead End,Dead end,WB,201,61.88,0.16535433
2023-10-20,13,Bronx,3 AVENUE BRIDGE,Dead End,Dead end,WB,191,61.88,0.16535433
2023-10-20,13,Bronx,3 AVENUE BRIDGE,Dead End,Dead end,WB,209,61.88,0.16535433
2023-10-20,13,Bronx,3 AVENUE BRIDGE,Dead End,Dead end,WB,192,61.88,0.16535433
2023-10-20,14,Bronx,3 AVENUE BRIDGE,Dead End,Dead end,WB,224,62.96,0.05905512
2023-10-20,14,Bronx,3 AVENUE BRIDGE,Dead End,Dead end,WB,207,62.96,0.05905512
2023-10-20,14,Bronx,3 AVENUE BRIDGE,Dead End,Dead end,WB,205,62.96,0.05905512
2023-10-20,14,Bronx,3 AVENUE BRIDGE,Dead End,Dead end,WB,232,62.96,0.05905512
2023-10-20,15,Bronx,3 AVENUE BRIDGE,Dead End,Dead end,WB,220,62.69,0.0118110245
2023-10-20,15,Bronx,3 AVENUE BRIDGE,Dead End,Dead end,WB,223,62.69,0.0118110245
2023-10-20,15,Bronx,3 AVENUE BRIDGE,Dead End,Dead end,WB,199,62.69,0.0118110245
2023-10-20,15,Bronx,3 AVENUE BRIDGE,Dead End,Dead end,WB,201,62.69,0.0118110245
2023-10-20,16,Bronx,3 AVENUE BRIDGE,Dead End,Dead end,WB,180,62.42,0.0118110245
2023-10-20,16,Bronx,3 AVENUE BRIDGE,Dead End,Dead end,WB,195,62.42,0.0118110245
2023-10-20,16,Bronx,3 AVENUE BRIDGE,Dead End,Dead end,WB,216,62.42,0.0118110245
2023-10-20,16,Bronx,3 AVENUE BRIDGE,Dead End,Dead end,WB,191,62.42,0.0118110245
2023-10-20,17,Bronx,3 AVENUE BRIDGE,Dead End,Dead end,WB,182,61.79,0.01968504
2023-10-20,17,Bronx,3 AVENUE BRIDGE,Dead End,Dead end,WB,208,61.79,0.01968504
2023-10-20,17,Bronx,3 AVENUE BRIDGE,Dead End,Dead end,WB,208,61.79,0.01968504
2023-10-20,17,Bronx,3 AVENUE BRIDGE,Dead End,Dead end,WB,186,61.79,0.01968504
2023-10-20,18,Bronx,3 AVENUE BRIDGE,Dead End,Dead end,WB,207,61.519997,0.0
2023-10-20,18,Bronx,3 AVENUE BRIDGE,Dead End,Dead end,WB,184,61.519997,0.0
2023-10-20,18,Bronx,3 AVENUE BRIDGE,Dead End,Dead end,WB,174,61.519997,0.0
2023-10-20,18,Bronx,3 AVENUE BRIDGE,Dead End,Dead end,WB,166,61.519997,0.0
2023-10-20,19,Bronx,3 AVENUE BRIDGE,Dead End,Dead end,WB,150,59.45,0.03543307
2023-10-20,19,Bronx,3 AVENUE BRIDGE,Dead End,Dead end,WB,168,59.45,0.03543307
2023-10-20,19,Bronx,3 AVENUE BRIDGE,Dead End,Dead end,WB,163,59.45,0.03543307
2023-10-20,19,Bronx,3 AVENUE BRIDGE,Dead End,Dead end,WB,169,59.45,0.03543307
2023-10-20,20,Bronx,3 AVENUE BRIDGE,Dead End,Dead end,WB,158,59.9,0.05905512
2023-10-20,20,Bronx,3 AVENUE BRIDGE,Dead End,Dead end,WB,142,59.9,0.05905512
2023-10-23,12,Bronx,3 AVENUE BRIDGE,Dead End,Dead end,WB,184,56.39,0.0
2023-10-23,12,Bronx,3 AVENUE BRIDGE,Dead End,Dead end,WB,158,56.39,0.0
2023-10-23,13,Bronx,3 AVENUE BRIDGE,Dead End,Dead end,WB,190,58.1,0.0
2023-10-23,13,Bronx,3 AVENUE BRIDGE,Dead End,Dead end,WB,185,58.1,0.0
2023-10-23,13,Bronx,3 AVENUE BRIDGE,Dead End,Dead end,WB,196,58.1,0.0
2023-10-23,13,Bronx,3 AVENUE BRIDGE,Dead End,Dead end,WB,214,58.1,0.0
2023-10-23,14,Bronx,3 AVENUE BRIDGE,Dead End,Dead end,WB,259,59.36,0.0
2023-10-23,14,Bronx,3 AVENUE BRIDGE,Dead End,Dead end,WB,189,59.36,0.0
2023-10-23,14,Bronx,3 AVENUE BRIDGE,Dead End,Dead end,WB,227,59.36,0.0
2023-10-23,14,Bronx,3 AVENUE BRIDGE,Dead End,Dead end,WB,190,59.36,0.0
